sample_id,duration_sec,slot_index,t_start_sec,t_end_sec,t_center_sec,text_units,audio_units,vision_units,text_valid,audio_valid,vision_valid
-3g5yACwYnA_13,5.514,0,0.0,0.1103,0.0551,0,3,2,0,1,1
-3g5yACwYnA_13,5.514,1,0.1103,0.2206,0.1654,1,2,2,1,1,1
-3g5yACwYnA_13,5.514,2,0.2206,0.3308,0.2757,0,2,1,0,1,1
-3g5yACwYnA_13,5.514,3,0.3308,0.4411,0.386,0,2,2,0,1,1
-3g5yACwYnA_13,5.514,4,0.4411,0.5514,0.4963,1,3,2,1,1,1
-3g5yACwYnA_13,5.514,5,0.5514,0.6617,0.6065,0,2,1,0,1,1
-3g5yACwYnA_13,5.514,6,0.6617,0.772,0.7168,0,2,2,0,1,1
-3g5yACwYnA_13,5.514,7,0.772,0.8822,0.8271,1,2,2,1,1,1
-3g5yACwYnA_13,5.514,8,0.8822,0.9925,0.9374,0,2,1,0,1,1
-3g5yACwYnA_13,5.514,9,0.9925,1.1028,1.0477,0,3,2,0,1,1
-3g5yACwYnA_13,5.514,10,1.1028,1.2131,1.1579,1,2,2,1,1,1
-3g5yACwYnA_13,5.514,11,1.2131,1.3234,1.2682,0,2,1,0,1,1
-3g5yACwYnA_13,5.514,12,1.3234,1.4336,1.3785,0,2,2,0,1,1
-3g5yACwYnA_13,5.514,13,1.4336,1.5439,1.4888,1,2,2,1,1,1
-3g5yACwYnA_13,5.514,14,1.5439,1.6542,1.5991,0,3,1,0,1,1
-3g5yACwYnA_13,5.514,15,1.6542,1.7645,1.7093,0,2,2,0,1,1
-3g5yACwYnA_13,5.514,16,1.7645,1.8748,1.8196,1,2,2,1,1,1
-3g5yACwYnA_13,5.514,17,1.8748,1.985,1.9299,0,2,1,0,1,1
-3g5yACwYnA_13,5.514,18,1.985,2.0953,2.0402,0,2,2,0,1,1
-3g5yACwYnA_13,5.514,19,2.0953,2.2056,2.1505,1,3,2,1,1,1
-3g5yACwYnA_13,5.514,20,2.2056,2.3159,2.2607,0,2,1,0,1,1
-3g5yACwYnA_13,5.514,21,2.3159,2.4262,2.371,0,2,2,0,1,1
-3g5yACwYnA_13,5.514,22,2.4262,2.5364,2.4813,1,2,2,1,1,1
-3g5yACwYnA_13,5.514,23,2.5364,2.6467,2.5916,0,2,1,0,1,1
-3g5yACwYnA_13,5.514,24,2.6467,2.757,2.7019,1,3,2,1,1,1
-3g5yACwYnA_13,5.514,25,2.757,2.8673,2.8121,0,2,2,0,1,1
-3g5yACwYnA_13,5.514,26,2.8673,2.9776,2.9224,0,2,1,0,1,1
-3g5yACwYnA_13,5.514,27,2.9776,3.0878,3.0327,1,2,2,1,1,1
-3g5yACwYnA_13,5.514,28,3.0878,3.1981,3.143,0,2,1,0,1,1
-3g5yACwYnA_13,5.514,29,3.1981,3.3084,3.2533,0,3,2,0,1,1
-3g5yACwYnA_13,5.514,30,3.3084,3.4187,3.3635,1,2,2,1,1,1
-3g5yACwYnA_13,5.514,31,3.4187,3.529,3.4738,0,2,1,0,1,1
-3g5yACwYnA_13,5.514,32,3.529,3.6392,3.5841,0,2,2,0,1,1
-3g5yACwYnA_13,5.514,33,3.6392,3.7495,3.6944,1,2,2,1,1,1
-3g5yACwYnA_13,5.514,34,3.7495,3.8598,3.8047,0,3,1,0,1,1
-3g5yACwYnA_13,5.514,35,3.8598,3.9701,3.9149,0,2,2,0,1,1
-3g5yACwYnA_13,5.514,36,3.9701,4.0804,4.0252,1,2,2,1,1,1
-3g5yACwYnA_13,5.514,37,4.0804,4.1906,4.1355,0,2,1,0,1,1
-3g5yACwYnA_13,5.514,38,4.1906,4.3009,4.2458,0,3,2,0,1,1
-3g5yACwYnA_13,5.514,39,4.3009,4.4112,4.3561,1,2,2,1,1,1
-3g5yACwYnA_13,5.514,40,4.4112,4.5215,4.4663,0,2,1,0,1,1
-3g5yACwYnA_13,5.514,41,4.5215,4.6318,4.5766,0,2,2,0,1,1
-3g5yACwYnA_13,5.514,42,4.6318,4.742,4.6869,1,2,2,1,1,1
-3g5yACwYnA_13,5.514,43,4.742,4.8523,4.7972,0,3,1,0,1,1
-3g5yACwYnA_13,5.514,44,4.8523,4.9626,4.9075,0,2,2,0,1,1
-3g5yACwYnA_13,5.514,45,4.9626,5.0729,5.0177,1,2,2,1,1,1
-3g5yACwYnA_13,5.514,46,5.0729,5.1832,5.128,0,2,1,0,1,1
-3g5yACwYnA_13,5.514,47,5.1832,5.2934,5.2383,0,2,2,0,1,1
-3g5yACwYnA_13,5.514,48,5.2934,5.4037,5.3486,1,2,2,1,1,1
-3g5yACwYnA_13,5.514,49,5.4037,5.514,5.4589,0,0,1,0,0,1
-3g5yACwYnA_3,14.389,0,0.0,0.2878,0.1439,1,6,5,1,1,1
-3g5yACwYnA_3,14.389,1,0.2878,0.5756,0.4317,0,6,4,0,1,1
-3g5yACwYnA_3,14.389,2,0.5756,0.8633,0.7194,1,6,4,1,1,1
-3g5yACwYnA_3,14.389,3,0.8633,1.1511,1.0072,1,6,5,1,1,1
-3g5yACwYnA_3,14.389,4,1.1511,1.4389,1.295,0,5,4,0,1,1
-3g5yACwYnA_3,14.389,5,1.4389,1.7267,1.5828,1,6,4,1,1,1
-3g5yACwYnA_3,14.389,6,1.7267,2.0145,1.8706,1,6,5,1,1,1
-3g5yACwYnA_3,14.389,7,2.0145,2.3022,2.1583,0,6,4,0,1,1
-3g5yACwYnA_3,14.389,8,2.3022,2.59,2.4461,1,5,4,1,1,1
-3g5yACwYnA_3,14.389,9,2.59,2.8778,2.7339,1,6,5,1,1,1
-3g5yACwYnA_3,14.389,10,2.8778,3.1656,3.0217,0,6,4,0,1,1
-3g5yACwYnA_3,14.389,11,3.1656,3.4534,3.3095,1,6,4,1,1,1
-3g5yACwYnA_3,14.389,12,3.4534,3.7411,3.5972,1,5,5,1,1,1
-3g5yACwYnA_3,14.389,13,3.7411,4.0289,3.885,1,6,4,1,1,1
-3g5yACwYnA_3,14.389,14,4.0289,4.3167,4.1728,0,6,4,0,1,1
-3g5yACwYnA_3,14.389,15,4.3167,4.6045,4.4606,1,6,5,1,1,1
-3g5yACwYnA_3,14.389,16,4.6045,4.8923,4.7484,1,5,4,1,1,1
-3g5yACwYnA_3,14.389,17,4.8923,5.18,5.0361,0,6,4,0,1,1
-3g5yACwYnA_3,14.389,18,5.18,5.4678,5.3239,1,6,5,1,1,1
-3g5yACwYnA_3,14.389,19,5.4678,5.7556,5.6117,1,6,4,1,1,1
-3g5yACwYnA_3,14.389,20,5.7556,6.0434,5.8995,0,5,4,0,1,1
-3g5yACwYnA_3,14.389,21,6.0434,6.3312,6.1873,1,6,4,1,1,1
-3g5yACwYnA_3,14.389,22,6.3312,6.6189,6.475,1,6,5,1,1,1
-3g5yACwYnA_3,14.389,23,6.6189,6.9067,6.7628,0,6,4,0,1,1
-3g5yACwYnA_3,14.389,24,6.9067,7.1945,7.0506,1,5,4,1,1,1
-3g5yACwYnA_3,14.389,25,7.1945,7.4823,7.3384,1,6,5,1,1,1
-3g5yACwYnA_3,14.389,26,7.4823,7.7701,7.6262,0,6,4,0,1,1
-3g5yACwYnA_3,14.389,27,7.7701,8.0578,7.9139,1,6,4,1,1,1
-3g5yACwYnA_3,14.389,28,8.0578,8.3456,8.2017,1,5,5,1,1,1
-3g5yACwYnA_3,14.389,29,8.3456,8.6334,8.4895,0,6,4,0,1,1
-3g5yACwYnA_3,14.389,30,8.6334,8.9212,8.7773,1,6,4,1,1,1
-3g5yACwYnA_3,14.389,31,8.9212,9.209,9.0651,1,6,5,1,1,1
-3g5yACwYnA_3,14.389,32,9.209,9.4967,9.3529,0,5,4,0,1,1
-3g5yACwYnA_3,14.389,33,9.4967,9.7845,9.6406,1,6,4,1,1,1
-3g5yACwYnA_3,14.389,34,9.7845,10.0723,9.9284,1,6,5,1,1,1
-3g5yACwYnA_3,14.389,35,10.0723,10.3601,10.2162,0,6,4,0,1,1
-3g5yACwYnA_3,14.389,36,10.3601,10.6479,10.504,1,5,4,1,1,1
-3g5yACwYnA_3,14.389,37,10.6479,10.9356,10.7918,1,6,5,1,1,1
-3g5yACwYnA_3,14.389,38,10.9356,11.2234,11.0795,1,6,4,1,1,1
-3g5yACwYnA_3,14.389,39,11.2234,11.5112,11.3673,0,6,4,0,1,1
-3g5yACwYnA_3,14.389,40,11.5112,11.799,11.6551,1,5,4,1,1,1
-3g5yACwYnA_3,14.389,41,11.799,12.0868,11.9429,1,6,5,1,1,1
-3g5yACwYnA_3,14.389,42,12.0868,12.3745,12.2307,0,6,4,0,1,1
-3g5yACwYnA_3,14.389,43,12.3745,12.6623,12.5184,1,6,4,1,1,1
-3g5yACwYnA_3,14.389,44,12.6623,12.9501,12.8062,1,6,5,1,1,1
-3g5yACwYnA_3,14.389,45,12.9501,13.2379,13.094,0,5,4,0,1,1
-3g5yACwYnA_3,14.389,46,13.2379,13.5257,13.3818,1,6,4,1,1,1
-3g5yACwYnA_3,14.389,47,13.5257,13.8134,13.6695,1,6,5,1,1,1
-3g5yACwYnA_3,14.389,48,13.8134,14.1012,13.9573,0,6,4,0,1,1
-3g5yACwYnA_3,14.389,49,14.1012,14.389,14.2451,1,4,4,1,1,1
-3g5yACwYnA_2,9.394,0,0.0,0.1879,0.0939,0,4,3,0,1,1
-3g5yACwYnA_2,9.394,1,0.1879,0.3758,0.2818,1,4,3,1,1,1
-3g5yACwYnA_2,9.394,2,0.3758,0.5636,0.4697,0,4,3,0,1,1
-3g5yACwYnA_2,9.394,3,0.5636,0.7515,0.6576,0,4,3,0,1,1
-3g5yACwYnA_2,9.394,4,0.7515,0.9394,0.8455,1,3,3,1,1,1
-3g5yACwYnA_2,9.394,5,0.9394,1.1273,1.0333,0,4,2,0,1,1
-3g5yACwYnA_2,9.394,6,1.1273,1.3152,1.2212,0,4,3,0,1,1
-3g5yACwYnA_2,9.394,7,1.3152,1.503,1.4091,1,4,3,1,1,1
-3g5yACwYnA_2,9.394,8,1.503,1.6909,1.597,0,3,3,0,1,1
-3g5yACwYnA_2,9.394,9,1.6909,1.8788,1.7849,0,4,3,0,1,1
-3g5yACwYnA_2,9.394,10,1.8788,2.0667,1.9727,1,4,3,1,1,1
-3g5yACwYnA_2,9.394,11,2.0667,2.2546,2.1606,0,4,2,0,1,1
-3g5yACwYnA_2,9.394,12,2.2546,2.4424,2.3485,0,3,3,0,1,1
-3g5yACwYnA_2,9.394,13,2.4424,2.6303,2.5364,0,4,3,0,1,1
-3g5yACwYnA_2,9.394,14,2.6303,2.8182,2.7243,1,4,3,1,1,1
-3g5yACwYnA_2,9.394,15,2.8182,3.0061,2.9121,0,4,3,0,1,1
-3g5yACwYnA_2,9.394,16,3.0061,3.194,3.1,0,3,2,0,1,1
-3g5yACwYnA_2,9.394,17,3.194,3.3818,3.2879,1,4,3,1,1,1
-3g5yACwYnA_2,9.394,18,3.3818,3.5697,3.4758,0,4,3,0,1,1
-3g5yACwYnA_2,9.394,19,3.5697,3.7576,3.6637,0,4,3,0,1,1
-3g5yACwYnA_2,9.394,20,3.7576,3.9455,3.8515,1,3,3,1,1,1
-3g5yACwYnA_2,9.394,21,3.9455,4.1334,4.0394,0,4,3,0,1,1
-3g5yACwYnA_2,9.394,22,4.1334,4.3212,4.2273,0,4,2,0,1,1
-3g5yACwYnA_2,9.394,23,4.3212,4.5091,4.4152,1,4,3,1,1,1
-3g5yACwYnA_2,9.394,24,4.5091,4.697,4.6031,0,3,3,0,1,1
-3g5yACwYnA_2,9.394,25,4.697,4.8849,4.7909,0,4,3,0,1,1
-3g5yACwYnA_2,9.394,26,4.8849,5.0728,4.9788,1,4,3,1,1,1
-3g5yACwYnA_2,9.394,27,5.0728,5.2606,5.1667,0,4,2,0,1,1
-3g5yACwYnA_2,9.394,28,5.2606,5.4485,5.3546,0,3,3,0,1,1
-3g5yACwYnA_2,9.394,29,5.4485,5.6364,5.5425,1,4,3,1,1,1
-3g5yACwYnA_2,9.394,30,5.6364,5.8243,5.7303,0,4,3,0,1,1
-3g5yACwYnA_2,9.394,31,5.8243,6.0122,5.9182,0,4,3,0,1,1
-3g5yACwYnA_2,9.394,32,6.0122,6.2,6.1061,1,4,3,1,1,1
-3g5yACwYnA_2,9.394,33,6.2,6.3879,6.294,0,3,2,0,1,1
-3g5yACwYnA_2,9.394,34,6.3879,6.5758,6.4819,0,4,3,0,1,1
-3g5yACwYnA_2,9.394,35,6.5758,6.7637,6.6697,1,4,3,1,1,1
-3g5yACwYnA_2,9.394,36,6.7637,6.9516,6.8576,0,4,3,0,1,1
-3g5yACwYnA_2,9.394,37,6.9516,7.1394,7.0455,0,3,3,0,1,1
-3g5yACwYnA_2,9.394,38,7.1394,7.3273,7.2334,0,4,2,0,1,1
-3g5yACwYnA_2,9.394,39,7.3273,7.5152,7.4213,1,4,3,1,1,1
-3g5yACwYnA_2,9.394,40,7.5152,7.7031,7.6091,0,4,3,0,1,1
-3g5yACwYnA_2,9.394,41,7.7031,7.891,7.797,0,3,3,0,1,1
-3g5yACwYnA_2,9.394,42,7.891,8.0788,7.9849,1,4,3,1,1,1
-3g5yACwYnA_2,9.394,43,8.0788,8.2667,8.1728,0,4,3,0,1,1
-3g5yACwYnA_2,9.394,44,8.2667,8.4546,8.3607,0,4,2,0,1,1
-3g5yACwYnA_2,9.394,45,8.4546,8.6425,8.5485,1,3,3,1,1,1
-3g5yACwYnA_2,9.394,46,8.6425,8.8304,8.7364,0,4,3,0,1,1
-3g5yACwYnA_2,9.394,47,8.8304,9.0182,8.9243,0,4,3,0,1,1
-3g5yACwYnA_2,9.394,48,9.0182,9.2061,9.1122,1,4,3,1,1,1
-3g5yACwYnA_2,9.394,49,9.2061,9.394,9.3001,0,0,1,0,0,1
-3g5yACwYnA_9,8.817,0,0.0,0.1763,0.0882,1,4,3,1,1,1
-3g5yACwYnA_9,8.817,1,0.1763,0.3527,0.2645,0,4,3,0,1,1
-3g5yACwYnA_9,8.817,2,0.3527,0.529,0.4409,1,3,2,1,1,1
-3g5yACwYnA_9,8.817,3,0.529,0.7054,0.6172,0,4,3,0,1,1
-3g5yACwYnA_9,8.817,4,0.7054,0.8817,0.7935,1,3,3,1,1,1
-3g5yACwYnA_9,8.817,5,0.8817,1.058,0.9699,0,4,2,0,1,1
-3g5yACwYnA_9,8.817,6,1.058,1.2344,1.1462,1,3,3,1,1,1
-3g5yACwYnA_9,8.817,7,1.2344,1.4107,1.3226,0,4,3,0,1,1
-3g5yACwYnA_9,8.817,8,1.4107,1.5871,1.4989,1,3,2,1,1,1
-3g5yACwYnA_9,8.817,9,1.5871,1.7634,1.6752,1,4,3,1,1,1
-3g5yACwYnA_9,8.817,10,1.7634,1.9397,1.8516,0,3,3,0,1,1
-3g5yACwYnA_9,8.817,11,1.9397,2.1161,2.0279,1,4,2,1,1,1
-3g5yACwYnA_9,8.817,12,2.1161,2.2924,2.2043,0,3,3,0,1,1
-3g5yACwYnA_9,8.817,13,2.2924,2.4688,2.3806,1,4,3,1,1,1
-3g5yACwYnA_9,8.817,14,2.4688,2.6451,2.5569,0,3,2,0,1,1
-3g5yACwYnA_9,8.817,15,2.6451,2.8214,2.7333,1,4,3,1,1,1
-3g5yACwYnA_9,8.817,16,2.8214,2.9978,2.9096,1,3,2,1,1,1
-3g5yACwYnA_9,8.817,17,2.9978,3.1741,3.0859,0,4,3,0,1,1
-3g5yACwYnA_9,8.817,18,3.1741,3.3505,3.2623,1,4,3,1,1,1
-3g5yACwYnA_9,8.817,19,3.3505,3.5268,3.4386,0,3,2,0,1,1
-3g5yACwYnA_9,8.817,20,3.5268,3.7031,3.615,1,4,3,1,1,1
-3g5yACwYnA_9,8.817,21,3.7031,3.8795,3.7913,0,3,3,0,1,1
-3g5yACwYnA_9,8.817,22,3.8795,4.0558,3.9676,1,4,2,1,1,1
-3g5yACwYnA_9,8.817,23,4.0558,4.2322,4.144,0,3,3,0,1,1
-3g5yACwYnA_9,8.817,24,4.2322,4.4085,4.3203,1,4,3,1,1,1
-3g5yACwYnA_9,8.817,25,4.4085,4.5848,4.4967,1,3,2,1,1,1
-3g5yACwYnA_9,8.817,26,4.5848,4.7612,4.673,0,4,3,0,1,1
-3g5yACwYnA_9,8.817,27,4.7612,4.9375,4.8493,1,3,3,1,1,1
-3g5yACwYnA_9,8.817,28,4.9375,5.1139,5.0257,0,4,2,0,1,1
-3g5yACwYnA_9,8.817,29,5.1139,5.2902,5.202,1,3,3,1,1,1
-3g5yACwYnA_9,8.817,30,5.2902,5.4665,5.3784,0,4,2,0,1,1
-3g5yACwYnA_9,8.817,31,5.4665,5.6429,5.5547,1,3,3,1,1,1
-3g5yACwYnA_9,8.817,32,5.6429,5.8192,5.731,0,4,3,0,1,1
-3g5yACwYnA_9,8.817,33,5.8192,5.9956,5.9074,1,3,2,1,1,1
-3g5yACwYnA_9,8.817,34,5.9956,6.1719,6.0837,1,4,3,1,1,1
-3g5yACwYnA_9,8.817,35,6.1719,6.3482,6.2601,0,3,3,0,1,1
-3g5yACwYnA_9,8.817,36,6.3482,6.5246,6.4364,1,4,2,1,1,1
-3g5yACwYnA_9,8.817,37,6.5246,6.7009,6.6128,0,4,3,0,1,1
-3g5yACwYnA_9,8.817,38,6.7009,6.8773,6.7891,1,3,3,1,1,1
-3g5yACwYnA_9,8.817,39,6.8773,7.0536,6.9654,0,4,2,0,1,1
-3g5yACwYnA_9,8.817,40,7.0536,7.2299,7.1418,1,3,3,1,1,1
-3g5yACwYnA_9,8.817,41,7.2299,7.4063,7.3181,1,4,3,1,1,1
-3g5yACwYnA_9,8.817,42,7.4063,7.5826,7.4944,0,3,2,0,1,1
-3g5yACwYnA_9,8.817,43,7.5826,7.759,7.6708,1,4,3,1,1,1
-3g5yACwYnA_9,8.817,44,7.759,7.9353,7.8471,0,3,3,0,1,1
-3g5yACwYnA_9,8.817,45,7.9353,8.1116,8.0235,1,4,2,1,1,1
-3g5yACwYnA_9,8.817,46,8.1116,8.288,8.1998,0,3,3,0,1,1
-3g5yACwYnA_9,8.817,47,8.288,8.4643,8.3761,1,4,2,1,1,1
-3g5yACwYnA_9,8.817,48,8.4643,8.6407,8.5525,0,3,3,0,1,1
-3g5yACwYnA_9,8.817,49,8.6407,8.817,8.7288,1,1,2,1,1,1
-3nNcZdcdvU_5,7.868,0,0.0,0.1574,0.0787,0,4,3,0,1,1
-3nNcZdcdvU_5,7.868,1,0.1574,0.3147,0.236,1,3,2,1,1,1
-3nNcZdcdvU_5,7.868,2,0.3147,0.4721,0.3934,0,3,3,0,1,1
-3nNcZdcdvU_5,7.868,3,0.4721,0.6294,0.5508,1,3,2,1,1,1
-3nNcZdcdvU_5,7.868,4,0.6294,0.7868,0.7081,0,3,2,0,1,1
-3nNcZdcdvU_5,7.868,5,0.7868,0.9442,0.8655,0,3,3,0,1,1
-3nNcZdcdvU_5,7.868,6,0.9442,1.1015,1.0228,1,4,2,1,1,1
-3nNcZdcdvU_5,7.868,7,1.1015,1.2589,1.1802,0,3,2,0,1,1
-3nNcZdcdvU_5,7.868,8,1.2589,1.4162,1.3376,0,3,3,0,1,1
-3nNcZdcdvU_5,7.868,9,1.4162,1.5736,1.4949,1,3,2,1,1,1
-3nNcZdcdvU_5,7.868,10,1.5736,1.731,1.6523,0,3,2,0,1,1
-3nNcZdcdvU_5,7.868,11,1.731,1.8883,1.8096,1,3,3,1,1,1
-3nNcZdcdvU_5,7.868,12,1.8883,2.0457,1.967,0,3,2,0,1,1
-3nNcZdcdvU_5,7.868,13,2.0457,2.203,2.1244,0,4,3,0,1,1
-3nNcZdcdvU_5,7.868,14,2.203,2.3604,2.2817,1,3,2,1,1,1
-3nNcZdcdvU_5,7.868,15,2.3604,2.5178,2.4391,0,3,2,0,1,1
-3nNcZdcdvU_5,7.868,16,2.5178,2.6751,2.5964,0,3,3,0,1,1
-3nNcZdcdvU_5,7.868,17,2.6751,2.8325,2.7538,1,3,2,1,1,1
-3nNcZdcdvU_5,7.868,18,2.8325,2.9898,2.9112,0,3,2,0,1,1
-3nNcZdcdvU_5,7.868,19,2.9898,3.1472,3.0685,1,3,3,1,1,1
-3nNcZdcdvU_5,7.868,20,3.1472,3.3046,3.2259,0,4,2,0,1,1
-3nNcZdcdvU_5,7.868,21,3.3046,3.4619,3.3832,0,3,2,0,1,1
-3nNcZdcdvU_5,7.868,22,3.4619,3.6193,3.5406,1,3,3,1,1,1
-3nNcZdcdvU_5,7.868,23,3.6193,3.7766,3.698,0,3,2,0,1,1
-3nNcZdcdvU_5,7.868,24,3.7766,3.934,3.8553,1,3,3,1,1,1
-3nNcZdcdvU_5,7.868,25,3.934,4.0914,4.0127,0,3,2,0,1,1
-3nNcZdcdvU_5,7.868,26,4.0914,4.2487,4.17,0,3,2,0,1,1
-3nNcZdcdvU_5,7.868,27,4.2487,4.4061,4.3274,1,4,3,1,1,1
-3nNcZdcdvU_5,7.868,28,4.4061,4.5634,4.4848,0,3,2,0,1,1
-3nNcZdcdvU_5,7.868,29,4.5634,4.7208,4.6421,0,3,2,0,1,1
-3nNcZdcdvU_5,7.868,30,4.7208,4.8782,4.7995,1,3,3,1,1,1
-3nNcZdcdvU_5,7.868,31,4.8782,5.0355,4.9568,0,3,2,0,1,1
-3nNcZdcdvU_5,7.868,32,5.0355,5.1929,5.1142,1,3,2,1,1,1
-3nNcZdcdvU_5,7.868,33,5.1929,5.3502,5.2716,0,4,3,0,1,1
-3nNcZdcdvU_5,7.868,34,5.3502,5.5076,5.4289,0,3,2,0,1,1
-3nNcZdcdvU_5,7.868,35,5.5076,5.665,5.5863,1,3,2,1,1,1
-3nNcZdcdvU_5,7.868,36,5.665,5.8223,5.7436,0,3,3,0,1,1
-3nNcZdcdvU_5,7.868,37,5.8223,5.9797,5.901,0,3,2,0,1,1
-3nNcZdcdvU_5,7.868,38,5.9797,6.137,6.0584,1,3,3,1,1,1
-3nNcZdcdvU_5,7.868,39,6.137,6.2944,6.2157,0,3,2,0,1,1
-3nNcZdcdvU_5,7.868,40,6.2944,6.4518,6.3731,1,4,2,1,1,1
-3nNcZdcdvU_5,7.868,41,6.4518,6.6091,6.5304,0,3,3,0,1,1
-3nNcZdcdvU_5,7.868,42,6.6091,6.7665,6.6878,0,3,2,0,1,1
-3nNcZdcdvU_5,7.868,43,6.7665,6.9238,6.8452,1,3,2,1,1,1
-3nNcZdcdvU_5,7.868,44,6.9238,7.0812,7.0025,0,3,3,0,1,1
-3nNcZdcdvU_5,7.868,45,7.0812,7.2386,7.1599,0,3,2,0,1,1
-3nNcZdcdvU_5,7.868,46,7.2386,7.3959,7.3172,1,3,2,1,1,1
-3nNcZdcdvU_5,7.868,47,7.3959,7.5533,7.4746,0,4,3,0,1,1
-3nNcZdcdvU_5,7.868,48,7.5533,7.7106,7.632,1,3,2,1,1,1
-3nNcZdcdvU_5,7.868,49,7.7106,7.868,7.7893,0,1,2,0,1,1
-HwX2H8Z4hY_2,3.982,0,0.0,0.0796,0.0398,0,2,2,0,1,1
-HwX2H8Z4hY_2,3.982,1,0.0796,0.1593,0.1195,0,2,1,0,1,1
-HwX2H8Z4hY_2,3.982,2,0.1593,0.2389,0.1991,1,1,1,1,1,1
-HwX2H8Z4hY_2,3.982,3,0.2389,0.3186,0.2787,0,2,1,0,1,1
-HwX2H8Z4hY_2,3.982,4,0.3186,0.3982,0.3584,0,1,1,0,1,1
-HwX2H8Z4hY_2,3.982,5,0.3982,0.4778,0.438,0,2,2,0,1,1
-HwX2H8Z4hY_2,3.982,6,0.4778,0.5575,0.5177,1,2,1,1,1,1
-HwX2H8Z4hY_2,3.982,7,0.5575,0.6371,0.5973,0,1,1,0,1,1
-HwX2H8Z4hY_2,3.982,8,0.6371,0.7168,0.6769,0,2,1,0,1,1
-HwX2H8Z4hY_2,3.982,9,0.7168,0.7964,0.7566,0,1,1,0,1,1
-HwX2H8Z4hY_2,3.982,10,0.7964,0.876,0.8362,0,2,2,0,1,1
-HwX2H8Z4hY_2,3.982,11,0.876,0.9557,0.9159,1,2,1,1,1,1
-HwX2H8Z4hY_2,3.982,12,0.9557,1.0353,0.9955,0,1,1,0,1,1
-HwX2H8Z4hY_2,3.982,13,1.0353,1.115,1.0751,0,2,1,0,1,1
-HwX2H8Z4hY_2,3.982,14,1.115,1.1946,1.1548,0,1,1,0,1,1
-HwX2H8Z4hY_2,3.982,15,1.1946,1.2742,1.2344,1,2,2,1,1,1
-HwX2H8Z4hY_2,3.982,16,1.2742,1.3539,1.3141,0,2,1,0,1,1
-HwX2H8Z4hY_2,3.982,17,1.3539,1.4335,1.3937,0,1,1,0,1,1
-HwX2H8Z4hY_2,3.982,18,1.4335,1.5132,1.4733,0,2,1,0,1,1
-HwX2H8Z4hY_2,3.982,19,1.5132,1.5928,1.553,0,1,1,0,1,1
-HwX2H8Z4hY_2,3.982,20,1.5928,1.6724,1.6326,1,2,2,1,1,1
-HwX2H8Z4hY_2,3.982,21,1.6724,1.7521,1.7123,0,2,1,0,1,1
-HwX2H8Z4hY_2,3.982,22,1.7521,1.8317,1.7919,0,1,1,0,1,1
-HwX2H8Z4hY_2,3.982,23,1.8317,1.9114,1.8715,0,2,1,0,1,1
-HwX2H8Z4hY_2,3.982,24,1.9114,1.991,1.9512,0,1,1,0,1,1
-HwX2H8Z4hY_2,3.982,25,1.991,2.0706,2.0308,1,2,2,1,1,1
-HwX2H8Z4hY_2,3.982,26,2.0706,2.1503,2.1105,0,2,1,0,1,1
-HwX2H8Z4hY_2,3.982,27,2.1503,2.2299,2.1901,0,1,1,0,1,1
-HwX2H8Z4hY_2,3.982,28,2.2299,2.3096,2.2697,0,2,1,0,1,1
-HwX2H8Z4hY_2,3.982,29,2.3096,2.3892,2.3494,1,1,1,1,1,1
-HwX2H8Z4hY_2,3.982,30,2.3892,2.4688,2.429,0,2,2,0,1,1
-HwX2H8Z4hY_2,3.982,31,2.4688,2.5485,2.5087,0,1,1,0,1,1
-HwX2H8Z4hY_2,3.982,32,2.5485,2.6281,2.5883,0,2,1,0,1,1
-HwX2H8Z4hY_2,3.982,33,2.6281,2.7078,2.6679,0,2,1,0,1,1
-HwX2H8Z4hY_2,3.982,34,2.7078,2.7874,2.7476,1,1,1,1,1,1
-HwX2H8Z4hY_2,3.982,35,2.7874,2.867,2.8272,0,2,2,0,1,1
-HwX2H8Z4hY_2,3.982,36,2.867,2.9467,2.9069,0,1,1,0,1,1
-HwX2H8Z4hY_2,3.982,37,2.9467,3.0263,2.9865,0,2,1,0,1,1
-HwX2H8Z4hY_2,3.982,38,3.0263,3.106,3.0661,1,2,1,1,1,1
-HwX2H8Z4hY_2,3.982,39,3.106,3.1856,3.1458,0,1,1,0,1,1
-HwX2H8Z4hY_2,3.982,40,3.1856,3.2652,3.2254,0,2,1,0,1,1
-HwX2H8Z4hY_2,3.982,41,3.2652,3.3449,3.3051,0,1,2,0,1,1
-HwX2H8Z4hY_2,3.982,42,3.3449,3.4245,3.3847,0,2,1,0,1,1
-HwX2H8Z4hY_2,3.982,43,3.4245,3.5042,3.4643,1,2,1,1,1,1
-HwX2H8Z4hY_2,3.982,44,3.5042,3.5838,3.544,0,1,1,0,1,1
-HwX2H8Z4hY_2,3.982,45,3.5838,3.6634,3.6236,0,2,1,0,1,1
-HwX2H8Z4hY_2,3.982,46,3.6634,3.7431,3.7033,0,1,2,0,1,1
-HwX2H8Z4hY_2,3.982,47,3.7431,3.8227,3.7829,1,2,1,1,1,1
-HwX2H8Z4hY_2,3.982,48,3.8227,3.9024,3.8625,0,2,1,0,1,1
-HwX2H8Z4hY_2,3.982,49,3.9024,3.982,3.9422,0,0,1,0,0,1
-HwX2H8Z4hY_5,5.653,0,0.0,0.1131,0.0565,0,3,2,0,1,1
-HwX2H8Z4hY_5,5.653,1,0.1131,0.2261,0.1696,0,2,2,0,1,1
-HwX2H8Z4hY_5,5.653,2,0.2261,0.3392,0.2826,1,2,2,1,1,1
-HwX2H8Z4hY_5,5.653,3,0.3392,0.4522,0.3957,0,3,1,0,1,1
-HwX2H8Z4hY_5,5.653,4,0.4522,0.5653,0.5088,0,2,2,0,1,1
-HwX2H8Z4hY_5,5.653,5,0.5653,0.6784,0.6218,0,2,2,0,1,1
-HwX2H8Z4hY_5,5.653,6,0.6784,0.7914,0.7349,0,2,1,0,1,1
-HwX2H8Z4hY_5,5.653,7,0.7914,0.9045,0.8479,1,3,2,1,1,1
-HwX2H8Z4hY_5,5.653,8,0.9045,1.0175,0.961,0,2,2,0,1,1
-HwX2H8Z4hY_5,5.653,9,1.0175,1.1306,1.0741,0,2,1,0,1,1
-HwX2H8Z4hY_5,5.653,10,1.1306,1.2437,1.1871,0,2,2,0,1,1
-HwX2H8Z4hY_5,5.653,11,1.2437,1.3567,1.3002,0,3,2,0,1,1
-HwX2H8Z4hY_5,5.653,12,1.3567,1.4698,1.4132,1,2,2,1,1,1
-HwX2H8Z4hY_5,5.653,13,1.4698,1.5828,1.5263,0,2,1,0,1,1
-HwX2H8Z4hY_5,5.653,14,1.5828,1.6959,1.6394,0,2,2,0,1,1
-HwX2H8Z4hY_5,5.653,15,1.6959,1.809,1.7524,0,3,2,0,1,1
-HwX2H8Z4hY_5,5.653,16,1.809,1.922,1.8655,0,2,1,0,1,1
-HwX2H8Z4hY_5,5.653,17,1.922,2.0351,1.9785,1,2,2,1,1,1
-HwX2H8Z4hY_5,5.653,18,2.0351,2.1481,2.0916,0,2,2,0,1,1
-HwX2H8Z4hY_5,5.653,19,2.1481,2.2612,2.2047,0,3,1,0,1,1
-HwX2H8Z4hY_5,5.653,20,2.2612,2.3743,2.3177,0,2,2,0,1,1
-HwX2H8Z4hY_5,5.653,21,2.3743,2.4873,2.4308,0,2,2,0,1,1
-HwX2H8Z4hY_5,5.653,22,2.4873,2.6004,2.5438,1,3,2,1,1,1
-HwX2H8Z4hY_5,5.653,23,2.6004,2.7134,2.6569,0,2,1,0,1,1
-HwX2H8Z4hY_5,5.653,24,2.7134,2.8265,2.77,0,2,2,0,1,1
-HwX2H8Z4hY_5,5.653,25,2.8265,2.9396,2.883,0,2,2,0,1,1
-HwX2H8Z4hY_5,5.653,26,2.9396,3.0526,2.9961,0,3,1,0,1,1
-HwX2H8Z4hY_5,5.653,27,3.0526,3.1657,3.1091,1,2,2,1,1,1
-HwX2H8Z4hY_5,5.653,28,3.1657,3.2787,3.2222,0,2,2,0,1,1
-HwX2H8Z4hY_5,5.653,29,3.2787,3.3918,3.3353,0,2,1,0,1,1
-HwX2H8Z4hY_5,5.653,30,3.3918,3.5049,3.4483,0,3,2,0,1,1
-HwX2H8Z4hY_5,5.653,31,3.5049,3.6179,3.5614,0,2,2,0,1,1
-HwX2H8Z4hY_5,5.653,32,3.6179,3.731,3.6744,1,2,1,1,1,1
-HwX2H8Z4hY_5,5.653,33,3.731,3.844,3.7875,0,2,2,0,1,1
-HwX2H8Z4hY_5,5.653,34,3.844,3.9571,3.9006,0,3,2,0,1,1
-HwX2H8Z4hY_5,5.653,35,3.9571,4.0702,4.0136,0,2,2,0,1,1
-HwX2H8Z4hY_5,5.653,36,4.0702,4.1832,4.1267,0,2,1,0,1,1
-HwX2H8Z4hY_5,5.653,37,4.1832,4.2963,4.2397,1,2,2,1,1,1
-HwX2H8Z4hY_5,5.653,38,4.2963,4.4093,4.3528,0,3,2,0,1,1
-HwX2H8Z4hY_5,5.653,39,4.4093,4.5224,4.4659,0,2,1,0,1,1
-HwX2H8Z4hY_5,5.653,40,4.5224,4.6355,4.5789,0,2,2,0,1,1
-HwX2H8Z4hY_5,5.653,41,4.6355,4.7485,4.692,0,2,2,0,1,1
-HwX2H8Z4hY_5,5.653,42,4.7485,4.8616,4.805,1,3,1,1,1,1
-HwX2H8Z4hY_5,5.653,43,4.8616,4.9746,4.9181,0,2,2,0,1,1
-HwX2H8Z4hY_5,5.653,44,4.9746,5.0877,5.0312,0,2,2,0,1,1
-HwX2H8Z4hY_5,5.653,45,5.0877,5.2008,5.1442,0,3,2,0,1,1
-HwX2H8Z4hY_5,5.653,46,5.2008,5.3138,5.2573,0,2,1,0,1,1
-HwX2H8Z4hY_5,5.653,47,5.3138,5.4269,5.3704,1,2,2,1,1,1
-HwX2H8Z4hY_5,5.653,48,5.4269,5.5399,5.4834,0,2,2,0,1,1
-HwX2H8Z4hY_5,5.653,49,5.5399,5.653,5.5965,0,0,1,0,0,1
-HwX2H8Z4hY_6,3.358,0,0.0,0.0672,0.0336,0,2,2,0,1,1
-HwX2H8Z4hY_6,3.358,1,0.0672,0.1343,0.1007,0,1,1,0,1,1
-HwX2H8Z4hY_6,3.358,2,0.1343,0.2015,0.1679,0,2,1,0,1,1
-HwX2H8Z4hY_6,3.358,3,0.2015,0.2686,0.2351,1,1,1,1,1,1
-HwX2H8Z4hY_6,3.358,4,0.2686,0.3358,0.3022,0,1,1,0,1,1
-HwX2H8Z4hY_6,3.358,5,0.3358,0.403,0.3694,0,2,1,0,1,1
-HwX2H8Z4hY_6,3.358,6,0.403,0.4701,0.4365,0,1,1,0,1,1
-HwX2H8Z4hY_6,3.358,7,0.4701,0.5373,0.5037,0,1,1,0,1,1
-HwX2H8Z4hY_6,3.358,8,0.5373,0.6044,0.5709,0,2,1,0,1,1
-HwX2H8Z4hY_6,3.358,9,0.6044,0.6716,0.638,1,1,1,1,1,1
-HwX2H8Z4hY_6,3.358,10,0.6716,0.7388,0.7052,0,1,1,0,1,1
-HwX2H8Z4hY_6,3.358,11,0.7388,0.8059,0.7723,0,2,1,0,1,1
-HwX2H8Z4hY_6,3.358,12,0.8059,0.8731,0.8395,0,1,1,0,1,1
-HwX2H8Z4hY_6,3.358,13,0.8731,0.9402,0.9067,0,1,1,0,1,1
-HwX2H8Z4hY_6,3.358,14,0.9402,1.0074,0.9738,0,2,1,0,1,1
-HwX2H8Z4hY_6,3.358,15,1.0074,1.0746,1.041,1,1,1,1,1,1
-HwX2H8Z4hY_6,3.358,16,1.0746,1.1417,1.1081,0,1,1,0,1,1
-HwX2H8Z4hY_6,3.358,17,1.1417,1.2089,1.1753,0,2,1,0,1,1
-HwX2H8Z4hY_6,3.358,18,1.2089,1.276,1.2425,0,1,1,0,1,1
-HwX2H8Z4hY_6,3.358,19,1.276,1.3432,1.3096,0,1,1,0,1,1
-HwX2H8Z4hY_6,3.358,20,1.3432,1.4104,1.3768,0,2,1,0,1,1
-HwX2H8Z4hY_6,3.358,21,1.4104,1.4775,1.4439,1,1,1,1,1,1
-HwX2H8Z4hY_6,3.358,22,1.4775,1.5447,1.5111,0,1,1,0,1,1
-HwX2H8Z4hY_6,3.358,23,1.5447,1.6118,1.5783,0,2,1,0,1,1
-HwX2H8Z4hY_6,3.358,24,1.6118,1.679,1.6454,0,1,1,0,1,1
-HwX2H8Z4hY_6,3.358,25,1.679,1.7462,1.7126,0,1,1,0,1,1
-HwX2H8Z4hY_6,3.358,26,1.7462,1.8133,1.7797,0,2,1,0,1,1
-HwX2H8Z4hY_6,3.358,27,1.8133,1.8805,1.8469,0,1,1,0,1,1
-HwX2H8Z4hY_6,3.358,28,1.8805,1.9476,1.9141,1,1,1,1,1,1
-HwX2H8Z4hY_6,3.358,29,1.9476,2.0148,1.9812,0,2,1,0,1,1
-HwX2H8Z4hY_6,3.358,30,2.0148,2.082,2.0484,0,1,1,0,1,1
-HwX2H8Z4hY_6,3.358,31,2.082,2.1491,2.1155,0,1,1,0,1,1
-HwX2H8Z4hY_6,3.358,32,2.1491,2.2163,2.1827,0,2,1,0,1,1
-HwX2H8Z4hY_6,3.358,33,2.2163,2.2834,2.2499,0,1,1,0,1,1
-HwX2H8Z4hY_6,3.358,34,2.2834,2.3506,2.317,1,2,1,1,1,1
-HwX2H8Z4hY_6,3.358,35,2.3506,2.4178,2.3842,0,1,1,0,1,1
-HwX2H8Z4hY_6,3.358,36,2.4178,2.4849,2.4513,0,1,1,0,1,1
-HwX2H8Z4hY_6,3.358,37,2.4849,2.5521,2.5185,0,2,1,0,1,1
-HwX2H8Z4hY_6,3.358,38,2.5521,2.6192,2.5857,0,1,1,0,1,1
-HwX2H8Z4hY_6,3.358,39,2.6192,2.6864,2.6528,0,1,1,0,1,1
-HwX2H8Z4hY_6,3.358,40,2.6864,2.7536,2.72,1,2,1,1,1,1
-HwX2H8Z4hY_6,3.358,41,2.7536,2.8207,2.7871,0,1,1,0,1,1
-HwX2H8Z4hY_6,3.358,42,2.8207,2.8879,2.8543,0,1,1,0,1,1
-HwX2H8Z4hY_6,3.358,43,2.8879,2.955,2.9215,0,2,1,0,1,1
-HwX2H8Z4hY_6,3.358,44,2.955,3.0222,2.9886,0,1,1,0,1,1
-HwX2H8Z4hY_6,3.358,45,3.0222,3.0894,3.0558,0,1,1,0,1,1
-HwX2H8Z4hY_6,3.358,46,3.0894,3.1565,3.1229,1,2,1,1,1,1
-HwX2H8Z4hY_6,3.358,47,3.1565,3.2237,3.1901,0,1,1,0,1,1
-HwX2H8Z4hY_6,3.358,48,3.2237,3.2908,3.2573,0,1,0,0,1,0
-HwX2H8Z4hY_6,3.358,49,3.2908,3.358,3.3244,0,0,1,0,0,1
-HwX2H8Z4hY_9,7.734,0,0.0,0.1547,0.0773,0,4,3,0,1,1
-HwX2H8Z4hY_9,7.734,1,0.1547,0.3094,0.232,1,3,2,1,1,1
-HwX2H8Z4hY_9,7.734,2,0.3094,0.464,0.3867,0,3,2,0,1,1
-HwX2H8Z4hY_9,7.734,3,0.464,0.6187,0.5414,1,3,3,1,1,1
-HwX2H8Z4hY_9,7.734,4,0.6187,0.7734,0.6961,0,3,2,0,1,1
-HwX2H8Z4hY_9,7.734,5,0.7734,0.9281,0.8507,1,3,2,1,1,1
-HwX2H8Z4hY_9,7.734,6,0.9281,1.0828,1.0054,0,3,3,0,1,1
-HwX2H8Z4hY_9,7.734,7,1.0828,1.2374,1.1601,1,3,2,1,1,1
-HwX2H8Z4hY_9,7.734,8,1.2374,1.3921,1.3148,0,3,2,0,1,1
-HwX2H8Z4hY_9,7.734,9,1.3921,1.5468,1.4695,1,3,3,1,1,1
-HwX2H8Z4hY_9,7.734,10,1.5468,1.7015,1.6241,0,4,2,0,1,1
-HwX2H8Z4hY_9,7.734,11,1.7015,1.8562,1.7788,1,3,2,1,1,1
-HwX2H8Z4hY_9,7.734,12,1.8562,2.0108,1.9335,0,3,3,0,1,1
-HwX2H8Z4hY_9,7.734,13,2.0108,2.1655,2.0882,0,3,2,0,1,1
-HwX2H8Z4hY_9,7.734,14,2.1655,2.3202,2.2429,1,3,2,1,1,1
-HwX2H8Z4hY_9,7.734,15,2.3202,2.4749,2.3975,0,3,3,0,1,1
-HwX2H8Z4hY_9,7.734,16,2.4749,2.6296,2.5522,1,3,2,1,1,1
-HwX2H8Z4hY_9,7.734,17,2.6296,2.7842,2.7069,0,3,2,0,1,1
-HwX2H8Z4hY_9,7.734,18,2.7842,2.9389,2.8616,1,3,3,1,1,1
-HwX2H8Z4hY_9,7.734,19,2.9389,3.0936,3.0163,0,3,2,0,1,1
-HwX2H8Z4hY_9,7.734,20,3.0936,3.2483,3.1709,1,3,2,1,1,1
-HwX2H8Z4hY_9,7.734,21,3.2483,3.403,3.3256,0,4,3,0,1,1
-HwX2H8Z4hY_9,7.734,22,3.403,3.5576,3.4803,1,3,2,1,1,1
-HwX2H8Z4hY_9,7.734,23,3.5576,3.7123,3.635,0,3,2,0,1,1
-HwX2H8Z4hY_9,7.734,24,3.7123,3.867,3.7897,1,3,3,1,1,1
-HwX2H8Z4hY_9,7.734,25,3.867,4.0217,3.9443,0,3,2,0,1,1
-HwX2H8Z4hY_9,7.734,26,4.0217,4.1764,4.099,0,3,2,0,1,1
-HwX2H8Z4hY_9,7.734,27,4.1764,4.331,4.2537,1,3,2,1,1,1
-HwX2H8Z4hY_9,7.734,28,4.331,4.4857,4.4084,0,3,3,0,1,1
-HwX2H8Z4hY_9,7.734,29,4.4857,4.6404,4.5631,1,3,2,1,1,1
-HwX2H8Z4hY_9,7.734,30,4.6404,4.7951,4.7177,0,3,2,0,1,1
-HwX2H8Z4hY_9,7.734,31,4.7951,4.9498,4.8724,1,3,3,1,1,1
-HwX2H8Z4hY_9,7.734,32,4.9498,5.1044,5.0271,0,4,2,0,1,1
-HwX2H8Z4hY_9,7.734,33,5.1044,5.2591,5.1818,1,3,2,1,1,1
-HwX2H8Z4hY_9,7.734,34,5.2591,5.4138,5.3365,0,3,3,0,1,1
-HwX2H8Z4hY_9,7.734,35,5.4138,5.5685,5.4911,1,3,2,1,1,1
-HwX2H8Z4hY_9,7.734,36,5.5685,5.7232,5.6458,0,3,2,0,1,1
-HwX2H8Z4hY_9,7.734,37,5.7232,5.8778,5.8005,0,3,3,0,1,1
-HwX2H8Z4hY_9,7.734,38,5.8778,6.0325,5.9552,1,3,2,1,1,1
-HwX2H8Z4hY_9,7.734,39,6.0325,6.1872,6.1099,0,3,2,0,1,1
-HwX2H8Z4hY_9,7.734,40,6.1872,6.3419,6.2645,1,3,3,1,1,1
-HwX2H8Z4hY_9,7.734,41,6.3419,6.4966,6.4192,0,3,2,0,1,1
-HwX2H8Z4hY_9,7.734,42,6.4966,6.6512,6.5739,1,4,2,1,1,1
-HwX2H8Z4hY_9,7.734,43,6.6512,6.8059,6.7286,0,3,3,0,1,1
-HwX2H8Z4hY_9,7.734,44,6.8059,6.9606,6.8833,1,3,2,1,1,1
-HwX2H8Z4hY_9,7.734,45,6.9606,7.1153,7.0379,0,3,2,0,1,1
-HwX2H8Z4hY_9,7.734,46,7.1153,7.27,7.1926,1,3,3,1,1,1
-HwX2H8Z4hY_9,7.734,47,7.27,7.4246,7.3473,0,3,2,0,1,1
-HwX2H8Z4hY_9,7.734,48,7.4246,7.5793,7.502,1,3,2,1,1,1
-HwX2H8Z4hY_9,7.734,49,7.5793,7.734,7.6567,0,1,2,0,1,1
-NFrJFQijFE_1,5.746,0,0.0,0.1149,0.0575,0,3,2,0,1,1
-NFrJFQijFE_1,5.746,1,0.1149,0.2298,0.1724,1,2,2,1,1,1
-NFrJFQijFE_1,5.746,2,0.2298,0.3448,0.2873,0,2,1,0,1,1
-NFrJFQijFE_1,5.746,3,0.3448,0.4597,0.4022,0,3,2,0,1,1
-NFrJFQijFE_1,5.746,4,0.4597,0.5746,0.5171,1,2,2,1,1,1
-NFrJFQijFE_1,5.746,5,0.5746,0.6895,0.6321,0,2,2,0,1,1
-NFrJFQijFE_1,5.746,6,0.6895,0.8044,0.747,0,3,2,0,1,1
-NFrJFQijFE_1,5.746,7,0.8044,0.9194,0.8619,1,2,1,1,1,1
-NFrJFQijFE_1,5.746,8,0.9194,1.0343,0.9768,0,2,2,0,1,1
-NFrJFQijFE_1,5.746,9,1.0343,1.1492,1.0917,0,2,1,0,1,1
-NFrJFQijFE_1,5.746,10,1.1492,1.2641,1.2067,1,3,2,1,1,1
-NFrJFQijFE_1,5.746,11,1.2641,1.379,1.3216,0,2,2,0,1,1
-NFrJFQijFE_1,5.746,12,1.379,1.494,1.4365,0,2,2,0,1,1
-NFrJFQijFE_1,5.746,13,1.494,1.6089,1.5514,0,3,2,0,1,1
-NFrJFQijFE_1,5.746,14,1.6089,1.7238,1.6663,1,2,1,1,1,1
-NFrJFQijFE_1,5.746,15,1.7238,1.8387,1.7813,0,2,2,0,1,1
-NFrJFQijFE_1,5.746,16,1.8387,1.9536,1.8962,0,3,1,0,1,1
-NFrJFQijFE_1,5.746,17,1.9536,2.0686,2.0111,1,2,2,1,1,1
-NFrJFQijFE_1,5.746,18,2.0686,2.1835,2.126,0,2,2,0,1,1
-NFrJFQijFE_1,5.746,19,2.1835,2.2984,2.2409,0,2,2,0,1,1
-NFrJFQijFE_1,5.746,20,2.2984,2.4133,2.3559,1,3,2,1,1,1
-NFrJFQijFE_1,5.746,21,2.4133,2.5282,2.4708,0,2,1,0,1,1
-NFrJFQijFE_1,5.746,22,2.5282,2.6432,2.5857,0,2,2,0,1,1
-NFrJFQijFE_1,5.746,23,2.6432,2.7581,2.7006,1,3,1,1,1,1
-NFrJFQijFE_1,5.746,24,2.7581,2.873,2.8155,0,2,2,0,1,1
-NFrJFQijFE_1,5.746,25,2.873,2.9879,2.9305,0,2,2,0,1,1
-NFrJFQijFE_1,5.746,26,2.9879,3.1028,3.0454,1,3,2,1,1,1
-NFrJFQijFE_1,5.746,27,3.1028,3.2178,3.1603,0,2,2,0,1,1
-NFrJFQijFE_1,5.746,28,3.2178,3.3327,3.2752,0,2,1,0,1,1
-NFrJFQijFE_1,5.746,29,3.3327,3.4476,3.3901,1,2,2,1,1,1
-NFrJFQijFE_1,5.746,30,3.4476,3.5625,3.5051,0,3,2,0,1,1
-NFrJFQijFE_1,5.746,31,3.5625,3.6774,3.62,0,2,1,0,1,1
-NFrJFQijFE_1,5.746,32,3.6774,3.7924,3.7349,1,2,2,1,1,1
-NFrJFQijFE_1,5.746,33,3.7924,3.9073,3.8498,0,3,2,0,1,1
-NFrJFQijFE_1,5.746,34,3.9073,4.0222,3.9647,0,2,2,0,1,1
-NFrJFQijFE_1,5.746,35,4.0222,4.1371,4.0797,1,2,1,1,1,1
-NFrJFQijFE_1,5.746,36,4.1371,4.252,4.1946,0,3,2,0,1,1
-NFrJFQijFE_1,5.746,37,4.252,4.367,4.3095,0,2,2,0,1,1
-NFrJFQijFE_1,5.746,38,4.367,4.4819,4.4244,0,2,2,0,1,1
-NFrJFQijFE_1,5.746,39,4.4819,4.5968,4.5393,1,2,1,1,1,1
-NFrJFQijFE_1,5.746,40,4.5968,4.7117,4.6543,0,3,2,0,1,1
-NFrJFQijFE_1,5.746,41,4.7117,4.8266,4.7692,0,2,2,0,1,1
-NFrJFQijFE_1,5.746,42,4.8266,4.9416,4.8841,1,2,1,1,1,1
-NFrJFQijFE_1,5.746,43,4.9416,5.0565,4.999,0,3,2,0,1,1
-NFrJFQijFE_1,5.746,44,5.0565,5.1714,5.1139,0,2,2,0,1,1
-NFrJFQijFE_1,5.746,45,5.1714,5.2863,5.2289,1,2,2,1,1,1
-NFrJFQijFE_1,5.746,46,5.2863,5.4012,5.3438,0,3,2,0,1,1
-NFrJFQijFE_1,5.746,47,5.4012,5.5162,5.4587,0,2,1,0,1,1
-NFrJFQijFE_1,5.746,48,5.5162,5.6311,5.5736,1,2,2,1,1,1
-NFrJFQijFE_1,5.746,49,5.6311,5.746,5.6885,0,1,1,0,1,1
-NFrJFQijFE_2,6.856,0,0.0,0.1371,0.0686,0,3,2,0,1,1
-NFrJFQijFE_2,6.856,1,0.1371,0.2742,0.2057,1,3,2,1,1,1
-NFrJFQijFE_2,6.856,2,0.2742,0.4114,0.3428,0,3,3,0,1,1
-NFrJFQijFE_2,6.856,3,0.4114,0.5485,0.4799,0,2,1,0,1,1
-NFrJFQijFE_2,6.856,4,0.5485,0.6856,0.617,1,3,3,1,1,1
-NFrJFQijFE_2,6.856,5,0.6856,0.8227,0.7542,0,3,2,0,1,1
-NFrJFQijFE_2,6.856,6,0.8227,0.9598,0.8913,1,3,1,1,1,1
-NFrJFQijFE_2,6.856,7,0.9598,1.097,1.0284,0,2,3,0,1,1
-NFrJFQijFE_2,6.856,8,1.097,1.2341,1.1655,0,3,2,0,1,1
-NFrJFQijFE_2,6.856,9,1.2341,1.3712,1.3026,1,3,2,1,1,1
-NFrJFQijFE_2,6.856,10,1.3712,1.5083,1.4398,0,3,2,0,1,1
-NFrJFQijFE_2,6.856,11,1.5083,1.6454,1.5769,0,2,2,0,1,1
-NFrJFQijFE_2,6.856,12,1.6454,1.7826,1.714,1,3,2,1,1,1
-NFrJFQijFE_2,6.856,13,1.7826,1.9197,1.8511,0,3,2,0,1,1
-NFrJFQijFE_2,6.856,14,1.9197,2.0568,1.9882,0,3,2,0,1,1
-NFrJFQijFE_2,6.856,15,2.0568,2.1939,2.1254,1,2,2,1,1,1
-NFrJFQijFE_2,6.856,16,2.1939,2.331,2.2625,0,3,2,0,1,1
-NFrJFQijFE_2,6.856,17,2.331,2.4682,2.3996,0,3,2,0,1,1
-NFrJFQijFE_2,6.856,18,2.4682,2.6053,2.5367,1,3,3,1,1,1
-NFrJFQijFE_2,6.856,19,2.6053,2.7424,2.6738,0,2,1,0,1,1
-NFrJFQijFE_2,6.856,20,2.7424,2.8795,2.811,1,3,2,1,1,1
-NFrJFQijFE_2,6.856,21,2.8795,3.0166,2.9481,0,3,3,0,1,1
-NFrJFQijFE_2,6.856,22,3.0166,3.1538,3.0852,0,3,1,0,1,1
-NFrJFQijFE_2,6.856,23,3.1538,3.2909,3.2223,1,2,3,1,1,1
-NFrJFQijFE_2,6.856,24,3.2909,3.428,3.3594,0,3,2,0,1,1
-NFrJFQijFE_2,6.856,25,3.428,3.5651,3.4966,0,3,2,0,1,1
-NFrJFQijFE_2,6.856,26,3.5651,3.7022,3.6337,1,3,2,1,1,1
-NFrJFQijFE_2,6.856,27,3.7022,3.8394,3.7708,0,2,2,0,1,1
-NFrJFQijFE_2,6.856,28,3.8394,3.9765,3.9079,0,3,2,0,1,1
-NFrJFQijFE_2,6.856,29,3.9765,4.1136,4.045,1,3,2,1,1,1
-NFrJFQijFE_2,6.856,30,4.1136,4.2507,4.1822,0,3,2,0,1,1
-NFrJFQijFE_2,6.856,31,4.2507,4.3878,4.3193,1,2,2,1,1,1
-NFrJFQijFE_2,6.856,32,4.3878,4.525,4.4564,0,3,2,0,1,1
-NFrJFQijFE_2,6.856,33,4.525,4.6621,4.5935,0,3,2,0,1,1
-NFrJFQijFE_2,6.856,34,4.6621,4.7992,4.7306,1,2,2,1,1,1
-NFrJFQijFE_2,6.856,35,4.7992,4.9363,4.8678,0,3,2,0,1,1
-NFrJFQijFE_2,6.856,36,4.9363,5.0734,5.0049,0,3,2,0,1,1
-NFrJFQijFE_2,6.856,37,5.0734,5.2106,5.142,1,3,3,1,1,1
-NFrJFQijFE_2,6.856,38,5.2106,5.3477,5.2791,0,2,1,0,1,1
-NFrJFQijFE_2,6.856,39,5.3477,5.4848,5.4162,0,3,3,0,1,1
-NFrJFQijFE_2,6.856,40,5.4848,5.6219,5.5534,1,3,2,1,1,1
-NFrJFQijFE_2,6.856,41,5.6219,5.759,5.6905,0,3,1,0,1,1
-NFrJFQijFE_2,6.856,42,5.759,5.8962,5.8276,0,2,3,0,1,1
-NFrJFQijFE_2,6.856,43,5.8962,6.0333,5.9647,1,3,2,1,1,1
-NFrJFQijFE_2,6.856,44,6.0333,6.1704,6.1018,0,3,2,0,1,1
-NFrJFQijFE_2,6.856,45,6.1704,6.3075,6.239,1,3,2,1,1,1
-NFrJFQijFE_2,6.856,46,6.3075,6.4446,6.3761,0,2,2,0,1,1
-NFrJFQijFE_2,6.856,47,6.4446,6.5818,6.5132,0,3,2,0,1,1
-NFrJFQijFE_2,6.856,48,6.5818,6.7189,6.6503,1,2,2,1,1,1
-NFrJFQijFE_2,6.856,49,6.7189,6.856,6.7874,0,0,1,0,0,1
-THoVjtIkeU_12,14.896,0,0.0,0.2979,0.149,1,6,5,1,1,1
-THoVjtIkeU_12,14.896,1,0.2979,0.5958,0.4469,1,6,4,1,1,1
-THoVjtIkeU_12,14.896,2,0.5958,0.8938,0.7448,1,6,5,1,1,1
-THoVjtIkeU_12,14.896,3,0.8938,1.1917,1.0427,0,6,4,0,1,1
-THoVjtIkeU_12,14.896,4,1.1917,1.4896,1.3406,1,6,5,1,1,1
-THoVjtIkeU_12,14.896,5,1.4896,1.7875,1.6386,1,6,4,1,1,1
-THoVjtIkeU_12,14.896,6,1.7875,2.0854,1.9365,1,6,5,1,1,1
-THoVjtIkeU_12,14.896,7,2.0854,2.3834,2.2344,1,6,4,1,1,1
-THoVjtIkeU_12,14.896,8,2.3834,2.6813,2.5323,1,6,5,1,1,1
-THoVjtIkeU_12,14.896,9,2.6813,2.9792,2.8302,0,6,4,0,1,1
-THoVjtIkeU_12,14.896,10,2.9792,3.2771,3.1282,1,6,5,1,1,1
-THoVjtIkeU_12,14.896,11,3.2771,3.575,3.4261,1,6,4,1,1,1
-THoVjtIkeU_12,14.896,12,3.575,3.873,3.724,1,6,5,1,1,1
-THoVjtIkeU_12,14.896,13,3.873,4.1709,4.0219,1,6,4,1,1,1
-THoVjtIkeU_12,14.896,14,4.1709,4.4688,4.3198,1,6,5,1,1,1
-THoVjtIkeU_12,14.896,15,4.4688,4.7667,4.6178,0,6,4,0,1,1
-THoVjtIkeU_12,14.896,16,4.7667,5.0646,4.9157,1,6,4,1,1,1
-THoVjtIkeU_12,14.896,17,5.0646,5.3626,5.2136,1,6,5,1,1,1
-THoVjtIkeU_12,14.896,18,5.3626,5.6605,5.5115,1,6,4,1,1,1
-THoVjtIkeU_12,14.896,19,5.6605,5.9584,5.8094,1,6,5,1,1,1
-THoVjtIkeU_12,14.896,20,5.9584,6.2563,6.1074,1,6,4,1,1,1
-THoVjtIkeU_12,14.896,21,6.2563,6.5542,6.4053,0,6,5,0,1,1
-THoVjtIkeU_12,14.896,22,6.5542,6.8522,6.7032,1,6,4,1,1,1
-THoVjtIkeU_12,14.896,23,6.8522,7.1501,7.0011,1,6,5,1,1,1
-THoVjtIkeU_12,14.896,24,7.1501,7.448,7.299,1,5,4,1,1,1
-THoVjtIkeU_12,14.896,25,7.448,7.7459,7.597,1,6,5,1,1,1
-THoVjtIkeU_12,14.896,26,7.7459,8.0438,7.8949,1,6,4,1,1,1
-THoVjtIkeU_12,14.896,27,8.0438,8.3418,8.1928,1,6,5,1,1,1
-THoVjtIkeU_12,14.896,28,8.3418,8.6397,8.4907,0,6,4,0,1,1
-THoVjtIkeU_12,14.896,29,8.6397,8.9376,8.7886,1,6,5,1,1,1
-THoVjtIkeU_12,14.896,30,8.9376,9.2355,9.0866,1,6,4,1,1,1
-THoVjtIkeU_12,14.896,31,9.2355,9.5334,9.3845,1,6,5,1,1,1
-THoVjtIkeU_12,14.896,32,9.5334,9.8314,9.6824,1,6,4,1,1,1
-THoVjtIkeU_12,14.896,33,9.8314,10.1293,9.9803,1,6,4,1,1,1
-THoVjtIkeU_12,14.896,34,10.1293,10.4272,10.2782,0,6,5,0,1,1
-THoVjtIkeU_12,14.896,35,10.4272,10.7251,10.5762,1,6,4,1,1,1
-THoVjtIkeU_12,14.896,36,10.7251,11.023,10.8741,1,6,5,1,1,1
-THoVjtIkeU_12,14.896,37,11.023,11.321,11.172,1,6,4,1,1,1
-THoVjtIkeU_12,14.896,38,11.321,11.6189,11.4699,1,6,5,1,1,1
-THoVjtIkeU_12,14.896,39,11.6189,11.9168,11.7678,1,6,4,1,1,1
-THoVjtIkeU_12,14.896,40,11.9168,12.2147,12.0658,0,6,5,0,1,1
-THoVjtIkeU_12,14.896,41,12.2147,12.5126,12.3637,1,6,4,1,1,1
-THoVjtIkeU_12,14.896,42,12.5126,12.8106,12.6616,1,6,5,1,1,1
-THoVjtIkeU_12,14.896,43,12.8106,13.1085,12.9595,1,6,4,1,1,1
-THoVjtIkeU_12,14.896,44,13.1085,13.4064,13.2574,1,6,5,1,1,1
-THoVjtIkeU_12,14.896,45,13.4064,13.7043,13.5554,1,6,4,1,1,1
-THoVjtIkeU_12,14.896,46,13.7043,14.0022,13.8533,0,6,5,0,1,1
-THoVjtIkeU_12,14.896,47,14.0022,14.3002,14.1512,1,6,4,1,1,1
-THoVjtIkeU_12,14.896,48,14.3002,14.5981,14.4491,1,5,4,1,1,1
-THoVjtIkeU_12,14.896,49,14.5981,14.896,14.747,1,5,4,1,1,1
-THoVjtIkeU_2,4.292,0,0.0,0.0858,0.0429,0,2,2,0,1,1
-THoVjtIkeU_2,4.292,1,0.0858,0.1717,0.1288,0,2,1,0,1,1
-THoVjtIkeU_2,4.292,2,0.1717,0.2575,0.2146,1,2,1,1,1,1
-THoVjtIkeU_2,4.292,3,0.2575,0.3434,0.3004,0,1,2,0,1,1
-THoVjtIkeU_2,4.292,4,0.3434,0.4292,0.3863,0,2,1,0,1,1
-THoVjtIkeU_2,4.292,5,0.4292,0.515,0.4721,0,2,1,0,1,1
-THoVjtIkeU_2,4.292,6,0.515,0.6009,0.558,1,2,2,1,1,1
-THoVjtIkeU_2,4.292,7,0.6009,0.6867,0.6438,0,1,1,0,1,1
-THoVjtIkeU_2,4.292,8,0.6867,0.7726,0.7296,0,2,1,0,1,1
-THoVjtIkeU_2,4.292,9,0.7726,0.8584,0.8155,0,2,1,0,1,1
-THoVjtIkeU_2,4.292,10,0.8584,0.9442,0.9013,0,1,2,0,1,1
-THoVjtIkeU_2,4.292,11,0.9442,1.0301,0.9872,1,2,1,1,1,1
-THoVjtIkeU_2,4.292,12,1.0301,1.1159,1.073,0,2,1,0,1,1
-THoVjtIkeU_2,4.292,13,1.1159,1.2018,1.1588,0,2,2,0,1,1
-THoVjtIkeU_2,4.292,14,1.2018,1.2876,1.2447,0,1,1,0,1,1
-THoVjtIkeU_2,4.292,15,1.2876,1.3734,1.3305,1,2,1,1,1,1
-THoVjtIkeU_2,4.292,16,1.3734,1.4593,1.4164,0,2,1,0,1,1
-THoVjtIkeU_2,4.292,17,1.4593,1.5451,1.5022,0,1,2,0,1,1
-THoVjtIkeU_2,4.292,18,1.5451,1.631,1.588,0,2,1,0,1,1
-THoVjtIkeU_2,4.292,19,1.631,1.7168,1.6739,0,2,1,0,1,1
-THoVjtIkeU_2,4.292,20,1.7168,1.8026,1.7597,1,2,2,1,1,1
-THoVjtIkeU_2,4.292,21,1.8026,1.8885,1.8456,0,1,1,0,1,1
-THoVjtIkeU_2,4.292,22,1.8885,1.9743,1.9314,0,2,1,0,1,1
-THoVjtIkeU_2,4.292,23,1.9743,2.0602,2.0172,0,2,1,0,1,1
-THoVjtIkeU_2,4.292,24,2.0602,2.146,2.1031,1,1,2,1,1,1
-THoVjtIkeU_2,4.292,25,2.146,2.2318,2.1889,0,2,1,0,1,1
-THoVjtIkeU_2,4.292,26,2.2318,2.3177,2.2748,0,2,1,0,1,1
-THoVjtIkeU_2,4.292,27,2.3177,2.4035,2.3606,0,2,2,0,1,1
-THoVjtIkeU_2,4.292,28,2.4035,2.4894,2.4464,0,1,1,0,1,1
-THoVjtIkeU_2,4.292,29,2.4894,2.5752,2.5323,1,2,1,1,1,1
-THoVjtIkeU_2,4.292,30,2.5752,2.661,2.6181,0,2,1,0,1,1
-THoVjtIkeU_2,4.292,31,2.661,2.7469,2.704,0,1,2,0,1,1
-THoVjtIkeU_2,4.292,32,2.7469,2.8327,2.7898,0,2,1,0,1,1
-THoVjtIkeU_2,4.292,33,2.8327,2.9186,2.8756,0,2,1,0,1,1
-THoVjtIkeU_2,4.292,34,2.9186,3.0044,2.9615,1,2,2,1,1,1
-THoVjtIkeU_2,4.292,35,3.0044,3.0902,3.0473,0,1,1,0,1,1
-THoVjtIkeU_2,4.292,36,3.0902,3.1761,3.1332,0,2,1,0,1,1
-THoVjtIkeU_2,4.292,37,3.1761,3.2619,3.219,0,2,1,0,1,1
-THoVjtIkeU_2,4.292,38,3.2619,3.3478,3.3048,1,1,2,1,1,1
-THoVjtIkeU_2,4.292,39,3.3478,3.4336,3.3907,0,2,1,0,1,1
-THoVjtIkeU_2,4.292,40,3.4336,3.5194,3.4765,0,2,1,0,1,1
-THoVjtIkeU_2,4.292,41,3.5194,3.6053,3.5624,0,2,2,0,1,1
-THoVjtIkeU_2,4.292,42,3.6053,3.6911,3.6482,0,1,1,0,1,1
-THoVjtIkeU_2,4.292,43,3.6911,3.777,3.734,1,2,1,1,1,1
-THoVjtIkeU_2,4.292,44,3.777,3.8628,3.8199,0,2,1,0,1,1
-THoVjtIkeU_2,4.292,45,3.8628,3.9486,3.9057,0,1,2,0,1,1
-THoVjtIkeU_2,4.292,46,3.9486,4.0345,3.9916,0,2,1,0,1,1
-THoVjtIkeU_2,4.292,47,4.0345,4.1203,4.0774,1,2,1,1,1,1
-THoVjtIkeU_2,4.292,48,4.1203,4.2062,4.1632,0,2,2,0,1,1
-THoVjtIkeU_2,4.292,49,4.2062,4.292,4.2491,0,0,0,0,0,0
-THoVjtIkeU_6,8.097,0,0.0,0.1619,0.081,1,4,3,1,1,1
-THoVjtIkeU_6,8.097,1,0.1619,0.3239,0.2429,0,3,2,0,1,1
-THoVjtIkeU_6,8.097,2,0.3239,0.4858,0.4049,1,3,3,1,1,1
-THoVjtIkeU_6,8.097,3,0.4858,0.6478,0.5668,1,3,2,1,1,1
-THoVjtIkeU_6,8.097,4,0.6478,0.8097,0.7287,0,4,3,0,1,1
-THoVjtIkeU_6,8.097,5,0.8097,0.9716,0.8907,1,3,2,1,1,1
-THoVjtIkeU_6,8.097,6,0.9716,1.1336,1.0526,0,3,3,0,1,1
-THoVjtIkeU_6,8.097,7,1.1336,1.2955,1.2146,1,3,2,1,1,1
-THoVjtIkeU_6,8.097,8,1.2955,1.4575,1.3765,1,4,2,1,1,1
-THoVjtIkeU_6,8.097,9,1.4575,1.6194,1.5384,0,3,3,0,1,1
-THoVjtIkeU_6,8.097,10,1.6194,1.7813,1.7004,1,3,2,1,1,1
-THoVjtIkeU_6,8.097,11,1.7813,1.9433,1.8623,1,3,3,1,1,1
-THoVjtIkeU_6,8.097,12,1.9433,2.1052,2.0243,0,4,2,0,1,1
-THoVjtIkeU_6,8.097,13,2.1052,2.2672,2.1862,1,3,3,1,1,1
-THoVjtIkeU_6,8.097,14,2.2672,2.4291,2.3481,1,3,2,1,1,1
-THoVjtIkeU_6,8.097,15,2.4291,2.591,2.5101,0,3,2,0,1,1
-THoVjtIkeU_6,8.097,16,2.591,2.753,2.672,1,4,3,1,1,1
-THoVjtIkeU_6,8.097,17,2.753,2.9149,2.8339,1,3,2,1,1,1
-THoVjtIkeU_6,8.097,18,2.9149,3.0769,2.9959,0,3,3,0,1,1
-THoVjtIkeU_6,8.097,19,3.0769,3.2388,3.1578,1,3,2,1,1,1
-THoVjtIkeU_6,8.097,20,3.2388,3.4007,3.3198,0,4,3,0,1,1
-THoVjtIkeU_6,8.097,21,3.4007,3.5627,3.4817,1,3,2,1,1,1
-THoVjtIkeU_6,8.097,22,3.5627,3.7246,3.6437,1,3,2,1,1,1
-THoVjtIkeU_6,8.097,23,3.7246,3.8866,3.8056,0,3,3,0,1,1
-THoVjtIkeU_6,8.097,24,3.8866,4.0485,3.9675,1,3,2,1,1,1
-THoVjtIkeU_6,8.097,25,4.0485,4.2104,4.1295,1,4,3,1,1,1
-THoVjtIkeU_6,8.097,26,4.2104,4.3724,4.2914,0,3,2,0,1,1
-THoVjtIkeU_6,8.097,27,4.3724,4.5343,4.4534,1,3,3,1,1,1
-THoVjtIkeU_6,8.097,28,4.5343,4.6963,4.6153,1,3,2,1,1,1
-THoVjtIkeU_6,8.097,29,4.6963,4.8582,4.7772,0,4,2,0,1,1
-THoVjtIkeU_6,8.097,30,4.8582,5.0201,4.9392,1,3,3,1,1,1
-THoVjtIkeU_6,8.097,31,5.0201,5.1821,5.1011,0,3,2,0,1,1
-THoVjtIkeU_6,8.097,32,5.1821,5.344,5.263,1,3,3,1,1,1
-THoVjtIkeU_6,8.097,33,5.344,5.506,5.425,1,4,2,1,1,1
-THoVjtIkeU_6,8.097,34,5.506,5.6679,5.5869,0,3,3,0,1,1
-THoVjtIkeU_6,8.097,35,5.6679,5.8298,5.7489,1,3,2,1,1,1
-THoVjtIkeU_6,8.097,36,5.8298,5.9918,5.9108,1,3,2,1,1,1
-THoVjtIkeU_6,8.097,37,5.9918,6.1537,6.0728,0,4,3,0,1,1
-THoVjtIkeU_6,8.097,38,6.1537,6.3157,6.2347,1,3,2,1,1,1
-THoVjtIkeU_6,8.097,39,6.3157,6.4776,6.3966,1,3,3,1,1,1
-THoVjtIkeU_6,8.097,40,6.4776,6.6395,6.5586,0,3,2,0,1,1
-THoVjtIkeU_6,8.097,41,6.6395,6.8015,6.7205,1,4,3,1,1,1
-THoVjtIkeU_6,8.097,42,6.8015,6.9634,6.8825,1,3,2,1,1,1
-THoVjtIkeU_6,8.097,43,6.9634,7.1254,7.0444,0,3,2,0,1,1
-THoVjtIkeU_6,8.097,44,7.1254,7.2873,7.2063,1,3,3,1,1,1
-THoVjtIkeU_6,8.097,45,7.2873,7.4492,7.3683,0,3,2,0,1,1
-THoVjtIkeU_6,8.097,46,7.4492,7.6112,7.5302,1,4,3,1,1,1
-THoVjtIkeU_6,8.097,47,7.6112,7.7731,7.6921,1,3,2,1,1,1
-THoVjtIkeU_6,8.097,48,7.7731,7.9351,7.8541,0,3,3,0,1,1
-THoVjtIkeU_6,8.097,49,7.9351,8.097,8.016,1,1,1,1,1,1
-UuX1xuaiiE_1,10.35,0,0.0,0.207,0.1035,1,5,4,1,1,1
-UuX1xuaiiE_1,10.35,1,0.207,0.414,0.3105,0,4,3,0,1,1
-UuX1xuaiiE_1,10.35,2,0.414,0.621,0.5175,1,4,3,1,1,1
-UuX1xuaiiE_1,10.35,3,0.621,0.828,0.7245,1,4,3,1,1,1
-UuX1xuaiiE_1,10.35,4,0.828,1.035,0.9315,0,4,3,0,1,1
-UuX1xuaiiE_1,10.35,5,1.035,1.242,1.1385,1,4,3,1,1,1
-UuX1xuaiiE_1,10.35,6,1.242,1.449,1.3455,0,4,3,0,1,1
-UuX1xuaiiE_1,10.35,7,1.449,1.656,1.5525,1,5,3,1,1,1
-UuX1xuaiiE_1,10.35,8,1.656,1.863,1.7595,1,4,3,1,1,1
-UuX1xuaiiE_1,10.35,9,1.863,2.07,1.9665,0,4,4,0,1,1
-UuX1xuaiiE_1,10.35,10,2.07,2.277,2.1735,1,4,3,1,1,1
-UuX1xuaiiE_1,10.35,11,2.277,2.484,2.3805,1,4,3,1,1,1
-UuX1xuaiiE_1,10.35,12,2.484,2.691,2.5875,0,4,3,0,1,1
-UuX1xuaiiE_1,10.35,13,2.691,2.898,2.7945,1,4,3,1,1,1
-UuX1xuaiiE_1,10.35,14,2.898,3.105,3.0015,1,5,3,1,1,1
-UuX1xuaiiE_1,10.35,15,3.105,3.312,3.2085,0,4,3,0,1,1
-UuX1xuaiiE_1,10.35,16,3.312,3.519,3.4155,1,4,3,1,1,1
-UuX1xuaiiE_1,10.35,17,3.519,3.726,3.6225,1,4,3,1,1,1
-UuX1xuaiiE_1,10.35,18,3.726,3.933,3.8295,0,4,3,0,1,1
-UuX1xuaiiE_1,10.35,19,3.933,4.14,4.0365,1,4,4,1,1,1
-UuX1xuaiiE_1,10.35,20,4.14,4.347,4.2435,0,4,3,0,1,1
-UuX1xuaiiE_1,10.35,21,4.347,4.554,4.4505,1,5,3,1,1,1
-UuX1xuaiiE_1,10.35,22,4.554,4.761,4.6575,1,4,3,1,1,1
-UuX1xuaiiE_1,10.35,23,4.761,4.968,4.8645,0,4,3,0,1,1
-UuX1xuaiiE_1,10.35,24,4.968,5.175,5.0715,1,4,3,1,1,1
-UuX1xuaiiE_1,10.35,25,5.175,5.382,5.2785,1,4,3,1,1,1
-UuX1xuaiiE_1,10.35,26,5.382,5.589,5.4855,0,4,3,0,1,1
-UuX1xuaiiE_1,10.35,27,5.589,5.796,5.6925,1,4,3,1,1,1
-UuX1xuaiiE_1,10.35,28,5.796,6.003,5.8995,1,5,4,1,1,1
-UuX1xuaiiE_1,10.35,29,6.003,6.21,6.1065,0,4,3,0,1,1
-UuX1xuaiiE_1,10.35,30,6.21,6.417,6.3135,1,4,3,1,1,1
-UuX1xuaiiE_1,10.35,31,6.417,6.624,6.5205,0,4,3,0,1,1
-UuX1xuaiiE_1,10.35,32,6.624,6.831,6.7275,1,4,3,1,1,1
-UuX1xuaiiE_1,10.35,33,6.831,7.038,6.9345,1,4,3,1,1,1
-UuX1xuaiiE_1,10.35,34,7.038,7.245,7.1415,0,4,3,0,1,1
-UuX1xuaiiE_1,10.35,35,7.245,7.452,7.3485,1,5,3,1,1,1
-UuX1xuaiiE_1,10.35,36,7.452,7.659,7.5555,1,4,3,1,1,1
-UuX1xuaiiE_1,10.35,37,7.659,7.866,7.7625,0,4,3,0,1,1
-UuX1xuaiiE_1,10.35,38,7.866,8.073,7.9695,1,4,4,1,1,1
-UuX1xuaiiE_1,10.35,39,8.073,8.28,8.1765,1,4,3,1,1,1
-UuX1xuaiiE_1,10.35,40,8.28,8.487,8.3835,0,4,3,0,1,1
-UuX1xuaiiE_1,10.35,41,8.487,8.694,8.5905,1,4,3,1,1,1
-UuX1xuaiiE_1,10.35,42,8.694,8.901,8.7975,1,5,3,1,1,1
-UuX1xuaiiE_1,10.35,43,8.901,9.108,9.0045,0,4,3,0,1,1
-UuX1xuaiiE_1,10.35,44,9.108,9.315,9.2115,1,4,3,1,1,1
-UuX1xuaiiE_1,10.35,45,9.315,9.522,9.4185,0,4,3,0,1,1
-UuX1xuaiiE_1,10.35,46,9.522,9.729,9.6255,1,4,3,1,1,1
-UuX1xuaiiE_1,10.35,47,9.729,9.936,9.8325,1,4,4,1,1,1
-UuX1xuaiiE_1,10.35,48,9.936,10.143,10.0395,0,4,3,0,1,1
-UuX1xuaiiE_1,10.35,49,10.143,10.35,10.2465,1,3,2,1,1,1
-UuX1xuaiiE_0,3.6333,0,0.0,0.0727,0.0363,0,2,2,0,1,1
-UuX1xuaiiE_0,3.6333,1,0.0727,0.1453,0.109,0,1,1,0,1,1
-UuX1xuaiiE_0,3.6333,2,0.1453,0.218,0.1817,1,2,1,1,1,1
-UuX1xuaiiE_0,3.6333,3,0.218,0.2907,0.2543,0,1,1,0,1,1
-UuX1xuaiiE_0,3.6333,4,0.2907,0.3633,0.327,0,2,1,0,1,1
-UuX1xuaiiE_0,3.6333,5,0.3633,0.436,0.3997,0,1,1,0,1,1
-UuX1xuaiiE_0,3.6333,6,0.436,0.5087,0.4723,1,2,1,1,1,1
-UuX1xuaiiE_0,3.6333,7,0.5087,0.5813,0.545,0,1,1,0,1,1
-UuX1xuaiiE_0,3.6333,8,0.5813,0.654,0.6177,0,2,1,0,1,1
-UuX1xuaiiE_0,3.6333,9,0.654,0.7267,0.6903,0,1,1,0,1,1
-UuX1xuaiiE_0,3.6333,10,0.7267,0.7993,0.763,0,1,1,0,1,1
-UuX1xuaiiE_0,3.6333,11,0.7993,0.872,0.8357,1,2,2,1,1,1
-UuX1xuaiiE_0,3.6333,12,0.872,0.9447,0.9083,0,1,1,0,1,1
-UuX1xuaiiE_0,3.6333,13,0.9447,1.0173,0.981,0,2,1,0,1,1
-UuX1xuaiiE_0,3.6333,14,1.0173,1.09,1.0537,0,1,1,0,1,1
-UuX1xuaiiE_0,3.6333,15,1.09,1.1627,1.1263,1,2,1,1,1,1
-UuX1xuaiiE_0,3.6333,16,1.1627,1.2353,1.199,0,1,1,0,1,1
-UuX1xuaiiE_0,3.6333,17,1.2353,1.308,1.2717,0,2,1,0,1,1
-UuX1xuaiiE_0,3.6333,18,1.308,1.3807,1.3443,0,1,1,0,1,1
-UuX1xuaiiE_0,3.6333,19,1.3807,1.4533,1.417,0,2,1,0,1,1
-UuX1xuaiiE_0,3.6333,20,1.4533,1.526,1.4897,1,1,1,1,1,1
-UuX1xuaiiE_0,3.6333,21,1.526,1.5987,1.5623,0,1,1,0,1,1
-UuX1xuaiiE_0,3.6333,22,1.5987,1.6713,1.635,0,2,2,0,1,1
-UuX1xuaiiE_0,3.6333,23,1.6713,1.744,1.7077,0,1,1,0,1,1
-UuX1xuaiiE_0,3.6333,24,1.744,1.8167,1.7803,0,2,1,0,1,1
-UuX1xuaiiE_0,3.6333,25,1.8167,1.8893,1.853,1,1,1,1,1,1
-UuX1xuaiiE_0,3.6333,26,1.8893,1.962,1.9256,0,2,1,0,1,1
-UuX1xuaiiE_0,3.6333,27,1.962,2.0346,1.9983,0,1,1,0,1,1
-UuX1xuaiiE_0,3.6333,28,2.0346,2.1073,2.071,0,2,1,0,1,1
-UuX1xuaiiE_0,3.6333,29,2.1073,2.18,2.1436,1,1,1,1,1,1
-UuX1xuaiiE_0,3.6333,30,2.18,2.2526,2.2163,0,2,1,0,1,1
-UuX1xuaiiE_0,3.6333,31,2.2526,2.3253,2.289,0,1,1,0,1,1
-UuX1xuaiiE_0,3.6333,32,2.3253,2.398,2.3616,0,1,1,0,1,1
-UuX1xuaiiE_0,3.6333,33,2.398,2.4706,2.4343,0,2,2,0,1,1
-UuX1xuaiiE_0,3.6333,34,2.4706,2.5433,2.507,1,1,1,1,1,1
-UuX1xuaiiE_0,3.6333,35,2.5433,2.616,2.5796,0,2,1,0,1,1
-UuX1xuaiiE_0,3.6333,36,2.616,2.6886,2.6523,0,1,1,0,1,1
-UuX1xuaiiE_0,3.6333,37,2.6886,2.7613,2.725,0,2,1,0,1,1
-UuX1xuaiiE_0,3.6333,38,2.7613,2.834,2.7976,1,1,1,1,1,1
-UuX1xuaiiE_0,3.6333,39,2.834,2.9066,2.8703,0,2,1,0,1,1
-UuX1xuaiiE_0,3.6333,40,2.9066,2.9793,2.943,0,1,1,0,1,1
-UuX1xuaiiE_0,3.6333,41,2.9793,3.052,3.0156,0,2,1,0,1,1
-UuX1xuaiiE_0,3.6333,42,3.052,3.1246,3.0883,0,1,1,0,1,1
-UuX1xuaiiE_0,3.6333,43,3.1246,3.1973,3.161,1,1,1,1,1,1
-UuX1xuaiiE_0,3.6333,44,3.1973,3.27,3.2336,0,2,2,0,1,1
-UuX1xuaiiE_0,3.6333,45,3.27,3.3426,3.3063,0,1,1,0,1,1
-UuX1xuaiiE_0,3.6333,46,3.3426,3.4153,3.379,0,2,1,0,1,1
-UuX1xuaiiE_0,3.6333,47,3.4153,3.488,3.4516,1,1,1,1,1,1
-UuX1xuaiiE_0,3.6333,48,3.488,3.5606,3.5243,0,2,1,0,1,1
-UuX1xuaiiE_0,3.6333,49,3.5606,3.6333,3.597,0,0,2,0,0,1
-UuX1xuaiiE_3,4.13,0,0.0,0.0826,0.0413,0,2,2,0,1,1
-UuX1xuaiiE_3,4.13,1,0.0826,0.1652,0.1239,0,2,1,0,1,1
-UuX1xuaiiE_3,4.13,2,0.1652,0.2478,0.2065,1,1,1,1,1,1
-UuX1xuaiiE_3,4.13,3,0.2478,0.3304,0.2891,0,2,1,0,1,1
-UuX1xuaiiE_3,4.13,4,0.3304,0.413,0.3717,0,2,2,0,1,1
-UuX1xuaiiE_3,4.13,5,0.413,0.4956,0.4543,0,1,1,0,1,1
-UuX1xuaiiE_3,4.13,6,0.4956,0.5782,0.5369,0,2,1,0,1,1
-UuX1xuaiiE_3,4.13,7,0.5782,0.6608,0.6195,0,2,1,0,1,1
-UuX1xuaiiE_3,4.13,8,0.6608,0.7434,0.7021,1,1,2,1,1,1
-UuX1xuaiiE_3,4.13,9,0.7434,0.826,0.7847,0,2,1,0,1,1
-UuX1xuaiiE_3,4.13,10,0.826,0.9086,0.8673,0,2,1,0,1,1
-UuX1xuaiiE_3,4.13,11,0.9086,0.9912,0.9499,0,1,1,0,1,1
-UuX1xuaiiE_3,4.13,12,0.9912,1.0738,1.0325,0,2,2,0,1,1
-UuX1xuaiiE_3,4.13,13,1.0738,1.1564,1.1151,1,2,1,1,1,1
-UuX1xuaiiE_3,4.13,14,1.1564,1.239,1.1977,0,1,1,0,1,1
-UuX1xuaiiE_3,4.13,15,1.239,1.3216,1.2803,0,2,1,0,1,1
-UuX1xuaiiE_3,4.13,16,1.3216,1.4042,1.3629,0,2,2,0,1,1
-UuX1xuaiiE_3,4.13,17,1.4042,1.4868,1.4455,0,1,1,0,1,1
-UuX1xuaiiE_3,4.13,18,1.4868,1.5694,1.5281,0,2,1,0,1,1
-UuX1xuaiiE_3,4.13,19,1.5694,1.652,1.6107,1,2,1,1,1,1
-UuX1xuaiiE_3,4.13,20,1.652,1.7346,1.6933,0,1,2,0,1,1
-UuX1xuaiiE_3,4.13,21,1.7346,1.8172,1.7759,0,2,1,0,1,1
-UuX1xuaiiE_3,4.13,22,1.8172,1.8998,1.8585,0,1,1,0,1,1
-UuX1xuaiiE_3,4.13,23,1.8998,1.9824,1.9411,0,2,1,0,1,1
-UuX1xuaiiE_3,4.13,24,1.9824,2.065,2.0237,0,2,1,0,1,1
-UuX1xuaiiE_3,4.13,25,2.065,2.1476,2.1063,1,1,2,1,1,1
-UuX1xuaiiE_3,4.13,26,2.1476,2.2302,2.1889,0,2,1,0,1,1
-UuX1xuaiiE_3,4.13,27,2.2302,2.3128,2.2715,0,2,1,0,1,1
-UuX1xuaiiE_3,4.13,28,2.3128,2.3954,2.3541,0,1,1,0,1,1
-UuX1xuaiiE_3,4.13,29,2.3954,2.478,2.4367,0,2,2,0,1,1
-UuX1xuaiiE_3,4.13,30,2.478,2.5606,2.5193,1,2,1,1,1,1
-UuX1xuaiiE_3,4.13,31,2.5606,2.6432,2.6019,0,1,1,0,1,1
-UuX1xuaiiE_3,4.13,32,2.6432,2.7258,2.6845,0,2,1,0,1,1
-UuX1xuaiiE_3,4.13,33,2.7258,2.8084,2.7671,0,2,2,0,1,1
-UuX1xuaiiE_3,4.13,34,2.8084,2.891,2.8497,0,1,1,0,1,1
-UuX1xuaiiE_3,4.13,35,2.891,2.9736,2.9323,0,2,1,0,1,1
-UuX1xuaiiE_3,4.13,36,2.9736,3.0562,3.0149,1,2,1,1,1,1
-UuX1xuaiiE_3,4.13,37,3.0562,3.1388,3.0975,0,1,2,0,1,1
-UuX1xuaiiE_3,4.13,38,3.1388,3.2214,3.1801,0,2,1,0,1,1
-UuX1xuaiiE_3,4.13,39,3.2214,3.304,3.2627,0,2,1,0,1,1
-UuX1xuaiiE_3,4.13,40,3.304,3.3866,3.3453,0,1,1,0,1,1
-UuX1xuaiiE_3,4.13,41,3.3866,3.4692,3.4279,1,2,2,1,1,1
-UuX1xuaiiE_3,4.13,42,3.4692,3.5518,3.5105,0,2,1,0,1,1
-UuX1xuaiiE_3,4.13,43,3.5518,3.6344,3.5931,0,1,1,0,1,1
-UuX1xuaiiE_3,4.13,44,3.6344,3.717,3.6757,0,2,1,0,1,1
-UuX1xuaiiE_3,4.13,45,3.717,3.7996,3.7583,0,1,1,0,1,1
-UuX1xuaiiE_3,4.13,46,3.7996,3.8822,3.8409,0,2,2,0,1,1
-UuX1xuaiiE_3,4.13,47,3.8822,3.9648,3.9235,1,2,1,1,1,1
-UuX1xuaiiE_3,4.13,48,3.9648,4.0474,4.0061,0,1,1,0,1,1
-UuX1xuaiiE_3,4.13,49,4.0474,4.13,4.0887,0,0,1,0,0,1
-UuX1xuaiiE_6,8.114,0,0.0,0.1623,0.0811,0,4,3,0,1,1
-UuX1xuaiiE_6,8.114,1,0.1623,0.3246,0.2434,1,3,2,1,1,1
-UuX1xuaiiE_6,8.114,2,0.3246,0.4868,0.4057,0,3,3,0,1,1
-UuX1xuaiiE_6,8.114,3,0.4868,0.6491,0.568,1,3,2,1,1,1
-UuX1xuaiiE_6,8.114,4,0.6491,0.8114,0.7303,0,4,3,0,1,1
-UuX1xuaiiE_6,8.114,5,0.8114,0.9737,0.8925,1,3,2,1,1,1
-UuX1xuaiiE_6,8.114,6,0.9737,1.136,1.0548,0,3,3,0,1,1
-UuX1xuaiiE_6,8.114,7,1.136,1.2982,1.2171,1,3,2,1,1,1
-UuX1xuaiiE_6,8.114,8,1.2982,1.4605,1.3794,0,4,2,0,1,1
-UuX1xuaiiE_6,8.114,9,1.4605,1.6228,1.5417,1,3,3,1,1,1
-UuX1xuaiiE_6,8.114,10,1.6228,1.7851,1.7039,0,3,2,0,1,1
-UuX1xuaiiE_6,8.114,11,1.7851,1.9474,1.8662,1,3,3,1,1,1
-UuX1xuaiiE_6,8.114,12,1.9474,2.1096,2.0285,0,4,2,0,1,1
-UuX1xuaiiE_6,8.114,13,2.1096,2.2719,2.1908,0,3,3,0,1,1
-UuX1xuaiiE_6,8.114,14,2.2719,2.4342,2.3531,1,3,2,1,1,1
-UuX1xuaiiE_6,8.114,15,2.4342,2.5965,2.5153,0,3,2,0,1,1
-UuX1xuaiiE_6,8.114,16,2.5965,2.7588,2.6776,1,4,3,1,1,1
-UuX1xuaiiE_6,8.114,17,2.7588,2.921,2.8399,0,3,2,0,1,1
-UuX1xuaiiE_6,8.114,18,2.921,3.0833,3.0022,1,3,3,1,1,1
-UuX1xuaiiE_6,8.114,19,3.0833,3.2456,3.1645,0,3,2,0,1,1
-UuX1xuaiiE_6,8.114,20,3.2456,3.4079,3.3267,1,4,3,1,1,1
-UuX1xuaiiE_6,8.114,21,3.4079,3.5702,3.489,0,3,2,0,1,1
-UuX1xuaiiE_6,8.114,22,3.5702,3.7324,3.6513,1,3,2,1,1,1
-UuX1xuaiiE_6,8.114,23,3.7324,3.8947,3.8136,0,3,3,0,1,1
-UuX1xuaiiE_6,8.114,24,3.8947,4.057,3.9759,1,4,2,1,1,1
-UuX1xuaiiE_6,8.114,25,4.057,4.2193,4.1381,0,3,3,0,1,1
-UuX1xuaiiE_6,8.114,26,4.2193,4.3816,4.3004,0,3,2,0,1,1
-UuX1xuaiiE_6,8.114,27,4.3816,4.5438,4.4627,1,3,3,1,1,1
-UuX1xuaiiE_6,8.114,28,4.5438,4.7061,4.625,0,4,2,0,1,1
-UuX1xuaiiE_6,8.114,29,4.7061,4.8684,4.7873,1,3,3,1,1,1
-UuX1xuaiiE_6,8.114,30,4.8684,5.0307,4.9495,0,3,2,0,1,1
-UuX1xuaiiE_6,8.114,31,5.0307,5.193,5.1118,1,3,2,1,1,1
-UuX1xuaiiE_6,8.114,32,5.193,5.3552,5.2741,0,4,3,0,1,1
-UuX1xuaiiE_6,8.114,33,5.3552,5.5175,5.4364,1,3,2,1,1,1
-UuX1xuaiiE_6,8.114,34,5.5175,5.6798,5.5987,0,3,3,0,1,1
-UuX1xuaiiE_6,8.114,35,5.6798,5.8421,5.7609,1,3,2,1,1,1
-UuX1xuaiiE_6,8.114,36,5.8421,6.0044,5.9232,0,4,3,0,1,1
-UuX1xuaiiE_6,8.114,37,6.0044,6.1666,6.0855,0,3,2,0,1,1
-UuX1xuaiiE_6,8.114,38,6.1666,6.3289,6.2478,1,3,2,1,1,1
-UuX1xuaiiE_6,8.114,39,6.3289,6.4912,6.4101,0,3,3,0,1,1
-UuX1xuaiiE_6,8.114,40,6.4912,6.6535,6.5723,1,4,2,1,1,1
-UuX1xuaiiE_6,8.114,41,6.6535,6.8158,6.7346,0,3,3,0,1,1
-UuX1xuaiiE_6,8.114,42,6.8158,6.978,6.8969,1,3,2,1,1,1
-UuX1xuaiiE_6,8.114,43,6.978,7.1403,7.0592,0,3,3,0,1,1
-UuX1xuaiiE_6,8.114,44,7.1403,7.3026,7.2215,1,4,2,1,1,1
-UuX1xuaiiE_6,8.114,45,7.3026,7.4649,7.3837,0,3,2,0,1,1
-UuX1xuaiiE_6,8.114,46,7.4649,7.6272,7.546,1,3,3,1,1,1
-UuX1xuaiiE_6,8.114,47,7.6272,7.7894,7.7083,0,3,2,0,1,1
-UuX1xuaiiE_6,8.114,48,7.7894,7.9517,7.8706,1,3,3,1,1,1
-UuX1xuaiiE_6,8.114,49,7.9517,8.114,8.0329,0,0,1,0,0,1
-a55Q6RWvTA_3,22.154,0,0.0,0.4431,0.2215,2,9,7,1,1,1
-a55Q6RWvTA_3,22.154,1,0.4431,0.8862,0.6646,1,9,7,1,1,1
-a55Q6RWvTA_3,22.154,2,0.8862,1.3292,1.1077,2,9,6,1,1,1
-a55Q6RWvTA_3,22.154,3,1.3292,1.7723,1.5508,1,9,7,1,1,1
-a55Q6RWvTA_3,22.154,4,1.7723,2.2154,1.9939,2,9,7,1,1,1
-a55Q6RWvTA_3,22.154,5,2.2154,2.6585,2.4369,1,9,6,1,1,1
-a55Q6RWvTA_3,22.154,6,2.6585,3.1016,2.88,2,9,7,1,1,1
-a55Q6RWvTA_3,22.154,7,3.1016,3.5446,3.3231,1,8,7,1,1,1
-a55Q6RWvTA_3,22.154,8,3.5446,3.9877,3.7662,2,9,6,1,1,1
-a55Q6RWvTA_3,22.154,9,3.9877,4.4308,4.2093,2,9,7,1,1,1
-a55Q6RWvTA_3,22.154,10,4.4308,4.8739,4.6523,1,9,7,1,1,1
-a55Q6RWvTA_3,22.154,11,4.8739,5.317,5.0954,2,9,6,1,1,1
-a55Q6RWvTA_3,22.154,12,5.317,5.76,5.5385,1,9,7,1,1,1
-a55Q6RWvTA_3,22.154,13,5.76,6.2031,5.9816,2,9,7,1,1,1
-a55Q6RWvTA_3,22.154,14,6.2031,6.6462,6.4247,1,8,6,1,1,1
-a55Q6RWvTA_3,22.154,15,6.6462,7.0893,6.8677,2,9,7,1,1,1
-a55Q6RWvTA_3,22.154,16,7.0893,7.5324,7.3108,2,9,6,1,1,1
-a55Q6RWvTA_3,22.154,17,7.5324,7.9754,7.7539,1,9,7,1,1,1
-a55Q6RWvTA_3,22.154,18,7.9754,8.4185,8.197,2,9,7,1,1,1
-a55Q6RWvTA_3,22.154,19,8.4185,8.8616,8.6401,1,9,6,1,1,1
-a55Q6RWvTA_3,22.154,20,8.8616,9.3047,9.0831,2,9,7,1,1,1
-a55Q6RWvTA_3,22.154,21,9.3047,9.7478,9.5262,1,8,7,1,1,1
-a55Q6RWvTA_3,22.154,22,9.7478,10.1908,9.9693,2,9,6,1,1,1
-a55Q6RWvTA_3,22.154,23,10.1908,10.6339,10.4124,1,9,7,1,1,1
-a55Q6RWvTA_3,22.154,24,10.6339,11.077,10.8555,2,9,7,1,1,1
-a55Q6RWvTA_3,22.154,25,11.077,11.5201,11.2985,2,9,6,1,1,1
-a55Q6RWvTA_3,22.154,26,11.5201,11.9632,11.7416,1,9,7,1,1,1
-a55Q6RWvTA_3,22.154,27,11.9632,12.4062,12.1847,2,9,7,1,1,1
-a55Q6RWvTA_3,22.154,28,12.4062,12.8493,12.6278,1,8,6,1,1,1
-a55Q6RWvTA_3,22.154,29,12.8493,13.2924,13.0709,2,9,7,1,1,1
-a55Q6RWvTA_3,22.154,30,13.2924,13.7355,13.5139,1,9,7,1,1,1
-a55Q6RWvTA_3,22.154,31,13.7355,14.1786,13.957,2,9,6,1,1,1
-a55Q6RWvTA_3,22.154,32,14.1786,14.6216,14.4001,1,9,7,1,1,1
-a55Q6RWvTA_3,22.154,33,14.6216,15.0647,14.8432,2,9,6,1,1,1
-a55Q6RWvTA_3,22.154,34,15.0647,15.5078,15.2863,2,9,7,1,1,1
-a55Q6RWvTA_3,22.154,35,15.5078,15.9509,15.7293,1,9,7,1,1,1
-a55Q6RWvTA_3,22.154,36,15.9509,16.394,16.1724,2,8,6,1,1,1
-a55Q6RWvTA_3,22.154,37,16.394,16.837,16.6155,1,9,7,1,1,1
-a55Q6RWvTA_3,22.154,38,16.837,17.2801,17.0586,2,9,7,1,1,1
-a55Q6RWvTA_3,22.154,39,17.2801,17.7232,17.5017,1,9,6,1,1,1
-a55Q6RWvTA_3,22.154,40,17.7232,18.1663,17.9447,2,9,7,1,1,1
-a55Q6RWvTA_3,22.154,41,18.1663,18.6094,18.3878,2,9,7,1,1,1
-a55Q6RWvTA_3,22.154,42,18.6094,19.0524,18.8309,1,9,6,1,1,1
-a55Q6RWvTA_3,22.154,43,19.0524,19.4955,19.274,2,8,7,1,1,1
-a55Q6RWvTA_3,22.154,44,19.4955,19.9386,19.7171,1,9,7,1,1,1
-a55Q6RWvTA_3,22.154,45,19.9386,20.3817,20.1601,2,9,6,1,1,1
-a55Q6RWvTA_3,22.154,46,20.3817,20.8248,20.6032,1,9,7,1,1,1
-a55Q6RWvTA_3,22.154,47,20.8248,21.2678,21.0463,2,9,7,1,1,1
-a55Q6RWvTA_3,22.154,48,21.2678,21.7109,21.4894,1,9,6,1,1,1
-a55Q6RWvTA_3,22.154,49,21.7109,22.154,21.9325,2,7,6,1,1,1
-aNfi7CP8vM_7,8.695,0,0.0,0.1739,0.0869,0,4,3,0,1,1
-aNfi7CP8vM_7,8.695,1,0.1739,0.3478,0.2609,1,3,3,1,1,1
-aNfi7CP8vM_7,8.695,2,0.3478,0.5217,0.4348,0,4,2,0,1,1
-aNfi7CP8vM_7,8.695,3,0.5217,0.6956,0.6087,1,3,3,1,1,1
-aNfi7CP8vM_7,8.695,4,0.6956,0.8695,0.7825,0,4,3,0,1,1
-aNfi7CP8vM_7,8.695,5,0.8695,1.0434,0.9565,1,3,2,1,1,1
-aNfi7CP8vM_7,8.695,6,1.0434,1.2173,1.1303,0,4,3,0,1,1
-aNfi7CP8vM_7,8.695,7,1.2173,1.3912,1.3043,1,3,2,1,1,1
-aNfi7CP8vM_7,8.695,8,1.3912,1.5651,1.4781,0,4,3,0,1,1
-aNfi7CP8vM_7,8.695,9,1.5651,1.739,1.6521,0,3,3,0,1,1
-aNfi7CP8vM_7,8.695,10,1.739,1.9129,1.8259,1,4,2,1,1,1
-aNfi7CP8vM_7,8.695,11,1.9129,2.0868,1.9999,0,3,3,0,1,1
-aNfi7CP8vM_7,8.695,12,2.0868,2.2607,2.1738,1,4,2,1,1,1
-aNfi7CP8vM_7,8.695,13,2.2607,2.4346,2.3476,0,3,3,0,1,1
-aNfi7CP8vM_7,8.695,14,2.4346,2.6085,2.5215,1,4,3,1,1,1
-aNfi7CP8vM_7,8.695,15,2.6085,2.7824,2.6955,0,3,2,0,1,1
-aNfi7CP8vM_7,8.695,16,2.7824,2.9563,2.8693,0,4,3,0,1,1
-aNfi7CP8vM_7,8.695,17,2.9563,3.1302,3.0433,1,3,2,1,1,1
-aNfi7CP8vM_7,8.695,18,3.1302,3.3041,3.2172,0,4,3,0,1,1
-aNfi7CP8vM_7,8.695,19,3.3041,3.478,3.391,1,3,3,1,1,1
-aNfi7CP8vM_7,8.695,20,3.478,3.6519,3.5649,0,4,2,0,1,1
-aNfi7CP8vM_7,8.695,21,3.6519,3.8258,3.7389,1,3,3,1,1,1
-aNfi7CP8vM_7,8.695,22,3.8258,3.9997,3.9127,0,3,2,0,1,1
-aNfi7CP8vM_7,8.695,23,3.9997,4.1736,4.0867,1,4,3,1,1,1
-aNfi7CP8vM_7,8.695,24,4.1736,4.3475,4.2606,0,3,3,0,1,1
-aNfi7CP8vM_7,8.695,25,4.3475,4.5214,4.4345,0,4,2,0,1,1
-aNfi7CP8vM_7,8.695,26,4.5214,4.6953,4.6083,1,3,3,1,1,1
-aNfi7CP8vM_7,8.695,27,4.6953,4.8692,4.7822,0,4,3,0,1,1
-aNfi7CP8vM_7,8.695,28,4.8692,5.0431,4.9562,1,3,2,1,1,1
-aNfi7CP8vM_7,8.695,29,5.0431,5.217,5.13,0,4,3,0,1,1
-aNfi7CP8vM_7,8.695,30,5.217,5.3909,5.304,1,3,2,1,1,1
-aNfi7CP8vM_7,8.695,31,5.3909,5.5648,5.4779,0,4,3,0,1,1
-aNfi7CP8vM_7,8.695,32,5.5648,5.7387,5.6517,1,3,3,1,1,1
-aNfi7CP8vM_7,8.695,33,5.7387,5.9126,5.8256,0,4,2,0,1,1
-aNfi7CP8vM_7,8.695,34,5.9126,6.0865,5.9996,0,3,3,0,1,1
-aNfi7CP8vM_7,8.695,35,6.0865,6.2604,6.1734,1,4,2,1,1,1
-aNfi7CP8vM_7,8.695,36,6.2604,6.4343,6.3474,0,3,3,0,1,1
-aNfi7CP8vM_7,8.695,37,6.4343,6.6082,6.5213,1,4,3,1,1,1
-aNfi7CP8vM_7,8.695,38,6.6082,6.7821,6.6951,0,3,2,0,1,1
-aNfi7CP8vM_7,8.695,39,6.7821,6.956,6.869,1,4,3,1,1,1
-aNfi7CP8vM_7,8.695,40,6.956,7.1299,7.0429,0,3,2,0,1,1
-aNfi7CP8vM_7,8.695,41,7.1299,7.3038,7.2168,0,4,3,0,1,1
-aNfi7CP8vM_7,8.695,42,7.3038,7.4777,7.3907,1,3,3,1,1,1
-aNfi7CP8vM_7,8.695,43,7.4777,7.6516,7.5647,0,4,2,0,1,1
-aNfi7CP8vM_7,8.695,44,7.6516,7.8255,7.7386,1,3,3,1,1,1
-aNfi7CP8vM_7,8.695,45,7.8255,7.9994,7.9124,0,3,2,0,1,1
-aNfi7CP8vM_7,8.695,46,7.9994,8.1733,8.0863,1,4,3,1,1,1
-aNfi7CP8vM_7,8.695,47,8.1733,8.3472,8.2602,0,3,3,0,1,1
-aNfi7CP8vM_7,8.695,48,8.3472,8.5211,8.4342,1,4,2,1,1,1
-aNfi7CP8vM_7,8.695,49,8.5211,8.695,8.6081,0,0,1,0,0,1
-aqamKhZ1Ec_0,10.9667,0,0.0,0.2193,0.1097,0,5,4,0,1,1
-aqamKhZ1Ec_0,10.9667,1,0.2193,0.4387,0.329,1,4,3,1,1,1
-aqamKhZ1Ec_0,10.9667,2,0.4387,0.658,0.5483,0,5,3,0,1,1
-aqamKhZ1Ec_0,10.9667,3,0.658,0.8773,0.7677,0,4,4,0,1,1
-aqamKhZ1Ec_0,10.9667,4,0.8773,1.0967,0.987,1,4,3,1,1,1
-aqamKhZ1Ec_0,10.9667,5,1.0967,1.316,1.2063,0,5,3,0,1,1
-aqamKhZ1Ec_0,10.9667,6,1.316,1.5353,1.4257,0,4,4,0,1,1
-aqamKhZ1Ec_0,10.9667,7,1.5353,1.7547,1.645,1,5,3,1,1,1
-aqamKhZ1Ec_0,10.9667,8,1.7547,1.974,1.8643,0,4,3,0,1,1
-aqamKhZ1Ec_0,10.9667,9,1.974,2.1933,2.0837,0,4,3,0,1,1
-aqamKhZ1Ec_0,10.9667,10,2.1933,2.4127,2.303,1,5,4,1,1,1
-aqamKhZ1Ec_0,10.9667,11,2.4127,2.632,2.5223,0,4,3,0,1,1
-aqamKhZ1Ec_0,10.9667,12,2.632,2.8513,2.7417,0,5,3,0,1,1
-aqamKhZ1Ec_0,10.9667,13,2.8513,3.0707,2.961,0,4,4,0,1,1
-aqamKhZ1Ec_0,10.9667,14,3.0707,3.29,3.1803,1,4,3,1,1,1
-aqamKhZ1Ec_0,10.9667,15,3.29,3.5093,3.3997,0,5,3,0,1,1
-aqamKhZ1Ec_0,10.9667,16,3.5093,3.7287,3.619,0,4,3,0,1,1
-aqamKhZ1Ec_0,10.9667,17,3.7287,3.948,3.8383,1,4,4,1,1,1
-aqamKhZ1Ec_0,10.9667,18,3.948,4.1673,4.0577,0,5,3,0,1,1
-aqamKhZ1Ec_0,10.9667,19,4.1673,4.3867,4.277,0,4,3,0,1,1
-aqamKhZ1Ec_0,10.9667,20,4.3867,4.606,4.4963,1,5,4,1,1,1
-aqamKhZ1Ec_0,10.9667,21,4.606,4.8253,4.7157,0,4,3,0,1,1
-aqamKhZ1Ec_0,10.9667,22,4.8253,5.0447,4.935,0,4,3,0,1,1
-aqamKhZ1Ec_0,10.9667,23,5.0447,5.264,5.1543,1,5,3,1,1,1
-aqamKhZ1Ec_0,10.9667,24,5.264,5.4833,5.3737,0,4,4,0,1,1
-aqamKhZ1Ec_0,10.9667,25,5.4833,5.7027,5.593,0,5,3,0,1,1
-aqamKhZ1Ec_0,10.9667,26,5.7027,5.922,5.8124,1,4,3,1,1,1
-aqamKhZ1Ec_0,10.9667,27,5.922,6.1414,6.0317,0,4,4,0,1,1
-aqamKhZ1Ec_0,10.9667,28,6.1414,6.3607,6.251,0,5,3,0,1,1
-aqamKhZ1Ec_0,10.9667,29,6.3607,6.58,6.4704,1,4,3,1,1,1
-aqamKhZ1Ec_0,10.9667,30,6.58,6.7994,6.6897,0,4,3,0,1,1
-aqamKhZ1Ec_0,10.9667,31,6.7994,7.0187,6.909,0,5,4,0,1,1
-aqamKhZ1Ec_0,10.9667,32,7.0187,7.238,7.1284,1,4,3,1,1,1
-aqamKhZ1Ec_0,10.9667,33,7.238,7.4574,7.3477,0,5,3,0,1,1
-aqamKhZ1Ec_0,10.9667,34,7.4574,7.6767,7.567,0,4,4,0,1,1
-aqamKhZ1Ec_0,10.9667,35,7.6767,7.896,7.7864,1,4,3,1,1,1
-aqamKhZ1Ec_0,10.9667,36,7.896,8.1154,8.0057,0,5,3,0,1,1
-aqamKhZ1Ec_0,10.9667,37,8.1154,8.3347,8.225,0,4,4,0,1,1
-aqamKhZ1Ec_0,10.9667,38,8.3347,8.554,8.4444,0,5,3,0,1,1
-aqamKhZ1Ec_0,10.9667,39,8.554,8.7734,8.6637,1,4,3,1,1,1
-aqamKhZ1Ec_0,10.9667,40,8.7734,8.9927,8.883,0,4,3,0,1,1
-aqamKhZ1Ec_0,10.9667,41,8.9927,9.212,9.1024,0,5,4,0,1,1
-aqamKhZ1Ec_0,10.9667,42,9.212,9.4314,9.3217,1,4,3,1,1,1
-aqamKhZ1Ec_0,10.9667,43,9.4314,9.6507,9.541,0,5,3,0,1,1
-aqamKhZ1Ec_0,10.9667,44,9.6507,9.87,9.7604,0,4,4,0,1,1
-aqamKhZ1Ec_0,10.9667,45,9.87,10.0894,9.9797,1,4,3,1,1,1
-aqamKhZ1Ec_0,10.9667,46,10.0894,10.3087,10.199,0,5,3,0,1,1
-aqamKhZ1Ec_0,10.9667,47,10.3087,10.528,10.4184,0,4,3,0,1,1
-aqamKhZ1Ec_0,10.9667,48,10.528,10.7474,10.6377,1,4,4,1,1,1
-aqamKhZ1Ec_0,10.9667,49,10.7474,10.9667,10.857,0,3,3,0,1,1
-dxfTGcXJoc_1,16.161,0,0.0,0.3232,0.1616,1,7,5,1,1,1
-dxfTGcXJoc_1,16.161,1,0.3232,0.6464,0.4848,1,6,5,1,1,1
-dxfTGcXJoc_1,16.161,2,0.6464,0.9697,0.808,0,7,5,0,1,1
-dxfTGcXJoc_1,16.161,3,0.9697,1.2929,1.1313,1,6,5,1,1,1
-dxfTGcXJoc_1,16.161,4,1.2929,1.6161,1.4545,1,7,5,1,1,1
-dxfTGcXJoc_1,16.161,5,1.6161,1.9393,1.7777,1,6,5,1,1,1
-dxfTGcXJoc_1,16.161,6,1.9393,2.2625,2.1009,1,7,4,1,1,1
-dxfTGcXJoc_1,16.161,7,2.2625,2.5858,2.4242,1,6,5,1,1,1
-dxfTGcXJoc_1,16.161,8,2.5858,2.909,2.7474,0,7,5,0,1,1
-dxfTGcXJoc_1,16.161,9,2.909,3.2322,3.0706,1,6,5,1,1,1
-dxfTGcXJoc_1,16.161,10,3.2322,3.5554,3.3938,1,7,5,1,1,1
-dxfTGcXJoc_1,16.161,11,3.5554,3.8786,3.717,1,6,5,1,1,1
-dxfTGcXJoc_1,16.161,12,3.8786,4.2019,4.0403,1,7,5,1,1,1
-dxfTGcXJoc_1,16.161,13,4.2019,4.5251,4.3635,0,6,4,0,1,1
-dxfTGcXJoc_1,16.161,14,4.5251,4.8483,4.6867,1,6,5,1,1,1
-dxfTGcXJoc_1,16.161,15,4.8483,5.1715,5.0099,1,7,5,1,1,1
-dxfTGcXJoc_1,16.161,16,5.1715,5.4947,5.3331,1,6,5,1,1,1
-dxfTGcXJoc_1,16.161,17,5.4947,5.818,5.6563,1,7,5,1,1,1
-dxfTGcXJoc_1,16.161,18,5.818,6.1412,5.9796,1,6,5,1,1,1
-dxfTGcXJoc_1,16.161,19,6.1412,6.4644,6.3028,0,7,4,0,1,1
-dxfTGcXJoc_1,16.161,20,6.4644,6.7876,6.626,1,6,5,1,1,1
-dxfTGcXJoc_1,16.161,21,6.7876,7.1108,6.9492,1,7,5,1,1,1
-dxfTGcXJoc_1,16.161,22,7.1108,7.4341,7.2725,1,6,5,1,1,1
-dxfTGcXJoc_1,16.161,23,7.4341,7.7573,7.5957,1,7,5,1,1,1
-dxfTGcXJoc_1,16.161,24,7.7573,8.0805,7.9189,0,6,5,0,1,1
-dxfTGcXJoc_1,16.161,25,8.0805,8.4037,8.2421,1,7,5,1,1,1
-dxfTGcXJoc_1,16.161,26,8.4037,8.7269,8.5653,1,6,4,1,1,1
-dxfTGcXJoc_1,16.161,27,8.7269,9.0502,8.8886,1,7,5,1,1,1
-dxfTGcXJoc_1,16.161,28,9.0502,9.3734,9.2118,1,6,5,1,1,1
-dxfTGcXJoc_1,16.161,29,9.3734,9.6966,9.535,1,6,5,1,1,1
-dxfTGcXJoc_1,16.161,30,9.6966,10.0198,9.8582,0,7,5,0,1,1
-dxfTGcXJoc_1,16.161,31,10.0198,10.343,10.1814,1,6,5,1,1,1
-dxfTGcXJoc_1,16.161,32,10.343,10.6663,10.5046,1,7,4,1,1,1
-dxfTGcXJoc_1,16.161,33,10.6663,10.9895,10.8279,1,6,5,1,1,1
-dxfTGcXJoc_1,16.161,34,10.9895,11.3127,11.1511,1,7,5,1,1,1
-dxfTGcXJoc_1,16.161,35,11.3127,11.6359,11.4743,1,6,5,1,1,1
-dxfTGcXJoc_1,16.161,36,11.6359,11.9591,11.7975,0,7,5,0,1,1
-dxfTGcXJoc_1,16.161,37,11.9591,12.2824,12.1208,1,6,5,1,1,1
-dxfTGcXJoc_1,16.161,38,12.2824,12.6056,12.444,1,7,5,1,1,1
-dxfTGcXJoc_1,16.161,39,12.6056,12.9288,12.7672,1,6,4,1,1,1
-dxfTGcXJoc_1,16.161,40,12.9288,13.252,13.0904,1,7,5,1,1,1
-dxfTGcXJoc_1,16.161,41,13.252,13.5752,13.4136,0,6,5,0,1,1
-dxfTGcXJoc_1,16.161,42,13.5752,13.8985,13.7369,1,6,5,1,1,1
-dxfTGcXJoc_1,16.161,43,13.8985,14.2217,14.0601,1,7,5,1,1,1
-dxfTGcXJoc_1,16.161,44,14.2217,14.5449,14.3833,1,6,5,1,1,1
-dxfTGcXJoc_1,16.161,45,14.5449,14.8681,14.7065,1,7,5,1,1,1
-dxfTGcXJoc_1,16.161,46,14.8681,15.1913,15.0297,1,6,4,1,1,1
-dxfTGcXJoc_1,16.161,47,15.1913,15.5146,15.3529,0,7,5,0,1,1
-dxfTGcXJoc_1,16.161,48,15.5146,15.8378,15.6762,1,6,5,1,1,1
-dxfTGcXJoc_1,16.161,49,15.8378,16.161,15.9994,1,4,4,1,1,1
-dxfTGcXJoc_0,20.5,0,0.0,0.41,0.205,1,9,7,1,1,1
-dxfTGcXJoc_0,20.5,1,0.41,0.82,0.615,1,8,6,1,1,1
-dxfTGcXJoc_0,20.5,2,0.82,1.23,1.025,1,8,6,1,1,1
-dxfTGcXJoc_0,20.5,3,1.23,1.64,1.435,1,8,6,1,1,1
-dxfTGcXJoc_0,20.5,4,1.64,2.05,1.845,1,9,6,1,1,1
-dxfTGcXJoc_0,20.5,5,2.05,2.46,2.255,1,8,6,1,1,1
-dxfTGcXJoc_0,20.5,6,2.46,2.87,2.665,1,8,7,1,1,1
-dxfTGcXJoc_0,20.5,7,2.87,3.28,3.075,1,8,6,1,1,1
-dxfTGcXJoc_0,20.5,8,3.28,3.69,3.485,0,8,6,0,1,1
-dxfTGcXJoc_0,20.5,9,3.69,4.1,3.895,1,9,6,1,1,1
-dxfTGcXJoc_0,20.5,10,4.1,4.51,4.305,1,8,6,1,1,1
-dxfTGcXJoc_0,20.5,11,4.51,4.92,4.715,1,8,6,1,1,1
-dxfTGcXJoc_0,20.5,12,4.92,5.33,5.125,1,8,6,1,1,1
-dxfTGcXJoc_0,20.5,13,5.33,5.74,5.535,1,8,7,1,1,1
-dxfTGcXJoc_0,20.5,14,5.74,6.15,5.945,1,8,6,1,1,1
-dxfTGcXJoc_0,20.5,15,6.15,6.56,6.355,1,9,6,1,1,1
-dxfTGcXJoc_0,20.5,16,6.56,6.97,6.765,1,8,6,1,1,1
-dxfTGcXJoc_0,20.5,17,6.97,7.38,7.175,1,8,6,1,1,1
-dxfTGcXJoc_0,20.5,18,7.38,7.79,7.585,1,8,6,1,1,1
-dxfTGcXJoc_0,20.5,19,7.79,8.2,7.995,1,9,7,1,1,1
-dxfTGcXJoc_0,20.5,20,8.2,8.61,8.405,1,8,6,1,1,1
-dxfTGcXJoc_0,20.5,21,8.61,9.02,8.815,1,8,6,1,1,1
-dxfTGcXJoc_0,20.5,22,9.02,9.43,9.225,1,8,6,1,1,1
-dxfTGcXJoc_0,20.5,23,9.43,9.84,9.635,1,8,6,1,1,1
-dxfTGcXJoc_0,20.5,24,9.84,10.25,10.045,0,8,6,0,1,1
-dxfTGcXJoc_0,20.5,25,10.25,10.66,10.455,1,9,6,1,1,1
-dxfTGcXJoc_0,20.5,26,10.66,11.07,10.865,1,8,7,1,1,1
-dxfTGcXJoc_0,20.5,27,11.07,11.48,11.275,1,8,6,1,1,1
-dxfTGcXJoc_0,20.5,28,11.48,11.89,11.685,1,8,6,1,1,1
-dxfTGcXJoc_0,20.5,29,11.89,12.3,12.095,1,8,6,1,1,1
-dxfTGcXJoc_0,20.5,30,12.3,12.71,12.505,1,9,6,1,1,1
-dxfTGcXJoc_0,20.5,31,12.71,13.12,12.915,1,8,6,1,1,1
-dxfTGcXJoc_0,20.5,32,13.12,13.53,13.325,1,8,6,1,1,1
-dxfTGcXJoc_0,20.5,33,13.53,13.94,13.735,1,8,7,1,1,1
-dxfTGcXJoc_0,20.5,34,13.94,14.35,14.145,1,8,6,1,1,1
-dxfTGcXJoc_0,20.5,35,14.35,14.76,14.555,1,9,6,1,1,1
-dxfTGcXJoc_0,20.5,36,14.76,15.17,14.965,1,8,6,1,1,1
-dxfTGcXJoc_0,20.5,37,15.17,15.58,15.375,1,8,6,1,1,1
-dxfTGcXJoc_0,20.5,38,15.58,15.99,15.785,1,8,6,1,1,1
-dxfTGcXJoc_0,20.5,39,15.99,16.4,16.195,1,9,7,1,1,1
-dxfTGcXJoc_0,20.5,40,16.4,16.81,16.605,1,8,6,1,1,1
-dxfTGcXJoc_0,20.5,41,16.81,17.22,17.015,0,8,6,0,1,1
-dxfTGcXJoc_0,20.5,42,17.22,17.63,17.425,1,8,6,1,1,1
-dxfTGcXJoc_0,20.5,43,17.63,18.04,17.835,1,8,6,1,1,1
-dxfTGcXJoc_0,20.5,44,18.04,18.45,18.245,1,8,6,1,1,1
-dxfTGcXJoc_0,20.5,45,18.45,18.86,18.655,1,9,6,1,1,1
-dxfTGcXJoc_0,20.5,46,18.86,19.27,19.065,1,8,7,1,1,1
-dxfTGcXJoc_0,20.5,47,19.27,19.68,19.475,1,8,6,1,1,1
-dxfTGcXJoc_0,20.5,48,19.68,20.09,19.885,1,8,6,1,1,1
-dxfTGcXJoc_0,20.5,49,20.09,20.5,20.295,1,7,6,1,1,1
-dxfTGcXJoc_2,16.698,0,0.0,0.334,0.167,1,7,6,1,1,1
-dxfTGcXJoc_2,16.698,1,0.334,0.6679,0.5009,1,7,5,1,1,1
-dxfTGcXJoc_2,16.698,2,0.6679,1.0019,0.8349,0,7,5,0,1,1
-dxfTGcXJoc_2,16.698,3,1.0019,1.3358,1.1689,1,6,5,1,1,1
-dxfTGcXJoc_2,16.698,4,1.3358,1.6698,1.5028,1,7,5,1,1,1
-dxfTGcXJoc_2,16.698,5,1.6698,2.0038,1.8368,1,7,5,1,1,1
-dxfTGcXJoc_2,16.698,6,2.0038,2.3377,2.1707,0,6,5,0,1,1
-dxfTGcXJoc_2,16.698,7,2.3377,2.6717,2.5047,1,7,5,1,1,1
-dxfTGcXJoc_2,16.698,8,2.6717,3.0056,2.8387,1,7,5,1,1,1
-dxfTGcXJoc_2,16.698,9,3.0056,3.3396,3.1726,1,6,5,1,1,1
-dxfTGcXJoc_2,16.698,10,3.3396,3.6736,3.5066,1,7,5,1,1,1
-dxfTGcXJoc_2,16.698,11,3.6736,4.0075,3.8405,0,7,5,0,1,1
-dxfTGcXJoc_2,16.698,12,4.0075,4.3415,4.1745,1,6,5,1,1,1
-dxfTGcXJoc_2,16.698,13,4.3415,4.6754,4.5085,1,7,5,1,1,1
-dxfTGcXJoc_2,16.698,14,4.6754,5.0094,4.8424,1,7,5,1,1,1
-dxfTGcXJoc_2,16.698,15,5.0094,5.3434,5.1764,0,6,5,0,1,1
-dxfTGcXJoc_2,16.698,16,5.3434,5.6773,5.5103,1,7,5,1,1,1
-dxfTGcXJoc_2,16.698,17,5.6773,6.0113,5.8443,1,7,5,1,1,1
-dxfTGcXJoc_2,16.698,18,6.0113,6.3452,6.1783,1,6,5,1,1,1
-dxfTGcXJoc_2,16.698,19,6.3452,6.6792,6.5122,1,7,5,1,1,1
-dxfTGcXJoc_2,16.698,20,6.6792,7.0132,6.8462,0,7,5,0,1,1
-dxfTGcXJoc_2,16.698,21,7.0132,7.3471,7.1801,1,6,5,1,1,1
-dxfTGcXJoc_2,16.698,22,7.3471,7.6811,7.5141,1,7,5,1,1,1
-dxfTGcXJoc_2,16.698,23,7.6811,8.015,7.8481,1,7,5,1,1,1
-dxfTGcXJoc_2,16.698,24,8.015,8.349,8.182,1,6,5,1,1,1
-dxfTGcXJoc_2,16.698,25,8.349,8.683,8.516,0,7,5,0,1,1
-dxfTGcXJoc_2,16.698,26,8.683,9.0169,8.8499,1,7,5,1,1,1
-dxfTGcXJoc_2,16.698,27,9.0169,9.3509,9.1839,1,7,5,1,1,1
-dxfTGcXJoc_2,16.698,28,9.3509,9.6848,9.5179,1,6,5,1,1,1
-dxfTGcXJoc_2,16.698,29,9.6848,10.0188,9.8518,0,7,5,0,1,1
-dxfTGcXJoc_2,16.698,30,10.0188,10.3528,10.1858,1,7,5,1,1,1
-dxfTGcXJoc_2,16.698,31,10.3528,10.6867,10.5197,1,6,5,1,1,1
-dxfTGcXJoc_2,16.698,32,10.6867,11.0207,10.8537,1,7,5,1,1,1
-dxfTGcXJoc_2,16.698,33,11.0207,11.3546,11.1877,1,7,5,1,1,1
-dxfTGcXJoc_2,16.698,34,11.3546,11.6886,11.5216,0,6,5,0,1,1
-dxfTGcXJoc_2,16.698,35,11.6886,12.0226,11.8556,1,7,5,1,1,1
-dxfTGcXJoc_2,16.698,36,12.0226,12.3565,12.1895,1,7,5,1,1,1
-dxfTGcXJoc_2,16.698,37,12.3565,12.6905,12.5235,1,6,5,1,1,1
-dxfTGcXJoc_2,16.698,38,12.6905,13.0244,12.8575,0,7,5,0,1,1
-dxfTGcXJoc_2,16.698,39,13.0244,13.3584,13.1914,1,7,5,1,1,1
-dxfTGcXJoc_2,16.698,40,13.3584,13.6924,13.5254,1,6,5,1,1,1
-dxfTGcXJoc_2,16.698,41,13.6924,14.0263,13.8593,1,7,5,1,1,1
-dxfTGcXJoc_2,16.698,42,14.0263,14.3603,14.1933,1,7,5,1,1,1
-dxfTGcXJoc_2,16.698,43,14.3603,14.6942,14.5273,0,6,5,0,1,1
-dxfTGcXJoc_2,16.698,44,14.6942,15.0282,14.8612,1,7,5,1,1,1
-dxfTGcXJoc_2,16.698,45,15.0282,15.3622,15.1952,1,7,5,1,1,1
-dxfTGcXJoc_2,16.698,46,15.3622,15.6961,15.5291,1,6,5,1,1,1
-dxfTGcXJoc_2,16.698,47,15.6961,16.0301,15.8631,0,7,5,0,1,1
-dxfTGcXJoc_2,16.698,48,16.0301,16.364,16.1971,1,7,5,1,1,1
-dxfTGcXJoc_2,16.698,49,16.364,16.698,16.531,1,5,4,1,1,1
-dxfTGcXJoc_6,12.735,0,0.0,0.2547,0.1273,1,6,4,1,1,1
-dxfTGcXJoc_6,12.735,1,0.2547,0.5094,0.3821,0,5,4,0,1,1
-dxfTGcXJoc_6,12.735,2,0.5094,0.7641,0.6367,1,5,4,1,1,1
-dxfTGcXJoc_6,12.735,3,0.7641,1.0188,0.8914,0,5,4,0,1,1
-dxfTGcXJoc_6,12.735,4,1.0188,1.2735,1.1462,1,5,4,1,1,1
-dxfTGcXJoc_6,12.735,5,1.2735,1.5282,1.4008,1,5,3,1,1,1
-dxfTGcXJoc_6,12.735,6,1.5282,1.7829,1.6555,0,5,4,0,1,1
-dxfTGcXJoc_6,12.735,7,1.7829,2.0376,1.9103,1,5,4,1,1,1
-dxfTGcXJoc_6,12.735,8,2.0376,2.2923,2.165,1,5,4,1,1,1
-dxfTGcXJoc_6,12.735,9,2.2923,2.547,2.4196,0,5,4,0,1,1
-dxfTGcXJoc_6,12.735,10,2.547,2.8017,2.6743,1,6,4,1,1,1
-dxfTGcXJoc_6,12.735,11,2.8017,3.0564,2.9291,0,5,3,0,1,1
-dxfTGcXJoc_6,12.735,12,3.0564,3.3111,3.1837,1,5,4,1,1,1
-dxfTGcXJoc_6,12.735,13,3.3111,3.5658,3.4384,1,5,4,1,1,1
-dxfTGcXJoc_6,12.735,14,3.5658,3.8205,3.6931,0,5,4,0,1,1
-dxfTGcXJoc_6,12.735,15,3.8205,4.0752,3.9478,1,5,4,1,1,1
-dxfTGcXJoc_6,12.735,16,4.0752,4.3299,4.2025,1,5,3,1,1,1
-dxfTGcXJoc_6,12.735,17,4.3299,4.5846,4.4573,0,5,4,0,1,1
-dxfTGcXJoc_6,12.735,18,4.5846,4.8393,4.7119,1,5,4,1,1,1
-dxfTGcXJoc_6,12.735,19,4.8393,5.094,4.9666,0,5,4,0,1,1
-dxfTGcXJoc_6,12.735,20,5.094,5.3487,5.2213,1,5,4,1,1,1
-dxfTGcXJoc_6,12.735,21,5.3487,5.6034,5.476,1,6,4,1,1,1
-dxfTGcXJoc_6,12.735,22,5.6034,5.8581,5.7307,0,5,3,0,1,1
-dxfTGcXJoc_6,12.735,23,5.8581,6.1128,5.9855,1,5,4,1,1,1
-dxfTGcXJoc_6,12.735,24,6.1128,6.3675,6.2401,0,5,4,0,1,1
-dxfTGcXJoc_6,12.735,25,6.3675,6.6222,6.4948,1,5,4,1,1,1
-dxfTGcXJoc_6,12.735,26,6.6222,6.8769,6.7495,1,5,4,1,1,1
-dxfTGcXJoc_6,12.735,27,6.8769,7.1316,7.0042,0,5,3,0,1,1
-dxfTGcXJoc_6,12.735,28,7.1316,7.3863,7.2589,1,5,4,1,1,1
-dxfTGcXJoc_6,12.735,29,7.3863,7.641,7.5136,1,5,4,1,1,1
-dxfTGcXJoc_6,12.735,30,7.641,7.8957,7.7683,0,5,4,0,1,1
-dxfTGcXJoc_6,12.735,31,7.8957,8.1504,8.023,1,6,4,1,1,1
-dxfTGcXJoc_6,12.735,32,8.1504,8.4051,8.2777,0,5,4,0,1,1
-dxfTGcXJoc_6,12.735,33,8.4051,8.6598,8.5324,1,5,3,1,1,1
-dxfTGcXJoc_6,12.735,34,8.6598,8.9145,8.7871,1,5,4,1,1,1
-dxfTGcXJoc_6,12.735,35,8.9145,9.1692,9.0419,0,5,4,0,1,1
-dxfTGcXJoc_6,12.735,36,9.1692,9.4239,9.2965,1,5,4,1,1,1
-dxfTGcXJoc_6,12.735,37,9.4239,9.6786,9.5512,1,5,4,1,1,1
-dxfTGcXJoc_6,12.735,38,9.6786,9.9333,9.8059,0,5,3,0,1,1
-dxfTGcXJoc_6,12.735,39,9.9333,10.188,10.0606,1,5,4,1,1,1
-dxfTGcXJoc_6,12.735,40,10.188,10.4427,10.3153,0,5,4,0,1,1
-dxfTGcXJoc_6,12.735,41,10.4427,10.6974,10.57,1,5,4,1,1,1
-dxfTGcXJoc_6,12.735,42,10.6974,10.9521,10.8247,1,6,4,1,1,1
-dxfTGcXJoc_6,12.735,43,10.9521,11.2068,11.0794,0,5,4,0,1,1
-dxfTGcXJoc_6,12.735,44,11.2068,11.4615,11.3341,1,5,3,1,1,1
-dxfTGcXJoc_6,12.735,45,11.4615,11.7162,11.5888,1,5,4,1,1,1
-dxfTGcXJoc_6,12.735,46,11.7162,11.9709,11.8435,0,5,4,0,1,1
-dxfTGcXJoc_6,12.735,47,11.9709,12.2256,12.0983,1,5,4,1,1,1
-dxfTGcXJoc_6,12.735,48,12.2256,12.4803,12.3529,0,5,4,0,1,1
-dxfTGcXJoc_6,12.735,49,12.4803,12.735,12.6076,1,3,3,1,1,1
-egA8-b7-3M_26,6.031,0,0.0,0.1206,0.0603,0,3,2,0,1,1
-egA8-b7-3M_26,6.031,1,0.1206,0.2412,0.1809,1,2,2,1,1,1
-egA8-b7-3M_26,6.031,2,0.2412,0.3619,0.3015,0,3,2,0,1,1
-egA8-b7-3M_26,6.031,3,0.3619,0.4825,0.4222,0,2,2,0,1,1
-egA8-b7-3M_26,6.031,4,0.4825,0.6031,0.5428,1,3,2,1,1,1
-egA8-b7-3M_26,6.031,5,0.6031,0.7237,0.6634,0,2,1,0,1,1
-egA8-b7-3M_26,6.031,6,0.7237,0.8443,0.784,0,2,2,0,1,1
-egA8-b7-3M_26,6.031,7,0.8443,0.965,0.9046,1,3,2,1,1,1
-egA8-b7-3M_26,6.031,8,0.965,1.0856,1.0253,0,2,2,0,1,1
-egA8-b7-3M_26,6.031,9,1.0856,1.2062,1.1459,0,3,2,0,1,1
-egA8-b7-3M_26,6.031,10,1.2062,1.3268,1.2665,1,2,1,1,1,1
-egA8-b7-3M_26,6.031,11,1.3268,1.4474,1.3871,0,2,2,0,1,1
-egA8-b7-3M_26,6.031,12,1.4474,1.5681,1.5077,0,3,2,0,1,1
-egA8-b7-3M_26,6.031,13,1.5681,1.6887,1.6284,1,2,2,1,1,1
-egA8-b7-3M_26,6.031,14,1.6887,1.8093,1.749,0,3,2,0,1,1
-egA8-b7-3M_26,6.031,15,1.8093,1.9299,1.8696,0,2,1,0,1,1
-egA8-b7-3M_26,6.031,16,1.9299,2.0505,1.9902,1,3,2,1,1,1
-egA8-b7-3M_26,6.031,17,2.0505,2.1712,2.1109,0,2,2,0,1,1
-egA8-b7-3M_26,6.031,18,2.1712,2.2918,2.2315,0,2,2,0,1,1
-egA8-b7-3M_26,6.031,19,2.2918,2.4124,2.3521,1,3,2,1,1,1
-egA8-b7-3M_26,6.031,20,2.4124,2.533,2.4727,0,2,1,0,1,1
-egA8-b7-3M_26,6.031,21,2.533,2.6536,2.5933,0,3,2,0,1,1
-egA8-b7-3M_26,6.031,22,2.6536,2.7743,2.7139,1,2,2,1,1,1
-egA8-b7-3M_26,6.031,23,2.7743,2.8949,2.8346,0,2,2,0,1,1
-egA8-b7-3M_26,6.031,24,2.8949,3.0155,2.9552,1,3,2,1,1,1
-egA8-b7-3M_26,6.031,25,3.0155,3.1361,3.0758,0,2,2,0,1,1
-egA8-b7-3M_26,6.031,26,3.1361,3.2567,3.1964,0,3,1,0,1,1
-egA8-b7-3M_26,6.031,27,3.2567,3.3774,3.3171,1,2,2,1,1,1
-egA8-b7-3M_26,6.031,28,3.3774,3.498,3.4377,0,2,2,0,1,1
-egA8-b7-3M_26,6.031,29,3.498,3.6186,3.5583,0,3,2,0,1,1
-egA8-b7-3M_26,6.031,30,3.6186,3.7392,3.6789,1,2,2,1,1,1
-egA8-b7-3M_26,6.031,31,3.7392,3.8598,3.7995,0,3,1,0,1,1
-egA8-b7-3M_26,6.031,32,3.8598,3.9805,3.9201,0,2,2,0,1,1
-egA8-b7-3M_26,6.031,33,3.9805,4.1011,4.0408,1,3,2,1,1,1
-egA8-b7-3M_26,6.031,34,4.1011,4.2217,4.1614,0,2,2,0,1,1
-egA8-b7-3M_26,6.031,35,4.2217,4.3423,4.282,0,2,2,0,1,1
-egA8-b7-3M_26,6.031,36,4.3423,4.4629,4.4026,1,3,1,1,1,1
-egA8-b7-3M_26,6.031,37,4.4629,4.5836,4.5232,0,2,2,0,1,1
-egA8-b7-3M_26,6.031,38,4.5836,4.7042,4.6439,0,3,2,0,1,1
-egA8-b7-3M_26,6.031,39,4.7042,4.8248,4.7645,1,2,2,1,1,1
-egA8-b7-3M_26,6.031,40,4.8248,4.9454,4.8851,0,2,2,0,1,1
-egA8-b7-3M_26,6.031,41,4.9454,5.066,5.0057,0,3,1,0,1,1
-egA8-b7-3M_26,6.031,42,5.066,5.1867,5.1263,1,2,2,1,1,1
-egA8-b7-3M_26,6.031,43,5.1867,5.3073,5.247,0,3,2,0,1,1
-egA8-b7-3M_26,6.031,44,5.3073,5.4279,5.3676,0,2,2,0,1,1
-egA8-b7-3M_26,6.031,45,5.4279,5.5485,5.4882,1,2,2,1,1,1
-egA8-b7-3M_26,6.031,46,5.5485,5.6691,5.6088,0,3,2,0,1,1
-egA8-b7-3M_26,6.031,47,5.6691,5.7898,5.7294,0,2,1,0,1,1
-egA8-b7-3M_26,6.031,48,5.7898,5.9104,5.8501,1,3,2,1,1,1
-egA8-b7-3M_26,6.031,49,5.9104,6.031,5.9707,0,0,1,0,0,1
-egA8-b7-3M_17,7.271,0,0.0,0.1454,0.0727,0,3,3,0,1,1
-egA8-b7-3M_17,7.271,1,0.1454,0.2908,0.2181,1,3,2,1,1,1
-egA8-b7-3M_17,7.271,2,0.2908,0.4363,0.3635,0,3,2,0,1,1
-egA8-b7-3M_17,7.271,3,0.4363,0.5817,0.509,1,3,2,1,1,1
-egA8-b7-3M_17,7.271,4,0.5817,0.7271,0.6544,0,3,2,0,1,1
-egA8-b7-3M_17,7.271,5,0.7271,0.8725,0.7998,0,3,3,0,1,1
-egA8-b7-3M_17,7.271,6,0.8725,1.0179,0.9452,1,3,2,1,1,1
-egA8-b7-3M_17,7.271,7,1.0179,1.1634,1.0906,0,3,2,0,1,1
-egA8-b7-3M_17,7.271,8,1.1634,1.3088,1.2361,0,3,2,0,1,1
-egA8-b7-3M_17,7.271,9,1.3088,1.4542,1.3815,1,3,2,1,1,1
-egA8-b7-3M_17,7.271,10,1.4542,1.5996,1.5269,0,2,2,0,1,1
-egA8-b7-3M_17,7.271,11,1.5996,1.745,1.6723,1,3,3,1,1,1
-egA8-b7-3M_17,7.271,12,1.745,1.8905,1.8177,0,3,2,0,1,1
-egA8-b7-3M_17,7.271,13,1.8905,2.0359,1.9632,0,3,2,0,1,1
-egA8-b7-3M_17,7.271,14,2.0359,2.1813,2.1086,1,3,2,1,1,1
-egA8-b7-3M_17,7.271,15,2.1813,2.3267,2.254,0,3,2,0,1,1
-egA8-b7-3M_17,7.271,16,2.3267,2.4721,2.3994,0,3,3,0,1,1
-egA8-b7-3M_17,7.271,17,2.4721,2.6176,2.5449,1,3,2,1,1,1
-egA8-b7-3M_17,7.271,18,2.6176,2.763,2.6903,0,3,2,0,1,1
-egA8-b7-3M_17,7.271,19,2.763,2.9084,2.8357,1,3,2,1,1,1
-egA8-b7-3M_17,7.271,20,2.9084,3.0538,2.9811,0,3,2,0,1,1
-egA8-b7-3M_17,7.271,21,3.0538,3.1992,3.1265,0,2,2,0,1,1
-egA8-b7-3M_17,7.271,22,3.1992,3.3447,3.2719,1,3,3,1,1,1
-egA8-b7-3M_17,7.271,23,3.3447,3.4901,3.4174,0,3,2,0,1,1
-egA8-b7-3M_17,7.271,24,3.4901,3.6355,3.5628,0,3,2,0,1,1
-egA8-b7-3M_17,7.271,25,3.6355,3.7809,3.7082,1,3,2,1,1,1
-egA8-b7-3M_17,7.271,26,3.7809,3.9263,3.8536,0,3,2,0,1,1
-egA8-b7-3M_17,7.271,27,3.9263,4.0718,3.999,1,3,3,1,1,1
-egA8-b7-3M_17,7.271,28,4.0718,4.2172,4.1445,0,3,2,0,1,1
-egA8-b7-3M_17,7.271,29,4.2172,4.3626,4.2899,0,3,2,0,1,1
-egA8-b7-3M_17,7.271,30,4.3626,4.508,4.4353,1,3,2,1,1,1
-egA8-b7-3M_17,7.271,31,4.508,4.6534,4.5807,0,3,2,0,1,1
-egA8-b7-3M_17,7.271,32,4.6534,4.7989,4.7261,1,2,2,1,1,1
-egA8-b7-3M_17,7.271,33,4.7989,4.9443,4.8716,0,3,3,0,1,1
-egA8-b7-3M_17,7.271,34,4.9443,5.0897,5.017,0,3,2,0,1,1
-egA8-b7-3M_17,7.271,35,5.0897,5.2351,5.1624,1,3,2,1,1,1
-egA8-b7-3M_17,7.271,36,5.2351,5.3805,5.3078,0,3,2,0,1,1
-egA8-b7-3M_17,7.271,37,5.3805,5.526,5.4532,0,3,2,0,1,1
-egA8-b7-3M_17,7.271,38,5.526,5.6714,5.5987,1,3,3,1,1,1
-egA8-b7-3M_17,7.271,39,5.6714,5.8168,5.7441,0,3,2,0,1,1
-egA8-b7-3M_17,7.271,40,5.8168,5.9622,5.8895,1,3,2,1,1,1
-egA8-b7-3M_17,7.271,41,5.9622,6.1076,6.0349,0,3,2,0,1,1
-egA8-b7-3M_17,7.271,42,6.1076,6.2531,6.1803,0,3,2,0,1,1
-egA8-b7-3M_17,7.271,43,6.2531,6.3985,6.3258,1,2,2,1,1,1
-egA8-b7-3M_17,7.271,44,6.3985,6.5439,6.4712,0,3,3,0,1,1
-egA8-b7-3M_17,7.271,45,6.5439,6.6893,6.6166,0,3,2,0,1,1
-egA8-b7-3M_17,7.271,46,6.6893,6.8347,6.762,1,3,2,1,1,1
-egA8-b7-3M_17,7.271,47,6.8347,6.9802,6.9074,0,3,2,0,1,1
-egA8-b7-3M_17,7.271,48,6.9802,7.1256,7.0529,1,2,2,1,1,1
-egA8-b7-3M_17,7.271,49,7.1256,7.271,7.1983,0,0,1,0,0,1
-egA8-b7-3M_18,8.386,0,0.0,0.1677,0.0839,0,4,3,0,1,1
-egA8-b7-3M_18,8.386,1,0.1677,0.3354,0.2516,1,3,3,1,1,1
-egA8-b7-3M_18,8.386,2,0.3354,0.5032,0.4193,0,4,2,0,1,1
-egA8-b7-3M_18,8.386,3,0.5032,0.6709,0.587,1,3,3,1,1,1
-egA8-b7-3M_18,8.386,4,0.6709,0.8386,0.7547,0,3,2,0,1,1
-egA8-b7-3M_18,8.386,5,0.8386,1.0063,0.9225,1,4,3,1,1,1
-egA8-b7-3M_18,8.386,6,1.0063,1.174,1.0902,0,3,2,0,1,1
-egA8-b7-3M_18,8.386,7,1.174,1.3418,1.2579,1,3,3,1,1,1
-egA8-b7-3M_18,8.386,8,1.3418,1.5095,1.4256,0,4,2,0,1,1
-egA8-b7-3M_18,8.386,9,1.5095,1.6772,1.5933,1,3,3,1,1,1
-egA8-b7-3M_18,8.386,10,1.6772,1.8449,1.7611,0,3,2,0,1,1
-egA8-b7-3M_18,8.386,11,1.8449,2.0126,1.9288,1,4,3,1,1,1
-egA8-b7-3M_18,8.386,12,2.0126,2.1804,2.0965,0,3,2,0,1,1
-egA8-b7-3M_18,8.386,13,2.1804,2.3481,2.2642,1,3,3,1,1,1
-egA8-b7-3M_18,8.386,14,2.3481,2.5158,2.4319,0,4,2,0,1,1
-egA8-b7-3M_18,8.386,15,2.5158,2.6835,2.5997,1,3,3,1,1,1
-egA8-b7-3M_18,8.386,16,2.6835,2.8512,2.7674,0,4,2,0,1,1
-egA8-b7-3M_18,8.386,17,2.8512,3.019,2.9351,1,3,3,1,1,1
-egA8-b7-3M_18,8.386,18,3.019,3.1867,3.1028,0,3,2,0,1,1
-egA8-b7-3M_18,8.386,19,3.1867,3.3544,3.2705,1,4,3,1,1,1
-egA8-b7-3M_18,8.386,20,3.3544,3.5221,3.4383,0,3,2,0,1,1
-egA8-b7-3M_18,8.386,21,3.5221,3.6898,3.606,1,3,3,1,1,1
-egA8-b7-3M_18,8.386,22,3.6898,3.8576,3.7737,0,4,2,0,1,1
-egA8-b7-3M_18,8.386,23,3.8576,4.0253,3.9414,1,3,3,1,1,1
-egA8-b7-3M_18,8.386,24,4.0253,4.193,4.1091,0,3,2,0,1,1
-egA8-b7-3M_18,8.386,25,4.193,4.3607,4.2769,1,4,3,1,1,1
-egA8-b7-3M_18,8.386,26,4.3607,4.5284,4.4446,0,3,2,0,1,1
-egA8-b7-3M_18,8.386,27,4.5284,4.6962,4.6123,1,3,3,1,1,1
-egA8-b7-3M_18,8.386,28,4.6962,4.8639,4.78,0,4,2,0,1,1
-egA8-b7-3M_18,8.386,29,4.8639,5.0316,4.9477,1,3,3,1,1,1
-egA8-b7-3M_18,8.386,30,5.0316,5.1993,5.1155,0,3,2,0,1,1
-egA8-b7-3M_18,8.386,31,5.1993,5.367,5.2832,1,4,3,1,1,1
-egA8-b7-3M_18,8.386,32,5.367,5.5348,5.4509,0,3,3,0,1,1
-egA8-b7-3M_18,8.386,33,5.5348,5.7025,5.6186,1,4,2,1,1,1
-egA8-b7-3M_18,8.386,34,5.7025,5.8702,5.7863,0,3,3,0,1,1
-egA8-b7-3M_18,8.386,35,5.8702,6.0379,5.9541,1,3,2,1,1,1
-egA8-b7-3M_18,8.386,36,6.0379,6.2056,6.1218,0,4,3,0,1,1
-egA8-b7-3M_18,8.386,37,6.2056,6.3734,6.2895,1,3,2,1,1,1
-egA8-b7-3M_18,8.386,38,6.3734,6.5411,6.4572,0,3,3,0,1,1
-egA8-b7-3M_18,8.386,39,6.5411,6.7088,6.6249,1,4,2,1,1,1
-egA8-b7-3M_18,8.386,40,6.7088,6.8765,6.7927,0,3,3,0,1,1
-egA8-b7-3M_18,8.386,41,6.8765,7.0442,6.9604,1,3,2,1,1,1
-egA8-b7-3M_18,8.386,42,7.0442,7.212,7.1281,0,4,3,0,1,1
-egA8-b7-3M_18,8.386,43,7.212,7.3797,7.2958,1,3,2,1,1,1
-egA8-b7-3M_18,8.386,44,7.3797,7.5474,7.4635,0,3,3,0,1,1
-egA8-b7-3M_18,8.386,45,7.5474,7.7151,7.6313,1,4,2,1,1,1
-egA8-b7-3M_18,8.386,46,7.7151,7.8828,7.799,0,3,3,0,1,1
-egA8-b7-3M_18,8.386,47,7.8828,8.0506,7.9667,1,4,2,1,1,1
-egA8-b7-3M_18,8.386,48,8.0506,8.2183,8.1344,0,3,3,0,1,1
-egA8-b7-3M_18,8.386,49,8.2183,8.386,8.3021,1,1,2,1,1,1
-egA8-b7-3M_16,5.538,0,0.0,0.1108,0.0554,0,3,2,0,1,1
-egA8-b7-3M_16,5.538,1,0.1108,0.2215,0.1661,1,2,2,1,1,1
-egA8-b7-3M_16,5.538,2,0.2215,0.3323,0.2769,0,2,1,0,1,1
-egA8-b7-3M_16,5.538,3,0.3323,0.443,0.3877,0,2,2,0,1,1
-egA8-b7-3M_16,5.538,4,0.443,0.5538,0.4984,0,3,2,0,1,1
-egA8-b7-3M_16,5.538,5,0.5538,0.6646,0.6092,1,2,1,1,1,1
-egA8-b7-3M_16,5.538,6,0.6646,0.7753,0.7199,0,2,2,0,1,1
-egA8-b7-3M_16,5.538,7,0.7753,0.8861,0.8307,0,2,2,0,1,1
-egA8-b7-3M_16,5.538,8,0.8861,0.9968,0.9415,0,2,1,0,1,1
-egA8-b7-3M_16,5.538,9,0.9968,1.1076,1.0522,1,3,2,1,1,1
-egA8-b7-3M_16,5.538,10,1.1076,1.2184,1.163,0,2,2,0,1,1
-egA8-b7-3M_16,5.538,11,1.2184,1.3291,1.2737,0,2,1,0,1,1
-egA8-b7-3M_16,5.538,12,1.3291,1.4399,1.3845,0,2,2,0,1,1
-egA8-b7-3M_16,5.538,13,1.4399,1.5506,1.4953,1,3,2,1,1,1
-egA8-b7-3M_16,5.538,14,1.5506,1.6614,1.606,0,2,1,0,1,1
-egA8-b7-3M_16,5.538,15,1.6614,1.7722,1.7168,0,2,2,0,1,1
-egA8-b7-3M_16,5.538,16,1.7722,1.8829,1.8275,0,2,2,0,1,1
-egA8-b7-3M_16,5.538,17,1.8829,1.9937,1.9383,1,2,1,1,1,1
-egA8-b7-3M_16,5.538,18,1.9937,2.1044,2.0491,0,3,2,0,1,1
-egA8-b7-3M_16,5.538,19,2.1044,2.2152,2.1598,0,2,2,0,1,1
-egA8-b7-3M_16,5.538,20,2.2152,2.326,2.2706,0,2,1,0,1,1
-egA8-b7-3M_16,5.538,21,2.326,2.4367,2.3813,1,2,2,1,1,1
-egA8-b7-3M_16,5.538,22,2.4367,2.5475,2.4921,0,2,2,0,1,1
-egA8-b7-3M_16,5.538,23,2.5475,2.6582,2.6029,0,3,1,0,1,1
-egA8-b7-3M_16,5.538,24,2.6582,2.769,2.7136,0,2,2,0,1,1
-egA8-b7-3M_16,5.538,25,2.769,2.8798,2.8244,1,2,2,1,1,1
-egA8-b7-3M_16,5.538,26,2.8798,2.9905,2.9351,0,2,1,0,1,1
-egA8-b7-3M_16,5.538,27,2.9905,3.1013,3.0459,0,3,2,0,1,1
-egA8-b7-3M_16,5.538,28,3.1013,3.212,3.1567,1,2,2,1,1,1
-egA8-b7-3M_16,5.538,29,3.212,3.3228,3.2674,0,2,1,0,1,1
-egA8-b7-3M_16,5.538,30,3.3228,3.4336,3.3782,0,2,2,0,1,1
-egA8-b7-3M_16,5.538,31,3.4336,3.5443,3.4889,0,2,2,0,1,1
-egA8-b7-3M_16,5.538,32,3.5443,3.6551,3.5997,1,3,1,1,1,1
-egA8-b7-3M_16,5.538,33,3.6551,3.7658,3.7105,0,2,2,0,1,1
-egA8-b7-3M_16,5.538,34,3.7658,3.8766,3.8212,0,2,2,0,1,1
-egA8-b7-3M_16,5.538,35,3.8766,3.9874,3.932,0,2,1,0,1,1
-egA8-b7-3M_16,5.538,36,3.9874,4.0981,4.0427,1,2,2,1,1,1
-egA8-b7-3M_16,5.538,37,4.0981,4.2089,4.1535,0,3,2,0,1,1
-egA8-b7-3M_16,5.538,38,4.2089,4.3196,4.2643,0,2,1,0,1,1
-egA8-b7-3M_16,5.538,39,4.3196,4.4304,4.375,0,2,2,0,1,1
-egA8-b7-3M_16,5.538,40,4.4304,4.5412,4.4858,1,2,2,1,1,1
-egA8-b7-3M_16,5.538,41,4.5412,4.6519,4.5965,0,3,1,0,1,1
-egA8-b7-3M_16,5.538,42,4.6519,4.7627,4.7073,0,2,2,0,1,1
-egA8-b7-3M_16,5.538,43,4.7627,4.8734,4.8181,0,2,2,0,1,1
-egA8-b7-3M_16,5.538,44,4.8734,4.9842,4.9288,1,2,1,1,1,1
-egA8-b7-3M_16,5.538,45,4.9842,5.095,5.0396,0,2,2,0,1,1
-egA8-b7-3M_16,5.538,46,5.095,5.2057,5.1503,0,3,2,0,1,1
-egA8-b7-3M_16,5.538,47,5.2057,5.3165,5.2611,0,2,1,0,1,1
-egA8-b7-3M_16,5.538,48,5.3165,5.4272,5.3719,1,2,2,1,1,1
-egA8-b7-3M_16,5.538,49,5.4272,5.538,5.4826,0,1,1,0,1,1
-egA8-b7-3M_13,4.184,0,0.0,0.0837,0.0418,0,2,2,0,1,1
-egA8-b7-3M_13,4.184,1,0.0837,0.1674,0.1255,1,2,1,1,1,1
-egA8-b7-3M_13,4.184,2,0.1674,0.251,0.2092,0,2,1,0,1,1
-egA8-b7-3M_13,4.184,3,0.251,0.3347,0.2929,0,1,2,0,1,1
-egA8-b7-3M_13,4.184,4,0.3347,0.4184,0.3766,0,2,1,0,1,1
-egA8-b7-3M_13,4.184,5,0.4184,0.5021,0.4602,1,2,1,1,1,1
-egA8-b7-3M_13,4.184,6,0.5021,0.5858,0.5439,0,1,1,0,1,1
-egA8-b7-3M_13,4.184,7,0.5858,0.6694,0.6276,0,2,2,0,1,1
-egA8-b7-3M_13,4.184,8,0.6694,0.7531,0.7113,1,2,1,1,1,1
-egA8-b7-3M_13,4.184,9,0.7531,0.8368,0.795,0,1,1,0,1,1
-egA8-b7-3M_13,4.184,10,0.8368,0.9205,0.8786,0,2,1,0,1,1
-egA8-b7-3M_13,4.184,11,0.9205,1.0042,0.9623,0,2,2,0,1,1
-egA8-b7-3M_13,4.184,12,1.0042,1.0878,1.046,1,1,1,1,1,1
-egA8-b7-3M_13,4.184,13,1.0878,1.1715,1.1297,0,2,1,0,1,1
-egA8-b7-3M_13,4.184,14,1.1715,1.2552,1.2134,0,2,1,0,1,1
-egA8-b7-3M_13,4.184,15,1.2552,1.3389,1.297,0,1,2,0,1,1
-egA8-b7-3M_13,4.184,16,1.3389,1.4226,1.3807,1,2,1,1,1,1
-egA8-b7-3M_13,4.184,17,1.4226,1.5062,1.4644,0,2,1,0,1,1
-egA8-b7-3M_13,4.184,18,1.5062,1.5899,1.5481,0,1,1,0,1,1
-egA8-b7-3M_13,4.184,19,1.5899,1.6736,1.6318,1,2,2,1,1,1
-egA8-b7-3M_13,4.184,20,1.6736,1.7573,1.7154,0,2,1,0,1,1
-egA8-b7-3M_13,4.184,21,1.7573,1.841,1.7991,0,1,1,0,1,1
-egA8-b7-3M_13,4.184,22,1.841,1.9246,1.8828,0,2,1,0,1,1
-egA8-b7-3M_13,4.184,23,1.9246,2.0083,1.9665,1,2,2,1,1,1
-egA8-b7-3M_13,4.184,24,2.0083,2.092,2.0502,0,1,1,0,1,1
-egA8-b7-3M_13,4.184,25,2.092,2.1757,2.1338,0,2,1,0,1,1
-egA8-b7-3M_13,4.184,26,2.1757,2.2594,2.2175,1,2,1,1,1,1
-egA8-b7-3M_13,4.184,27,2.2594,2.343,2.3012,0,1,2,0,1,1
-egA8-b7-3M_13,4.184,28,2.343,2.4267,2.3849,0,2,1,0,1,1
-egA8-b7-3M_13,4.184,29,2.4267,2.5104,2.4686,0,2,1,0,1,1
-egA8-b7-3M_13,4.184,30,2.5104,2.5941,2.5522,1,1,1,1,1,1
-egA8-b7-3M_13,4.184,31,2.5941,2.6778,2.6359,0,2,2,0,1,1
-egA8-b7-3M_13,4.184,32,2.6778,2.7614,2.7196,0,2,1,0,1,1
-egA8-b7-3M_13,4.184,33,2.7614,2.8451,2.8033,1,1,1,1,1,1
-egA8-b7-3M_13,4.184,34,2.8451,2.9288,2.887,0,2,1,0,1,1
-egA8-b7-3M_13,4.184,35,2.9288,3.0125,2.9706,0,2,2,0,1,1
-egA8-b7-3M_13,4.184,36,3.0125,3.0962,3.0543,0,1,1,0,1,1
-egA8-b7-3M_13,4.184,37,3.0962,3.1798,3.138,1,2,1,1,1,1
-egA8-b7-3M_13,4.184,38,3.1798,3.2635,3.2217,0,2,1,0,1,1
-egA8-b7-3M_13,4.184,39,3.2635,3.3472,3.3054,0,1,2,0,1,1
-egA8-b7-3M_13,4.184,40,3.3472,3.4309,3.389,0,2,1,0,1,1
-egA8-b7-3M_13,4.184,41,3.4309,3.5146,3.4727,1,2,1,1,1,1
-egA8-b7-3M_13,4.184,42,3.5146,3.5982,3.5564,0,1,1,0,1,1
-egA8-b7-3M_13,4.184,43,3.5982,3.6819,3.6401,0,2,2,0,1,1
-egA8-b7-3M_13,4.184,44,3.6819,3.7656,3.7238,1,2,1,1,1,1
-egA8-b7-3M_13,4.184,45,3.7656,3.8493,3.8074,0,1,1,0,1,1
-egA8-b7-3M_13,4.184,46,3.8493,3.933,3.8911,0,2,1,0,1,1
-egA8-b7-3M_13,4.184,47,3.933,4.0166,3.9748,0,2,2,0,1,1
-egA8-b7-3M_13,4.184,48,4.0166,4.1003,4.0585,1,0,1,1,0,1
-egA8-b7-3M_13,4.184,49,4.1003,4.184,4.1422,0,0,1,0,0,1
-egA8-b7-3M_1,10.266,0,0.0,0.2053,0.1027,0,5,4,0,1,1
-egA8-b7-3M_1,10.266,1,0.2053,0.4106,0.308,1,4,3,1,1,1
-egA8-b7-3M_1,10.266,2,0.4106,0.616,0.5133,0,4,3,0,1,1
-egA8-b7-3M_1,10.266,3,0.616,0.8213,0.7186,1,4,3,1,1,1
-egA8-b7-3M_1,10.266,4,0.8213,1.0266,0.9239,0,4,3,0,1,1
-egA8-b7-3M_1,10.266,5,1.0266,1.2319,1.1293,1,4,3,1,1,1
-egA8-b7-3M_1,10.266,6,1.2319,1.4372,1.3346,0,4,3,0,1,1
-egA8-b7-3M_1,10.266,7,1.4372,1.6426,1.5399,1,4,3,1,1,1
-egA8-b7-3M_1,10.266,8,1.6426,1.8479,1.7452,0,4,3,0,1,1
-egA8-b7-3M_1,10.266,9,1.8479,2.0532,1.9505,0,5,3,0,1,1
-egA8-b7-3M_1,10.266,10,2.0532,2.2585,2.1559,1,4,3,1,1,1
-egA8-b7-3M_1,10.266,11,2.2585,2.4638,2.3612,0,4,3,0,1,1
-egA8-b7-3M_1,10.266,12,2.4638,2.6692,2.5665,1,4,4,1,1,1
-egA8-b7-3M_1,10.266,13,2.6692,2.8745,2.7718,0,4,3,0,1,1
-egA8-b7-3M_1,10.266,14,2.8745,3.0798,2.9771,1,4,3,1,1,1
-egA8-b7-3M_1,10.266,15,3.0798,3.2851,3.1825,0,4,3,0,1,1
-egA8-b7-3M_1,10.266,16,3.2851,3.4904,3.3878,0,4,3,0,1,1
-egA8-b7-3M_1,10.266,17,3.4904,3.6958,3.5931,1,4,3,1,1,1
-egA8-b7-3M_1,10.266,18,3.6958,3.9011,3.7984,0,5,3,0,1,1
-egA8-b7-3M_1,10.266,19,3.9011,4.1064,4.0037,1,4,3,1,1,1
-egA8-b7-3M_1,10.266,20,4.1064,4.3117,4.2091,0,4,3,0,1,1
-egA8-b7-3M_1,10.266,21,4.3117,4.517,4.4144,1,4,3,1,1,1
-egA8-b7-3M_1,10.266,22,4.517,4.7224,4.6197,0,4,3,0,1,1
-egA8-b7-3M_1,10.266,23,4.7224,4.9277,4.825,1,4,3,1,1,1
-egA8-b7-3M_1,10.266,24,4.9277,5.133,5.0303,0,4,3,0,1,1
-egA8-b7-3M_1,10.266,25,5.133,5.3383,5.2357,0,4,4,0,1,1
-egA8-b7-3M_1,10.266,26,5.3383,5.5436,5.441,1,4,3,1,1,1
-egA8-b7-3M_1,10.266,27,5.5436,5.749,5.6463,0,4,3,0,1,1
-egA8-b7-3M_1,10.266,28,5.749,5.9543,5.8516,1,5,3,1,1,1
-egA8-b7-3M_1,10.266,29,5.9543,6.1596,6.0569,0,4,3,0,1,1
-egA8-b7-3M_1,10.266,30,6.1596,6.3649,6.2623,1,4,3,1,1,1
-egA8-b7-3M_1,10.266,31,6.3649,6.5702,6.4676,0,4,3,0,1,1
-egA8-b7-3M_1,10.266,32,6.5702,6.7756,6.6729,1,4,3,1,1,1
-egA8-b7-3M_1,10.266,33,6.7756,6.9809,6.8782,0,4,3,0,1,1
-egA8-b7-3M_1,10.266,34,6.9809,7.1862,7.0835,0,4,3,0,1,1
-egA8-b7-3M_1,10.266,35,7.1862,7.3915,7.2889,1,4,3,1,1,1
-egA8-b7-3M_1,10.266,36,7.3915,7.5968,7.4942,0,4,3,0,1,1
-egA8-b7-3M_1,10.266,37,7.5968,7.8022,7.6995,1,5,4,1,1,1
-egA8-b7-3M_1,10.266,38,7.8022,8.0075,7.9048,0,4,3,0,1,1
-egA8-b7-3M_1,10.266,39,8.0075,8.2128,8.1101,1,4,3,1,1,1
-egA8-b7-3M_1,10.266,40,8.2128,8.4181,8.3155,0,4,3,0,1,1
-egA8-b7-3M_1,10.266,41,8.4181,8.6234,8.5208,0,4,3,0,1,1
-egA8-b7-3M_1,10.266,42,8.6234,8.8288,8.7261,1,4,3,1,1,1
-egA8-b7-3M_1,10.266,43,8.8288,9.0341,8.9314,0,4,3,0,1,1
-egA8-b7-3M_1,10.266,44,9.0341,9.2394,9.1367,1,4,3,1,1,1
-egA8-b7-3M_1,10.266,45,9.2394,9.4447,9.3421,0,4,3,0,1,1
-egA8-b7-3M_1,10.266,46,9.4447,9.65,9.5474,1,5,3,1,1,1
-egA8-b7-3M_1,10.266,47,9.65,9.8554,9.7527,0,4,3,0,1,1
-egA8-b7-3M_1,10.266,48,9.8554,10.0607,9.958,1,4,3,1,1,1
-egA8-b7-3M_1,10.266,49,10.0607,10.266,10.1633,0,2,3,0,1,1
-egA8-b7-3M_6,6.265,0,0.0,0.1253,0.0626,0,3,2,0,1,1
-egA8-b7-3M_6,6.265,1,0.1253,0.2506,0.188,1,3,2,1,1,1
-egA8-b7-3M_6,6.265,2,0.2506,0.3759,0.3133,0,2,2,0,1,1
-egA8-b7-3M_6,6.265,3,0.3759,0.5012,0.4385,0,3,2,0,1,1
-egA8-b7-3M_6,6.265,4,0.5012,0.6265,0.5638,0,2,2,0,1,1
-egA8-b7-3M_6,6.265,5,0.6265,0.7518,0.6891,1,3,2,1,1,1
-egA8-b7-3M_6,6.265,6,0.7518,0.8771,0.8145,0,2,2,0,1,1
-egA8-b7-3M_6,6.265,7,0.8771,1.0024,0.9397,0,3,2,0,1,1
-egA8-b7-3M_6,6.265,8,1.0024,1.1277,1.065,0,2,1,0,1,1
-egA8-b7-3M_6,6.265,9,1.1277,1.253,1.1904,1,3,2,1,1,1
-egA8-b7-3M_6,6.265,10,1.253,1.3783,1.3156,0,2,2,0,1,1
-egA8-b7-3M_6,6.265,11,1.3783,1.5036,1.4409,0,3,2,0,1,1
-egA8-b7-3M_6,6.265,12,1.5036,1.6289,1.5663,0,2,2,0,1,1
-egA8-b7-3M_6,6.265,13,1.6289,1.7542,1.6915,1,3,2,1,1,1
-egA8-b7-3M_6,6.265,14,1.7542,1.8795,1.8169,0,2,2,0,1,1
-egA8-b7-3M_6,6.265,15,1.8795,2.0048,1.9421,0,3,2,0,1,1
-egA8-b7-3M_6,6.265,16,2.0048,2.1301,2.0675,0,2,1,0,1,1
-egA8-b7-3M_6,6.265,17,2.1301,2.2554,2.1928,1,3,2,1,1,1
-egA8-b7-3M_6,6.265,18,2.2554,2.3807,2.318,0,2,2,0,1,1
-egA8-b7-3M_6,6.265,19,2.3807,2.506,2.4433,0,3,2,0,1,1
-egA8-b7-3M_6,6.265,20,2.506,2.6313,2.5686,0,2,2,0,1,1
-egA8-b7-3M_6,6.265,21,2.6313,2.7566,2.694,1,3,2,1,1,1
-egA8-b7-3M_6,6.265,22,2.7566,2.8819,2.8192,0,2,2,0,1,1
-egA8-b7-3M_6,6.265,23,2.8819,3.0072,2.9446,0,3,2,0,1,1
-egA8-b7-3M_6,6.265,24,3.0072,3.1325,3.0698,1,2,1,1,1,1
-egA8-b7-3M_6,6.265,25,3.1325,3.2578,3.1951,0,3,2,0,1,1
-egA8-b7-3M_6,6.265,26,3.2578,3.3831,3.3205,0,2,2,0,1,1
-egA8-b7-3M_6,6.265,27,3.3831,3.5084,3.4457,0,3,2,0,1,1
-egA8-b7-3M_6,6.265,28,3.5084,3.6337,3.571,1,2,2,1,1,1
-egA8-b7-3M_6,6.265,29,3.6337,3.759,3.6963,0,3,2,0,1,1
-egA8-b7-3M_6,6.265,30,3.759,3.8843,3.8216,0,2,2,0,1,1
-egA8-b7-3M_6,6.265,31,3.8843,4.0096,3.9469,0,3,2,0,1,1
-egA8-b7-3M_6,6.265,32,4.0096,4.1349,4.0723,1,2,2,1,1,1
-egA8-b7-3M_6,6.265,33,4.1349,4.2602,4.1975,0,3,1,0,1,1
-egA8-b7-3M_6,6.265,34,4.2602,4.3855,4.3228,0,2,2,0,1,1
-egA8-b7-3M_6,6.265,35,4.3855,4.5108,4.4482,0,3,2,0,1,1
-egA8-b7-3M_6,6.265,36,4.5108,4.6361,4.5734,1,2,2,1,1,1
-egA8-b7-3M_6,6.265,37,4.6361,4.7614,4.6988,0,3,2,0,1,1
-egA8-b7-3M_6,6.265,38,4.7614,4.8867,4.824,0,2,2,0,1,1
-egA8-b7-3M_6,6.265,39,4.8867,5.012,4.9493,0,3,2,0,1,1
-egA8-b7-3M_6,6.265,40,5.012,5.1373,5.0747,1,2,2,1,1,1
-egA8-b7-3M_6,6.265,41,5.1373,5.2626,5.1999,0,3,1,0,1,1
-egA8-b7-3M_6,6.265,42,5.2626,5.3879,5.3253,0,2,2,0,1,1
-egA8-b7-3M_6,6.265,43,5.3879,5.5132,5.4505,0,3,2,0,1,1
-egA8-b7-3M_6,6.265,44,5.5132,5.6385,5.5758,1,2,2,1,1,1
-egA8-b7-3M_6,6.265,45,5.6385,5.7638,5.7012,0,3,2,0,1,1
-egA8-b7-3M_6,6.265,46,5.7638,5.8891,5.8264,0,2,2,0,1,1
-egA8-b7-3M_6,6.265,47,5.8891,6.0144,5.9518,0,3,2,0,1,1
-egA8-b7-3M_6,6.265,48,6.0144,6.1397,6.077,1,2,2,1,1,1
-egA8-b7-3M_6,6.265,49,6.1397,6.265,6.2023,0,1,1,0,1,1
-egA8-b7-3M_9,5.09,0,0.0,0.1018,0.0509,0,3,2,0,1,1
-egA8-b7-3M_9,5.09,1,0.1018,0.2036,0.1527,0,2,2,0,1,1
-egA8-b7-3M_9,5.09,2,0.2036,0.3054,0.2545,1,2,1,1,1,1
-egA8-b7-3M_9,5.09,3,0.3054,0.4072,0.3563,0,2,2,0,1,1
-egA8-b7-3M_9,5.09,4,0.4072,0.509,0.4581,0,2,1,0,1,1
-egA8-b7-3M_9,5.09,5,0.509,0.6108,0.5599,0,2,2,0,1,1
-egA8-b7-3M_9,5.09,6,0.6108,0.7126,0.6617,1,2,1,1,1,1
-egA8-b7-3M_9,5.09,7,0.7126,0.8144,0.7635,0,2,2,0,1,1
-egA8-b7-3M_9,5.09,8,0.8144,0.9162,0.8653,0,2,1,0,1,1
-egA8-b7-3M_9,5.09,9,0.9162,1.018,0.9671,0,2,2,0,1,1
-egA8-b7-3M_9,5.09,10,1.018,1.1198,1.0689,1,2,1,1,1,1
-egA8-b7-3M_9,5.09,11,1.1198,1.2216,1.1707,0,2,2,0,1,1
-egA8-b7-3M_9,5.09,12,1.2216,1.3234,1.2725,0,2,1,0,1,1
-egA8-b7-3M_9,5.09,13,1.3234,1.4252,1.3743,0,2,2,0,1,1
-egA8-b7-3M_9,5.09,14,1.4252,1.527,1.4761,1,2,1,1,1,1
-egA8-b7-3M_9,5.09,15,1.527,1.6288,1.5779,0,2,2,0,1,1
-egA8-b7-3M_9,5.09,16,1.6288,1.7306,1.6797,0,2,1,0,1,1
-egA8-b7-3M_9,5.09,17,1.7306,1.8324,1.7815,0,2,2,0,1,1
-egA8-b7-3M_9,5.09,18,1.8324,1.9342,1.8833,1,2,2,1,1,1
-egA8-b7-3M_9,5.09,19,1.9342,2.036,1.9851,0,2,1,0,1,1
-egA8-b7-3M_9,5.09,20,2.036,2.1378,2.0869,0,2,2,0,1,1
-egA8-b7-3M_9,5.09,21,2.1378,2.2396,2.1887,0,2,1,0,1,1
-egA8-b7-3M_9,5.09,22,2.2396,2.3414,2.2905,1,2,2,1,1,1
-egA8-b7-3M_9,5.09,23,2.3414,2.4432,2.3923,0,2,1,0,1,1
-egA8-b7-3M_9,5.09,24,2.4432,2.545,2.4941,0,2,2,0,1,1
-egA8-b7-3M_9,5.09,25,2.545,2.6468,2.5959,0,2,1,0,1,1
-egA8-b7-3M_9,5.09,26,2.6468,2.7486,2.6977,0,2,2,0,1,1
-egA8-b7-3M_9,5.09,27,2.7486,2.8504,2.7995,1,3,1,1,1,1
-egA8-b7-3M_9,5.09,28,2.8504,2.9522,2.9013,0,2,2,0,1,1
-egA8-b7-3M_9,5.09,29,2.9522,3.054,3.0031,0,2,1,0,1,1
-egA8-b7-3M_9,5.09,30,3.054,3.1558,3.1049,0,2,2,0,1,1
-egA8-b7-3M_9,5.09,31,3.1558,3.2576,3.2067,1,2,1,1,1,1
-egA8-b7-3M_9,5.09,32,3.2576,3.3594,3.3085,0,2,2,0,1,1
-egA8-b7-3M_9,5.09,33,3.3594,3.4612,3.4103,0,2,1,0,1,1
-egA8-b7-3M_9,5.09,34,3.4612,3.563,3.5121,0,2,2,0,1,1
-egA8-b7-3M_9,5.09,35,3.563,3.6648,3.6139,1,2,1,1,1,1
-egA8-b7-3M_9,5.09,36,3.6648,3.7666,3.7157,0,2,2,0,1,1
-egA8-b7-3M_9,5.09,37,3.7666,3.8684,3.8175,0,2,2,0,1,1
-egA8-b7-3M_9,5.09,38,3.8684,3.9702,3.9193,0,2,1,0,1,1
-egA8-b7-3M_9,5.09,39,3.9702,4.072,4.0211,1,2,2,1,1,1
-egA8-b7-3M_9,5.09,40,4.072,4.1738,4.1229,0,2,1,0,1,1
-egA8-b7-3M_9,5.09,41,4.1738,4.2756,4.2247,0,2,2,0,1,1
-egA8-b7-3M_9,5.09,42,4.2756,4.3774,4.3265,0,2,1,0,1,1
-egA8-b7-3M_9,5.09,43,4.3774,4.4792,4.4283,1,2,2,1,1,1
-egA8-b7-3M_9,5.09,44,4.4792,4.581,4.5301,0,2,1,0,1,1
-egA8-b7-3M_9,5.09,45,4.581,4.6828,4.6319,0,2,2,0,1,1
-egA8-b7-3M_9,5.09,46,4.6828,4.7846,4.7337,0,2,1,0,1,1
-egA8-b7-3M_9,5.09,47,4.7846,4.8864,4.8355,1,2,2,1,1,1
-egA8-b7-3M_9,5.09,48,4.8864,4.9882,4.9373,0,1,1,0,1,1
-egA8-b7-3M_9,5.09,49,4.9882,5.09,5.0391,0,0,1,0,0,1
-egA8-b7-3M_20,6.645,0,0.0,0.1329,0.0664,0,3,2,0,1,1
-egA8-b7-3M_20,6.645,1,0.1329,0.2658,0.1993,1,3,2,1,1,1
-egA8-b7-3M_20,6.645,2,0.2658,0.3987,0.3322,0,2,2,0,1,1
-egA8-b7-3M_20,6.645,3,0.3987,0.5316,0.4651,1,3,2,1,1,1
-egA8-b7-3M_20,6.645,4,0.5316,0.6645,0.598,0,3,2,0,1,1
-egA8-b7-3M_20,6.645,5,0.6645,0.7974,0.7309,1,2,2,1,1,1
-egA8-b7-3M_20,6.645,6,0.7974,0.9303,0.8638,0,3,2,0,1,1
-egA8-b7-3M_20,6.645,7,0.9303,1.0632,0.9967,1,3,2,1,1,1
-egA8-b7-3M_20,6.645,8,1.0632,1.1961,1.1296,0,2,2,0,1,1
-egA8-b7-3M_20,6.645,9,1.1961,1.329,1.2626,1,3,2,1,1,1
-egA8-b7-3M_20,6.645,10,1.329,1.4619,1.3954,0,3,2,0,1,1
-egA8-b7-3M_20,6.645,11,1.4619,1.5948,1.5283,1,2,2,1,1,1
-egA8-b7-3M_20,6.645,12,1.5948,1.7277,1.6612,0,3,2,0,1,1
-egA8-b7-3M_20,6.645,13,1.7277,1.8606,1.7941,0,3,2,0,1,1
-egA8-b7-3M_20,6.645,14,1.8606,1.9935,1.927,1,2,2,1,1,1
-egA8-b7-3M_20,6.645,15,1.9935,2.1264,2.0599,0,3,2,0,1,1
-egA8-b7-3M_20,6.645,16,2.1264,2.2593,2.1928,1,3,2,1,1,1
-egA8-b7-3M_20,6.645,17,2.2593,2.3922,2.3257,0,2,2,0,1,1
-egA8-b7-3M_20,6.645,18,2.3922,2.5251,2.4586,1,3,2,1,1,1
-egA8-b7-3M_20,6.645,19,2.5251,2.658,2.5915,0,3,2,0,1,1
-egA8-b7-3M_20,6.645,20,2.658,2.7909,2.7245,1,2,2,1,1,1
-egA8-b7-3M_20,6.645,21,2.7909,2.9238,2.8573,0,3,2,0,1,1
-egA8-b7-3M_20,6.645,22,2.9238,3.0567,2.9902,1,3,2,1,1,1
-egA8-b7-3M_20,6.645,23,3.0567,3.1896,3.1231,0,2,2,0,1,1
-egA8-b7-3M_20,6.645,24,3.1896,3.3225,3.256,1,3,2,1,1,1
-egA8-b7-3M_20,6.645,25,3.3225,3.4554,3.3889,0,3,2,0,1,1
-egA8-b7-3M_20,6.645,26,3.4554,3.5883,3.5218,0,2,2,0,1,1
-egA8-b7-3M_20,6.645,27,3.5883,3.7212,3.6547,1,3,2,1,1,1
-egA8-b7-3M_20,6.645,28,3.7212,3.8541,3.7876,0,3,2,0,1,1
-egA8-b7-3M_20,6.645,29,3.8541,3.987,3.9205,1,2,2,1,1,1
-egA8-b7-3M_20,6.645,30,3.987,4.1199,4.0534,0,3,2,0,1,1
-egA8-b7-3M_20,6.645,31,4.1199,4.2528,4.1863,1,3,2,1,1,1
-egA8-b7-3M_20,6.645,32,4.2528,4.3857,4.3193,0,2,2,0,1,1
-egA8-b7-3M_20,6.645,33,4.3857,4.5186,4.4521,1,3,2,1,1,1
-egA8-b7-3M_20,6.645,34,4.5186,4.6515,4.585,0,3,2,0,1,1
-egA8-b7-3M_20,6.645,35,4.6515,4.7844,4.718,1,2,2,1,1,1
-egA8-b7-3M_20,6.645,36,4.7844,4.9173,4.8508,0,3,2,0,1,1
-egA8-b7-3M_20,6.645,37,4.9173,5.0502,4.9837,0,3,2,0,1,1
-egA8-b7-3M_20,6.645,38,5.0502,5.1831,5.1166,1,2,2,1,1,1
-egA8-b7-3M_20,6.645,39,5.1831,5.316,5.2495,0,3,2,0,1,1
-egA8-b7-3M_20,6.645,40,5.316,5.4489,5.3824,1,2,2,1,1,1
-egA8-b7-3M_20,6.645,41,5.4489,5.5818,5.5153,0,3,2,0,1,1
-egA8-b7-3M_20,6.645,42,5.5818,5.7147,5.6482,1,3,2,1,1,1
-egA8-b7-3M_20,6.645,43,5.7147,5.8476,5.7812,0,2,2,0,1,1
-egA8-b7-3M_20,6.645,44,5.8476,5.9805,5.914,1,3,2,1,1,1
-egA8-b7-3M_20,6.645,45,5.9805,6.1134,6.0469,0,3,2,0,1,1
-egA8-b7-3M_20,6.645,46,6.1134,6.2463,6.1799,1,2,2,1,1,1
-egA8-b7-3M_20,6.645,47,6.2463,6.3792,6.3127,0,3,2,0,1,1
-egA8-b7-3M_20,6.645,48,6.3792,6.5121,6.4456,1,2,2,1,1,1
-egA8-b7-3M_20,6.645,49,6.5121,6.645,6.5785,0,0,1,0,0,1
-iRBcNs9oI8_3,5.621,0,0.0,0.1124,0.0562,0,3,2,0,1,1
-iRBcNs9oI8_3,5.621,1,0.1124,0.2248,0.1686,0,2,2,0,1,1
-iRBcNs9oI8_3,5.621,2,0.2248,0.3373,0.2811,1,2,2,1,1,1
-iRBcNs9oI8_3,5.621,3,0.3373,0.4497,0.3935,0,2,1,0,1,1
-iRBcNs9oI8_3,5.621,4,0.4497,0.5621,0.5059,0,3,2,0,1,1
-iRBcNs9oI8_3,5.621,5,0.5621,0.6745,0.6183,0,2,2,0,1,1
-iRBcNs9oI8_3,5.621,6,0.6745,0.7869,0.7307,0,2,1,0,1,1
-iRBcNs9oI8_3,5.621,7,0.7869,0.8994,0.8432,0,2,2,0,1,1
-iRBcNs9oI8_3,5.621,8,0.8994,1.0118,0.9556,1,3,2,1,1,1
-iRBcNs9oI8_3,5.621,9,1.0118,1.1242,1.068,0,2,1,0,1,1
-iRBcNs9oI8_3,5.621,10,1.1242,1.2366,1.1804,0,2,2,0,1,1
-iRBcNs9oI8_3,5.621,11,1.2366,1.349,1.2928,0,2,2,0,1,1
-iRBcNs9oI8_3,5.621,12,1.349,1.4615,1.4053,0,3,1,0,1,1
-iRBcNs9oI8_3,5.621,13,1.4615,1.5739,1.5177,1,2,2,1,1,1
-iRBcNs9oI8_3,5.621,14,1.5739,1.6863,1.6301,0,2,2,0,1,1
-iRBcNs9oI8_3,5.621,15,1.6863,1.7987,1.7425,0,2,1,0,1,1
-iRBcNs9oI8_3,5.621,16,1.7987,1.9111,1.8549,0,3,2,0,1,1
-iRBcNs9oI8_3,5.621,17,1.9111,2.0236,1.9674,0,2,2,0,1,1
-iRBcNs9oI8_3,5.621,18,2.0236,2.136,2.0798,0,2,2,0,1,1
-iRBcNs9oI8_3,5.621,19,2.136,2.2484,2.1922,1,2,1,1,1,1
-iRBcNs9oI8_3,5.621,20,2.2484,2.3608,2.3046,0,3,2,0,1,1
-iRBcNs9oI8_3,5.621,21,2.3608,2.4732,2.417,0,2,2,0,1,1
-iRBcNs9oI8_3,5.621,22,2.4732,2.5857,2.5295,0,2,1,0,1,1
-iRBcNs9oI8_3,5.621,23,2.5857,2.6981,2.6419,0,2,2,0,1,1
-iRBcNs9oI8_3,5.621,24,2.6981,2.8105,2.7543,1,3,2,1,1,1
-iRBcNs9oI8_3,5.621,25,2.8105,2.9229,2.8667,0,2,1,0,1,1
-iRBcNs9oI8_3,5.621,26,2.9229,3.0353,2.9791,0,2,2,0,1,1
-iRBcNs9oI8_3,5.621,27,3.0353,3.1478,3.0916,0,2,2,0,1,1
-iRBcNs9oI8_3,5.621,28,3.1478,3.2602,3.204,0,3,1,0,1,1
-iRBcNs9oI8_3,5.621,29,3.2602,3.3726,3.3164,0,2,2,0,1,1
-iRBcNs9oI8_3,5.621,30,3.3726,3.485,3.4288,1,2,2,1,1,1
-iRBcNs9oI8_3,5.621,31,3.485,3.5974,3.5412,0,2,1,0,1,1
-iRBcNs9oI8_3,5.621,32,3.5974,3.7099,3.6537,0,3,2,0,1,1
-iRBcNs9oI8_3,5.621,33,3.7099,3.8223,3.7661,0,2,2,0,1,1
-iRBcNs9oI8_3,5.621,34,3.8223,3.9347,3.8785,0,2,1,0,1,1
-iRBcNs9oI8_3,5.621,35,3.9347,4.0471,3.9909,0,2,2,0,1,1
-iRBcNs9oI8_3,5.621,36,4.0471,4.1595,4.1033,1,3,2,1,1,1
-iRBcNs9oI8_3,5.621,37,4.1595,4.272,4.2157,0,2,2,0,1,1
-iRBcNs9oI8_3,5.621,38,4.272,4.3844,4.3282,0,2,1,0,1,1
-iRBcNs9oI8_3,5.621,39,4.3844,4.4968,4.4406,0,2,2,0,1,1
-iRBcNs9oI8_3,5.621,40,4.4968,4.6092,4.553,0,3,2,0,1,1
-iRBcNs9oI8_3,5.621,41,4.6092,4.7216,4.6654,1,2,1,1,1,1
-iRBcNs9oI8_3,5.621,42,4.7216,4.8341,4.7778,0,2,2,0,1,1
-iRBcNs9oI8_3,5.621,43,4.8341,4.9465,4.8903,0,2,2,0,1,1
-iRBcNs9oI8_3,5.621,44,4.9465,5.0589,5.0027,0,3,1,0,1,1
-iRBcNs9oI8_3,5.621,45,5.0589,5.1713,5.1151,0,2,2,0,1,1
-iRBcNs9oI8_3,5.621,46,5.1713,5.2837,5.2275,0,2,2,0,1,1
-iRBcNs9oI8_3,5.621,47,5.2837,5.3962,5.3399,1,2,1,1,1,1
-iRBcNs9oI8_3,5.621,48,5.3962,5.5086,5.4524,0,3,2,0,1,1
-iRBcNs9oI8_3,5.621,49,5.5086,5.621,5.5648,0,0,1,0,0,1
-iRBcNs9oI8_7,4.104,0,0.0,0.0821,0.041,0,2,2,0,1,1
-iRBcNs9oI8_7,4.104,1,0.0821,0.1642,0.1231,1,2,1,1,1,1
-iRBcNs9oI8_7,4.104,2,0.1642,0.2462,0.2052,0,1,1,0,1,1
-iRBcNs9oI8_7,4.104,3,0.2462,0.3283,0.2873,0,2,1,0,1,1
-iRBcNs9oI8_7,4.104,4,0.3283,0.4104,0.3694,0,2,2,0,1,1
-iRBcNs9oI8_7,4.104,5,0.4104,0.4925,0.4514,1,1,1,1,1,1
-iRBcNs9oI8_7,4.104,6,0.4925,0.5746,0.5335,0,2,1,0,1,1
-iRBcNs9oI8_7,4.104,7,0.5746,0.6566,0.6156,0,2,1,0,1,1
-iRBcNs9oI8_7,4.104,8,0.6566,0.7387,0.6977,1,1,2,1,1,1
-iRBcNs9oI8_7,4.104,9,0.7387,0.8208,0.7798,0,2,1,0,1,1
-iRBcNs9oI8_7,4.104,10,0.8208,0.9029,0.8618,0,2,1,0,1,1
-iRBcNs9oI8_7,4.104,11,0.9029,0.985,0.9439,0,1,1,0,1,1
-iRBcNs9oI8_7,4.104,12,0.985,1.067,1.026,1,2,1,1,1,1
-iRBcNs9oI8_7,4.104,13,1.067,1.1491,1.1081,0,1,2,0,1,1
-iRBcNs9oI8_7,4.104,14,1.1491,1.2312,1.1902,0,2,1,0,1,1
-iRBcNs9oI8_7,4.104,15,1.2312,1.3133,1.2722,0,2,1,0,1,1
-iRBcNs9oI8_7,4.104,16,1.3133,1.3954,1.3543,1,1,1,1,1,1
-iRBcNs9oI8_7,4.104,17,1.3954,1.4774,1.4364,0,2,2,0,1,1
-iRBcNs9oI8_7,4.104,18,1.4774,1.5595,1.5185,0,2,1,0,1,1
-iRBcNs9oI8_7,4.104,19,1.5595,1.6416,1.6006,1,1,1,1,1,1
-iRBcNs9oI8_7,4.104,20,1.6416,1.7237,1.6826,0,2,1,0,1,1
-iRBcNs9oI8_7,4.104,21,1.7237,1.8058,1.7647,0,2,2,0,1,1
-iRBcNs9oI8_7,4.104,22,1.8058,1.8878,1.8468,0,1,1,0,1,1
-iRBcNs9oI8_7,4.104,23,1.8878,1.9699,1.9289,1,2,1,1,1,1
-iRBcNs9oI8_7,4.104,24,1.9699,2.052,2.011,0,2,1,0,1,1
-iRBcNs9oI8_7,4.104,25,2.052,2.1341,2.093,0,1,1,0,1,1
-iRBcNs9oI8_7,4.104,26,2.1341,2.2162,2.1751,1,2,2,1,1,1
-iRBcNs9oI8_7,4.104,27,2.2162,2.2982,2.2572,0,1,1,0,1,1
-iRBcNs9oI8_7,4.104,28,2.2982,2.3803,2.3393,0,2,1,0,1,1
-iRBcNs9oI8_7,4.104,29,2.3803,2.4624,2.4214,0,2,1,0,1,1
-iRBcNs9oI8_7,4.104,30,2.4624,2.5445,2.5034,1,1,2,1,1,1
-iRBcNs9oI8_7,4.104,31,2.5445,2.6266,2.5855,0,2,1,0,1,1
-iRBcNs9oI8_7,4.104,32,2.6266,2.7086,2.6676,0,2,1,0,1,1
-iRBcNs9oI8_7,4.104,33,2.7086,2.7907,2.7497,1,1,1,1,1,1
-iRBcNs9oI8_7,4.104,34,2.7907,2.8728,2.8318,0,2,2,0,1,1
-iRBcNs9oI8_7,4.104,35,2.8728,2.9549,2.9138,0,2,1,0,1,1
-iRBcNs9oI8_7,4.104,36,2.9549,3.037,2.9959,0,1,1,0,1,1
-iRBcNs9oI8_7,4.104,37,3.037,3.119,3.078,1,2,1,1,1,1
-iRBcNs9oI8_7,4.104,38,3.119,3.2011,3.1601,0,2,1,0,1,1
-iRBcNs9oI8_7,4.104,39,3.2011,3.2832,3.2422,0,1,2,0,1,1
-iRBcNs9oI8_7,4.104,40,3.2832,3.3653,3.3242,0,2,1,0,1,1
-iRBcNs9oI8_7,4.104,41,3.3653,3.4474,3.4063,1,1,1,1,1,1
-iRBcNs9oI8_7,4.104,42,3.4474,3.5294,3.4884,0,2,1,0,1,1
-iRBcNs9oI8_7,4.104,43,3.5294,3.6115,3.5705,0,2,2,0,1,1
-iRBcNs9oI8_7,4.104,44,3.6115,3.6936,3.6526,1,1,1,1,1,1
-iRBcNs9oI8_7,4.104,45,3.6936,3.7757,3.7346,0,2,1,0,1,1
-iRBcNs9oI8_7,4.104,46,3.7757,3.8578,3.8167,0,2,1,0,1,1
-iRBcNs9oI8_7,4.104,47,3.8578,3.9398,3.8988,0,1,2,0,1,1
-iRBcNs9oI8_7,4.104,48,3.9398,4.0219,3.9809,1,2,0,1,1,0
-iRBcNs9oI8_7,4.104,49,4.0219,4.104,4.063,0,0,1,0,0,1
-iRBcNs9oI8_6,2.903,0,0.0,0.0581,0.029,0,2,1,0,1,1
-iRBcNs9oI8_6,2.903,1,0.0581,0.1161,0.0871,0,1,1,0,1,1
-iRBcNs9oI8_6,2.903,2,0.1161,0.1742,0.1452,0,1,1,0,1,1
-iRBcNs9oI8_6,2.903,3,0.1742,0.2322,0.2032,0,1,1,0,1,1
-iRBcNs9oI8_6,2.903,4,0.2322,0.2903,0.2613,0,1,1,0,1,1
-iRBcNs9oI8_6,2.903,5,0.2903,0.3484,0.3193,1,1,1,1,1,1
-iRBcNs9oI8_6,2.903,6,0.3484,0.4064,0.3774,0,2,1,0,1,1
-iRBcNs9oI8_6,2.903,7,0.4064,0.4645,0.4355,0,1,0,0,1,0
-iRBcNs9oI8_6,2.903,8,0.4645,0.5225,0.4935,0,1,1,0,1,1
-iRBcNs9oI8_6,2.903,9,0.5225,0.5806,0.5516,0,1,1,0,1,1
-iRBcNs9oI8_6,2.903,10,0.5806,0.6387,0.6096,0,1,1,0,1,1
-iRBcNs9oI8_6,2.903,11,0.6387,0.6967,0.6677,0,1,1,0,1,1
-iRBcNs9oI8_6,2.903,12,0.6967,0.7548,0.7258,0,2,1,0,1,1
-iRBcNs9oI8_6,2.903,13,0.7548,0.8128,0.7838,0,1,1,0,1,1
-iRBcNs9oI8_6,2.903,14,0.8128,0.8709,0.8419,1,1,1,1,1,1
-iRBcNs9oI8_6,2.903,15,0.8709,0.929,0.8999,0,1,0,0,1,0
-iRBcNs9oI8_6,2.903,16,0.929,0.987,0.958,0,1,1,0,1,1
-iRBcNs9oI8_6,2.903,17,0.987,1.0451,1.016,0,1,1,0,1,1
-iRBcNs9oI8_6,2.903,18,1.0451,1.1031,1.0741,0,2,1,0,1,1
-iRBcNs9oI8_6,2.903,19,1.1031,1.1612,1.1322,0,1,1,0,1,1
-iRBcNs9oI8_6,2.903,20,1.1612,1.2193,1.1902,0,1,1,0,1,1
-iRBcNs9oI8_6,2.903,21,1.2193,1.2773,1.2483,0,1,1,0,1,1
-iRBcNs9oI8_6,2.903,22,1.2773,1.3354,1.3064,0,1,1,0,1,1
-iRBcNs9oI8_6,2.903,23,1.3354,1.3934,1.3644,0,1,0,0,1,0
-iRBcNs9oI8_6,2.903,24,1.3934,1.4515,1.4225,0,2,1,0,1,1
-iRBcNs9oI8_6,2.903,25,1.4515,1.5096,1.4805,1,1,1,1,1,1
-iRBcNs9oI8_6,2.903,26,1.5096,1.5676,1.5386,0,1,1,0,1,1
-iRBcNs9oI8_6,2.903,27,1.5676,1.6257,1.5966,0,1,1,0,1,1
-iRBcNs9oI8_6,2.903,28,1.6257,1.6837,1.6547,0,1,1,0,1,1
-iRBcNs9oI8_6,2.903,29,1.6837,1.7418,1.7128,0,1,1,0,1,1
-iRBcNs9oI8_6,2.903,30,1.7418,1.7999,1.7708,0,1,0,0,1,0
-iRBcNs9oI8_6,2.903,31,1.7999,1.8579,1.8289,0,2,1,0,1,1
-iRBcNs9oI8_6,2.903,32,1.8579,1.916,1.887,0,1,1,0,1,1
-iRBcNs9oI8_6,2.903,33,1.916,1.974,1.945,0,1,1,0,1,1
-iRBcNs9oI8_6,2.903,34,1.974,2.0321,2.0031,1,1,1,1,1,1
-iRBcNs9oI8_6,2.903,35,2.0321,2.0902,2.0611,0,1,1,0,1,1
-iRBcNs9oI8_6,2.903,36,2.0902,2.1482,2.1192,0,1,1,0,1,1
-iRBcNs9oI8_6,2.903,37,2.1482,2.2063,2.1772,0,2,1,0,1,1
-iRBcNs9oI8_6,2.903,38,2.2063,2.2643,2.2353,0,1,0,0,1,0
-iRBcNs9oI8_6,2.903,39,2.2643,2.3224,2.2934,0,1,1,0,1,1
-iRBcNs9oI8_6,2.903,40,2.3224,2.3805,2.3514,0,1,1,0,1,1
-iRBcNs9oI8_6,2.903,41,2.3805,2.4385,2.4095,0,1,1,0,1,1
-iRBcNs9oI8_6,2.903,42,2.4385,2.4966,2.4676,0,1,1,0,1,1
-iRBcNs9oI8_6,2.903,43,2.4966,2.5546,2.5256,0,2,1,0,1,1
-iRBcNs9oI8_6,2.903,44,2.5546,2.6127,2.5837,1,1,1,1,1,1
-iRBcNs9oI8_6,2.903,45,2.6127,2.6708,2.6417,0,1,1,0,1,1
-iRBcNs9oI8_6,2.903,46,2.6708,2.7288,2.6998,0,1,0,0,1,0
-iRBcNs9oI8_6,2.903,47,2.7288,2.7869,2.7578,0,1,1,0,1,1
-iRBcNs9oI8_6,2.903,48,2.7869,2.8449,2.8159,0,1,1,0,1,1
-iRBcNs9oI8_6,2.903,49,2.8449,2.903,2.874,0,0,0,0,0,0
-iRBcNs9oI8_9,3.416,0,0.0,0.0683,0.0342,0,2,2,0,1,1
-iRBcNs9oI8_9,3.416,1,0.0683,0.1366,0.1025,0,1,1,0,1,1
-iRBcNs9oI8_9,3.416,2,0.1366,0.205,0.1708,0,2,1,0,1,1
-iRBcNs9oI8_9,3.416,3,0.205,0.2733,0.2391,0,1,1,0,1,1
-iRBcNs9oI8_9,3.416,4,0.2733,0.3416,0.3074,0,1,1,0,1,1
-iRBcNs9oI8_9,3.416,5,0.3416,0.4099,0.3758,1,2,1,1,1,1
-iRBcNs9oI8_9,3.416,6,0.4099,0.4782,0.4441,0,1,1,0,1,1
-iRBcNs9oI8_9,3.416,7,0.4782,0.5466,0.5124,0,1,1,0,1,1
-iRBcNs9oI8_9,3.416,8,0.5466,0.6149,0.5807,0,2,1,0,1,1
-iRBcNs9oI8_9,3.416,9,0.6149,0.6832,0.649,0,1,1,0,1,1
-iRBcNs9oI8_9,3.416,10,0.6832,0.7515,0.7174,0,2,1,0,1,1
-iRBcNs9oI8_9,3.416,11,0.7515,0.8198,0.7857,0,1,1,0,1,1
-iRBcNs9oI8_9,3.416,12,0.8198,0.8882,0.854,0,1,1,0,1,1
-iRBcNs9oI8_9,3.416,13,0.8882,0.9565,0.9223,0,2,1,0,1,1
-iRBcNs9oI8_9,3.416,14,0.9565,1.0248,0.9906,1,1,1,1,1,1
-iRBcNs9oI8_9,3.416,15,1.0248,1.0931,1.059,0,1,1,0,1,1
-iRBcNs9oI8_9,3.416,16,1.0931,1.1614,1.1273,0,2,1,0,1,1
-iRBcNs9oI8_9,3.416,17,1.1614,1.2298,1.1956,0,1,1,0,1,1
-iRBcNs9oI8_9,3.416,18,1.2298,1.2981,1.2639,0,1,1,0,1,1
-iRBcNs9oI8_9,3.416,19,1.2981,1.3664,1.3322,0,2,1,0,1,1
-iRBcNs9oI8_9,3.416,20,1.3664,1.4347,1.4006,0,1,1,0,1,1
-iRBcNs9oI8_9,3.416,21,1.4347,1.503,1.4689,0,2,1,0,1,1
-iRBcNs9oI8_9,3.416,22,1.503,1.5714,1.5372,0,1,1,0,1,1
-iRBcNs9oI8_9,3.416,23,1.5714,1.6397,1.6055,0,1,1,0,1,1
-iRBcNs9oI8_9,3.416,24,1.6397,1.708,1.6738,1,2,1,1,1,1
-iRBcNs9oI8_9,3.416,25,1.708,1.7763,1.7422,0,1,1,0,1,1
-iRBcNs9oI8_9,3.416,26,1.7763,1.8446,1.8105,0,1,1,0,1,1
-iRBcNs9oI8_9,3.416,27,1.8446,1.913,1.8788,0,2,1,0,1,1
-iRBcNs9oI8_9,3.416,28,1.913,1.9813,1.9471,0,1,1,0,1,1
-iRBcNs9oI8_9,3.416,29,1.9813,2.0496,2.0154,0,1,1,0,1,1
-iRBcNs9oI8_9,3.416,30,2.0496,2.1179,2.0838,0,2,1,0,1,1
-iRBcNs9oI8_9,3.416,31,2.1179,2.1862,2.1521,0,1,1,0,1,1
-iRBcNs9oI8_9,3.416,32,2.1862,2.2546,2.2204,0,2,1,0,1,1
-iRBcNs9oI8_9,3.416,33,2.2546,2.3229,2.2887,0,1,1,0,1,1
-iRBcNs9oI8_9,3.416,34,2.3229,2.3912,2.357,0,1,1,0,1,1
-iRBcNs9oI8_9,3.416,35,2.3912,2.4595,2.4254,1,2,1,1,1,1
-iRBcNs9oI8_9,3.416,36,2.4595,2.5278,2.4937,0,1,1,0,1,1
-iRBcNs9oI8_9,3.416,37,2.5278,2.5962,2.562,0,1,1,0,1,1
-iRBcNs9oI8_9,3.416,38,2.5962,2.6645,2.6303,0,2,1,0,1,1
-iRBcNs9oI8_9,3.416,39,2.6645,2.7328,2.6986,0,1,1,0,1,1
-iRBcNs9oI8_9,3.416,40,2.7328,2.8011,2.767,0,2,1,0,1,1
-iRBcNs9oI8_9,3.416,41,2.8011,2.8694,2.8353,0,1,1,0,1,1
-iRBcNs9oI8_9,3.416,42,2.8694,2.9378,2.9036,0,1,2,0,1,1
-iRBcNs9oI8_9,3.416,43,2.9378,3.0061,2.9719,0,2,1,0,1,1
-iRBcNs9oI8_9,3.416,44,3.0061,3.0744,3.0402,1,1,1,1,1,1
-iRBcNs9oI8_9,3.416,45,3.0744,3.1427,3.1086,0,1,1,0,1,1
-iRBcNs9oI8_9,3.416,46,3.1427,3.211,3.1769,0,2,1,0,1,1
-iRBcNs9oI8_9,3.416,47,3.211,3.2794,3.2452,0,1,1,0,1,1
-iRBcNs9oI8_9,3.416,48,3.2794,3.3477,3.3135,0,1,1,0,1,1
-iRBcNs9oI8_9,3.416,49,3.3477,3.416,3.3818,0,1,0,0,1,0
-iRBcNs9oI8_8,8.093,0,0.0,0.1619,0.0809,0,4,3,0,1,1
-iRBcNs9oI8_8,8.093,1,0.1619,0.3237,0.2428,1,3,2,1,1,1
-iRBcNs9oI8_8,8.093,2,0.3237,0.4856,0.4047,1,3,3,1,1,1
-iRBcNs9oI8_8,8.093,3,0.4856,0.6474,0.5665,0,3,2,0,1,1
-iRBcNs9oI8_8,8.093,4,0.6474,0.8093,0.7284,0,4,3,0,1,1
-iRBcNs9oI8_8,8.093,5,0.8093,0.9712,0.8902,1,3,2,1,1,1
-iRBcNs9oI8_8,8.093,6,0.9712,1.133,1.0521,0,3,2,0,1,1
-iRBcNs9oI8_8,8.093,7,1.133,1.2949,1.214,1,3,3,1,1,1
-iRBcNs9oI8_8,8.093,8,1.2949,1.4567,1.3758,0,4,2,0,1,1
-iRBcNs9oI8_8,8.093,9,1.4567,1.6186,1.5377,1,3,3,1,1,1
-iRBcNs9oI8_8,8.093,10,1.6186,1.7805,1.6995,0,3,2,0,1,1
-iRBcNs9oI8_8,8.093,11,1.7805,1.9423,1.8614,1,3,3,1,1,1
-iRBcNs9oI8_8,8.093,12,1.9423,2.1042,2.0232,0,4,2,0,1,1
-iRBcNs9oI8_8,8.093,13,2.1042,2.266,2.1851,1,3,2,1,1,1
-iRBcNs9oI8_8,8.093,14,2.266,2.4279,2.347,0,3,3,0,1,1
-iRBcNs9oI8_8,8.093,15,2.4279,2.5898,2.5088,1,3,2,1,1,1
-iRBcNs9oI8_8,8.093,16,2.5898,2.7516,2.6707,0,4,3,0,1,1
-iRBcNs9oI8_8,8.093,17,2.7516,2.9135,2.8325,1,3,2,1,1,1
-iRBcNs9oI8_8,8.093,18,2.9135,3.0753,2.9944,0,3,3,0,1,1
-iRBcNs9oI8_8,8.093,19,3.0753,3.2372,3.1563,1,3,2,1,1,1
-iRBcNs9oI8_8,8.093,20,3.2372,3.3991,3.3181,0,3,2,0,1,1
-iRBcNs9oI8_8,8.093,21,3.3991,3.5609,3.48,1,4,3,1,1,1
-iRBcNs9oI8_8,8.093,22,3.5609,3.7228,3.6419,1,3,2,1,1,1
-iRBcNs9oI8_8,8.093,23,3.7228,3.8846,3.8037,0,3,3,0,1,1
-iRBcNs9oI8_8,8.093,24,3.8846,4.0465,3.9656,0,3,2,0,1,1
-iRBcNs9oI8_8,8.093,25,4.0465,4.2084,4.1274,1,4,3,1,1,1
-iRBcNs9oI8_8,8.093,26,4.2084,4.3702,4.2893,0,3,2,0,1,1
-iRBcNs9oI8_8,8.093,27,4.3702,4.5321,4.4512,1,3,2,1,1,1
-iRBcNs9oI8_8,8.093,28,4.5321,4.6939,4.613,0,3,3,0,1,1
-iRBcNs9oI8_8,8.093,29,4.6939,4.8558,4.7749,1,4,2,1,1,1
-iRBcNs9oI8_8,8.093,30,4.8558,5.0177,4.9367,0,3,3,0,1,1
-iRBcNs9oI8_8,8.093,31,5.0177,5.1795,5.0986,1,3,2,1,1,1
-iRBcNs9oI8_8,8.093,32,5.1795,5.3414,5.2605,0,3,3,0,1,1
-iRBcNs9oI8_8,8.093,33,5.3414,5.5032,5.4223,1,4,2,1,1,1
-iRBcNs9oI8_8,8.093,34,5.5032,5.6651,5.5842,0,3,2,0,1,1
-iRBcNs9oI8_8,8.093,35,5.6651,5.827,5.746,1,3,3,1,1,1
-iRBcNs9oI8_8,8.093,36,5.827,5.9888,5.9079,0,3,2,0,1,1
-iRBcNs9oI8_8,8.093,37,5.9888,6.1507,6.0698,1,4,3,1,1,1
-iRBcNs9oI8_8,8.093,38,6.1507,6.3125,6.2316,0,3,2,0,1,1
-iRBcNs9oI8_8,8.093,39,6.3125,6.4744,6.3935,1,3,3,1,1,1
-iRBcNs9oI8_8,8.093,40,6.4744,6.6363,6.5553,0,3,2,0,1,1
-iRBcNs9oI8_8,8.093,41,6.6363,6.7981,6.7172,1,3,2,1,1,1
-iRBcNs9oI8_8,8.093,42,6.7981,6.96,6.879,0,4,3,0,1,1
-iRBcNs9oI8_8,8.093,43,6.96,7.1218,7.0409,1,3,2,1,1,1
-iRBcNs9oI8_8,8.093,44,7.1218,7.2837,7.2028,1,3,3,1,1,1
-iRBcNs9oI8_8,8.093,45,7.2837,7.4456,7.3646,0,3,2,0,1,1
-iRBcNs9oI8_8,8.093,46,7.4456,7.6074,7.5265,1,4,2,1,1,1
-iRBcNs9oI8_8,8.093,47,7.6074,7.7693,7.6883,0,3,3,0,1,1
-iRBcNs9oI8_8,8.093,48,7.7693,7.9311,7.8502,1,3,2,1,1,1
-iRBcNs9oI8_8,8.093,49,7.9311,8.093,8.0121,0,2,2,0,1,1
-lzEya4AM_4_5,7.675,0,0.0,0.1535,0.0767,0,4,3,0,1,1
-lzEya4AM_4_5,7.675,1,0.1535,0.307,0.2303,1,3,2,1,1,1
-lzEya4AM_4_5,7.675,2,0.307,0.4605,0.3838,0,3,2,0,1,1
-lzEya4AM_4_5,7.675,3,0.4605,0.614,0.5373,1,3,3,1,1,1
-lzEya4AM_4_5,7.675,4,0.614,0.7675,0.6907,0,3,2,0,1,1
-lzEya4AM_4_5,7.675,5,0.7675,0.921,0.8442,1,3,2,1,1,1
-lzEya4AM_4_5,7.675,6,0.921,1.0745,0.9978,0,3,3,0,1,1
-lzEya4AM_4_5,7.675,7,1.0745,1.228,1.1513,0,3,2,0,1,1
-lzEya4AM_4_5,7.675,8,1.228,1.3815,1.3047,1,3,2,1,1,1
-lzEya4AM_4_5,7.675,9,1.3815,1.535,1.4583,0,3,3,0,1,1
-lzEya4AM_4_5,7.675,10,1.535,1.6885,1.6117,1,3,2,1,1,1
-lzEya4AM_4_5,7.675,11,1.6885,1.842,1.7652,0,3,2,0,1,1
-lzEya4AM_4_5,7.675,12,1.842,1.9955,1.9188,0,3,2,0,1,1
-lzEya4AM_4_5,7.675,13,1.9955,2.149,2.0722,1,3,3,1,1,1
-lzEya4AM_4_5,7.675,14,2.149,2.3025,2.2257,0,4,2,0,1,1
-lzEya4AM_4_5,7.675,15,2.3025,2.456,2.3792,1,3,2,1,1,1
-lzEya4AM_4_5,7.675,16,2.456,2.6095,2.5328,0,3,3,0,1,1
-lzEya4AM_4_5,7.675,17,2.6095,2.763,2.6863,1,3,2,1,1,1
-lzEya4AM_4_5,7.675,18,2.763,2.9165,2.8397,0,3,2,0,1,1
-lzEya4AM_4_5,7.675,19,2.9165,3.07,2.9932,0,3,3,0,1,1
-lzEya4AM_4_5,7.675,20,3.07,3.2235,3.1467,1,3,2,1,1,1
-lzEya4AM_4_5,7.675,21,3.2235,3.377,3.3003,0,3,2,0,1,1
-lzEya4AM_4_5,7.675,22,3.377,3.5305,3.4537,1,3,2,1,1,1
-lzEya4AM_4_5,7.675,23,3.5305,3.684,3.6073,0,3,3,0,1,1
-lzEya4AM_4_5,7.675,24,3.684,3.8375,3.7607,0,3,2,0,1,1
-lzEya4AM_4_5,7.675,25,3.8375,3.991,3.9143,1,3,2,1,1,1
-lzEya4AM_4_5,7.675,26,3.991,4.1445,4.0678,0,3,3,0,1,1
-lzEya4AM_4_5,7.675,27,4.1445,4.298,4.2212,1,3,2,1,1,1
-lzEya4AM_4_5,7.675,28,4.298,4.4515,4.3748,0,4,2,0,1,1
-lzEya4AM_4_5,7.675,29,4.4515,4.605,4.5282,1,3,3,1,1,1
-lzEya4AM_4_5,7.675,30,4.605,4.7585,4.6817,0,3,2,0,1,1
-lzEya4AM_4_5,7.675,31,4.7585,4.912,4.8353,0,3,2,0,1,1
-lzEya4AM_4_5,7.675,32,4.912,5.0655,4.9887,1,3,2,1,1,1
-lzEya4AM_4_5,7.675,33,5.0655,5.219,5.1423,0,3,3,0,1,1
-lzEya4AM_4_5,7.675,34,5.219,5.3725,5.2957,1,3,2,1,1,1
-lzEya4AM_4_5,7.675,35,5.3725,5.526,5.4492,0,3,2,0,1,1
-lzEya4AM_4_5,7.675,36,5.526,5.6795,5.6028,1,3,3,1,1,1
-lzEya4AM_4_5,7.675,37,5.6795,5.833,5.7562,0,3,2,0,1,1
-lzEya4AM_4_5,7.675,38,5.833,5.9865,5.9097,0,3,2,0,1,1
-lzEya4AM_4_5,7.675,39,5.9865,6.14,6.0633,1,3,3,1,1,1
-lzEya4AM_4_5,7.675,40,6.14,6.2935,6.2167,0,3,2,0,1,1
-lzEya4AM_4_5,7.675,41,6.2935,6.447,6.3703,1,3,2,1,1,1
-lzEya4AM_4_5,7.675,42,6.447,6.6005,6.5237,0,4,3,0,1,1
-lzEya4AM_4_5,7.675,43,6.6005,6.754,6.6772,0,3,2,0,1,1
-lzEya4AM_4_5,7.675,44,6.754,6.9075,6.8308,1,3,2,1,1,1
-lzEya4AM_4_5,7.675,45,6.9075,7.061,6.9842,0,3,2,0,1,1
-lzEya4AM_4_5,7.675,46,7.061,7.2145,7.1378,1,3,3,1,1,1
-lzEya4AM_4_5,7.675,47,7.2145,7.368,7.2912,0,3,2,0,1,1
-lzEya4AM_4_5,7.675,48,7.368,7.5215,7.4447,1,3,2,1,1,1
-lzEya4AM_4_5,7.675,49,7.5215,7.675,7.5983,0,1,2,0,1,1
-lzEya4AM_4_6,14.792,0,0.0,0.2958,0.1479,1,6,5,1,1,1
-lzEya4AM_4_6,14.792,1,0.2958,0.5917,0.4438,1,6,4,1,1,1
-lzEya4AM_4_6,14.792,2,0.5917,0.8875,0.7396,1,6,5,1,1,1
-lzEya4AM_4_6,14.792,3,0.8875,1.1834,1.0354,1,6,4,1,1,1
-lzEya4AM_4_6,14.792,4,1.1834,1.4792,1.3313,1,6,5,1,1,1
-lzEya4AM_4_6,14.792,5,1.4792,1.775,1.6271,1,6,4,1,1,1
-lzEya4AM_4_6,14.792,6,1.775,2.0709,1.923,0,6,5,0,1,1
-lzEya4AM_4_6,14.792,7,2.0709,2.3667,2.2188,1,6,4,1,1,1
-lzEya4AM_4_6,14.792,8,2.3667,2.6626,2.5146,1,6,4,1,1,1
-lzEya4AM_4_6,14.792,9,2.6626,2.9584,2.8105,1,6,5,1,1,1
-lzEya4AM_4_6,14.792,10,2.9584,3.2542,3.1063,1,6,4,1,1,1
-lzEya4AM_4_6,14.792,11,3.2542,3.5501,3.4022,1,6,5,1,1,1
-lzEya4AM_4_6,14.792,12,3.5501,3.8459,3.698,1,5,4,1,1,1
-lzEya4AM_4_6,14.792,13,3.8459,4.1418,3.9938,1,6,5,1,1,1
-lzEya4AM_4_6,14.792,14,4.1418,4.4376,4.2897,1,6,4,1,1,1
-lzEya4AM_4_6,14.792,15,4.4376,4.7334,4.5855,1,6,5,1,1,1
-lzEya4AM_4_6,14.792,16,4.7334,5.0293,4.8814,1,6,4,1,1,1
-lzEya4AM_4_6,14.792,17,5.0293,5.3251,5.1772,1,6,4,1,1,1
-lzEya4AM_4_6,14.792,18,5.3251,5.621,5.473,0,6,5,0,1,1
-lzEya4AM_4_6,14.792,19,5.621,5.9168,5.7689,1,6,4,1,1,1
-lzEya4AM_4_6,14.792,20,5.9168,6.2126,6.0647,1,6,5,1,1,1
-lzEya4AM_4_6,14.792,21,6.2126,6.5085,6.3606,1,6,4,1,1,1
-lzEya4AM_4_6,14.792,22,6.5085,6.8043,6.6564,1,6,5,1,1,1
-lzEya4AM_4_6,14.792,23,6.8043,7.1002,6.9522,1,6,4,1,1,1
-lzEya4AM_4_6,14.792,24,7.1002,7.396,7.2481,1,5,4,1,1,1
-lzEya4AM_4_6,14.792,25,7.396,7.6918,7.5439,1,6,5,1,1,1
-lzEya4AM_4_6,14.792,26,7.6918,7.9877,7.8398,1,6,4,1,1,1
-lzEya4AM_4_6,14.792,27,7.9877,8.2835,8.1356,1,6,5,1,1,1
-lzEya4AM_4_6,14.792,28,8.2835,8.5794,8.4314,1,6,4,1,1,1
-lzEya4AM_4_6,14.792,29,8.5794,8.8752,8.7273,1,6,5,1,1,1
-lzEya4AM_4_6,14.792,30,8.8752,9.171,9.0231,1,6,4,1,1,1
-lzEya4AM_4_6,14.792,31,9.171,9.4669,9.319,0,6,5,0,1,1
-lzEya4AM_4_6,14.792,32,9.4669,9.7627,9.6148,1,6,4,1,1,1
-lzEya4AM_4_6,14.792,33,9.7627,10.0586,9.9106,1,6,4,1,1,1
-lzEya4AM_4_6,14.792,34,10.0586,10.3544,10.2065,1,6,5,1,1,1
-lzEya4AM_4_6,14.792,35,10.3544,10.6502,10.5023,1,6,4,1,1,1
-lzEya4AM_4_6,14.792,36,10.6502,10.9461,10.7982,1,5,5,1,1,1
-lzEya4AM_4_6,14.792,37,10.9461,11.2419,11.094,1,6,4,1,1,1
-lzEya4AM_4_6,14.792,38,11.2419,11.5378,11.3898,1,6,5,1,1,1
-lzEya4AM_4_6,14.792,39,11.5378,11.8336,11.6857,1,6,4,1,1,1
-lzEya4AM_4_6,14.792,40,11.8336,12.1294,11.9815,1,6,4,1,1,1
-lzEya4AM_4_6,14.792,41,12.1294,12.4253,12.2774,1,6,5,1,1,1
-lzEya4AM_4_6,14.792,42,12.4253,12.7211,12.5732,1,6,4,1,1,1
-lzEya4AM_4_6,14.792,43,12.7211,13.017,12.869,0,6,5,0,1,1
-lzEya4AM_4_6,14.792,44,13.017,13.3128,13.1649,1,6,4,1,1,1
-lzEya4AM_4_6,14.792,45,13.3128,13.6086,13.4607,1,6,5,1,1,1
-lzEya4AM_4_6,14.792,46,13.6086,13.9045,13.7566,1,6,4,1,1,1
-lzEya4AM_4_6,14.792,47,13.9045,14.2003,14.0524,1,6,5,1,1,1
-lzEya4AM_4_6,14.792,48,14.2003,14.4962,14.3482,1,5,4,1,1,1
-lzEya4AM_4_6,14.792,49,14.4962,14.792,14.6441,1,5,4,1,1,1
-mJ2ud6oKI8_1,6.103,0,0.0,0.1221,0.061,0,3,2,0,1,1
-mJ2ud6oKI8_1,6.103,1,0.1221,0.2441,0.1831,1,2,2,1,1,1
-mJ2ud6oKI8_1,6.103,2,0.2441,0.3662,0.3052,0,3,2,0,1,1
-mJ2ud6oKI8_1,6.103,3,0.3662,0.4882,0.4272,0,2,2,0,1,1
-mJ2ud6oKI8_1,6.103,4,0.4882,0.6103,0.5493,0,3,2,0,1,1
-mJ2ud6oKI8_1,6.103,5,0.6103,0.7324,0.6713,1,2,1,1,1,1
-mJ2ud6oKI8_1,6.103,6,0.7324,0.8544,0.7934,0,3,2,0,1,1
-mJ2ud6oKI8_1,6.103,7,0.8544,0.9765,0.9154,0,2,2,0,1,1
-mJ2ud6oKI8_1,6.103,8,0.9765,1.0985,1.0375,0,2,2,0,1,1
-mJ2ud6oKI8_1,6.103,9,1.0985,1.2206,1.1596,1,3,2,1,1,1
-mJ2ud6oKI8_1,6.103,10,1.2206,1.3427,1.2816,0,2,2,0,1,1
-mJ2ud6oKI8_1,6.103,11,1.3427,1.4647,1.4037,0,3,1,0,1,1
-mJ2ud6oKI8_1,6.103,12,1.4647,1.5868,1.5257,0,2,2,0,1,1
-mJ2ud6oKI8_1,6.103,13,1.5868,1.7088,1.6478,1,3,2,1,1,1
-mJ2ud6oKI8_1,6.103,14,1.7088,1.8309,1.7699,0,2,2,0,1,1
-mJ2ud6oKI8_1,6.103,15,1.8309,1.953,1.8919,0,3,2,0,1,1
-mJ2ud6oKI8_1,6.103,16,1.953,2.075,2.014,0,2,2,0,1,1
-mJ2ud6oKI8_1,6.103,17,2.075,2.1971,2.1361,1,2,1,1,1,1
-mJ2ud6oKI8_1,6.103,18,2.1971,2.3191,2.2581,0,3,2,0,1,1
-mJ2ud6oKI8_1,6.103,19,2.3191,2.4412,2.3802,0,2,2,0,1,1
-mJ2ud6oKI8_1,6.103,20,2.4412,2.5633,2.5022,0,3,2,0,1,1
-mJ2ud6oKI8_1,6.103,21,2.5633,2.6853,2.6243,1,2,2,1,1,1
-mJ2ud6oKI8_1,6.103,22,2.6853,2.8074,2.7464,0,3,2,0,1,1
-mJ2ud6oKI8_1,6.103,23,2.8074,2.9294,2.8684,0,2,1,0,1,1
-mJ2ud6oKI8_1,6.103,24,2.9294,3.0515,2.9905,0,3,2,0,1,1
-mJ2ud6oKI8_1,6.103,25,3.0515,3.1736,3.1125,1,2,2,1,1,1
-mJ2ud6oKI8_1,6.103,26,3.1736,3.2956,3.2346,0,2,2,0,1,1
-mJ2ud6oKI8_1,6.103,27,3.2956,3.4177,3.3567,0,3,2,0,1,1
-mJ2ud6oKI8_1,6.103,28,3.4177,3.5397,3.4787,1,2,2,1,1,1
-mJ2ud6oKI8_1,6.103,29,3.5397,3.6618,3.6008,0,3,1,0,1,1
-mJ2ud6oKI8_1,6.103,30,3.6618,3.7839,3.7228,0,2,2,0,1,1
-mJ2ud6oKI8_1,6.103,31,3.7839,3.9059,3.8449,0,3,2,0,1,1
-mJ2ud6oKI8_1,6.103,32,3.9059,4.028,3.967,1,2,2,1,1,1
-mJ2ud6oKI8_1,6.103,33,4.028,4.15,4.089,0,3,2,0,1,1
-mJ2ud6oKI8_1,6.103,34,4.15,4.2721,4.2111,0,2,2,0,1,1
-mJ2ud6oKI8_1,6.103,35,4.2721,4.3942,4.3331,0,2,1,0,1,1
-mJ2ud6oKI8_1,6.103,36,4.3942,4.5162,4.4552,1,3,2,1,1,1
-mJ2ud6oKI8_1,6.103,37,4.5162,4.6383,4.5772,0,2,2,0,1,1
-mJ2ud6oKI8_1,6.103,38,4.6383,4.7603,4.6993,0,3,2,0,1,1
-mJ2ud6oKI8_1,6.103,39,4.7603,4.8824,4.8214,0,2,2,0,1,1
-mJ2ud6oKI8_1,6.103,40,4.8824,5.0045,4.9434,1,3,1,1,1,1
-mJ2ud6oKI8_1,6.103,41,5.0045,5.1265,5.0655,0,2,2,0,1,1
-mJ2ud6oKI8_1,6.103,42,5.1265,5.2486,5.1875,0,2,2,0,1,1
-mJ2ud6oKI8_1,6.103,43,5.2486,5.3706,5.3096,0,3,2,0,1,1
-mJ2ud6oKI8_1,6.103,44,5.3706,5.4927,5.4317,1,2,2,1,1,1
-mJ2ud6oKI8_1,6.103,45,5.4927,5.6148,5.5537,0,3,2,0,1,1
-mJ2ud6oKI8_1,6.103,46,5.6148,5.7368,5.6758,0,2,1,0,1,1
-mJ2ud6oKI8_1,6.103,47,5.7368,5.8589,5.7979,0,3,2,0,1,1
-mJ2ud6oKI8_1,6.103,48,5.8589,5.9809,5.9199,1,2,2,1,1,1
-mJ2ud6oKI8_1,6.103,49,5.9809,6.103,6.042,0,2,1,0,1,1
-mJ2ud6oKI8_2,5.731,0,0.0,0.1146,0.0573,0,3,2,0,1,1
-mJ2ud6oKI8_2,5.731,1,0.1146,0.2292,0.1719,0,2,2,0,1,1
-mJ2ud6oKI8_2,5.731,2,0.2292,0.3439,0.2865,1,2,2,1,1,1
-mJ2ud6oKI8_2,5.731,3,0.3439,0.4585,0.4012,0,3,1,0,1,1
-mJ2ud6oKI8_2,5.731,4,0.4585,0.5731,0.5158,0,2,2,0,1,1
-mJ2ud6oKI8_2,5.731,5,0.5731,0.6877,0.6304,0,2,2,0,1,1
-mJ2ud6oKI8_2,5.731,6,0.6877,0.8023,0.745,1,3,2,1,1,1
-mJ2ud6oKI8_2,5.731,7,0.8023,0.917,0.8597,0,2,1,0,1,1
-mJ2ud6oKI8_2,5.731,8,0.917,1.0316,0.9743,0,2,2,0,1,1
-mJ2ud6oKI8_2,5.731,9,1.0316,1.1462,1.0889,0,2,2,0,1,1
-mJ2ud6oKI8_2,5.731,10,1.1462,1.2608,1.2035,0,3,1,0,1,1
-mJ2ud6oKI8_2,5.731,11,1.2608,1.3754,1.3181,1,2,2,1,1,1
-mJ2ud6oKI8_2,5.731,12,1.3754,1.4901,1.4327,0,2,2,0,1,1
-mJ2ud6oKI8_2,5.731,13,1.4901,1.6047,1.5474,0,3,2,0,1,1
-mJ2ud6oKI8_2,5.731,14,1.6047,1.7193,1.662,0,2,1,0,1,1
-mJ2ud6oKI8_2,5.731,15,1.7193,1.8339,1.7766,1,2,2,1,1,1
-mJ2ud6oKI8_2,5.731,16,1.8339,1.9485,1.8912,0,2,2,0,1,1
-mJ2ud6oKI8_2,5.731,17,1.9485,2.0632,2.0058,0,3,1,0,1,1
-mJ2ud6oKI8_2,5.731,18,2.0632,2.1778,2.1205,0,2,2,0,1,1
-mJ2ud6oKI8_2,5.731,19,2.1778,2.2924,2.2351,0,2,2,0,1,1
-mJ2ud6oKI8_2,5.731,20,2.2924,2.407,2.3497,1,3,2,1,1,1
-mJ2ud6oKI8_2,5.731,21,2.407,2.5216,2.4643,0,2,1,0,1,1
-mJ2ud6oKI8_2,5.731,22,2.5216,2.6363,2.5789,0,2,2,0,1,1
-mJ2ud6oKI8_2,5.731,23,2.6363,2.7509,2.6936,0,3,2,0,1,1
-mJ2ud6oKI8_2,5.731,24,2.7509,2.8655,2.8082,1,2,1,1,1,1
-mJ2ud6oKI8_2,5.731,25,2.8655,2.9801,2.9228,0,2,2,0,1,1
-mJ2ud6oKI8_2,5.731,26,2.9801,3.0947,3.0374,0,2,2,0,1,1
-mJ2ud6oKI8_2,5.731,27,3.0947,3.2094,3.1521,0,3,2,0,1,1
-mJ2ud6oKI8_2,5.731,28,3.2094,3.324,3.2667,0,2,1,0,1,1
-mJ2ud6oKI8_2,5.731,29,3.324,3.4386,3.3813,1,2,2,1,1,1
-mJ2ud6oKI8_2,5.731,30,3.4386,3.5532,3.4959,0,3,2,0,1,1
-mJ2ud6oKI8_2,5.731,31,3.5532,3.6678,3.6105,0,2,1,0,1,1
-mJ2ud6oKI8_2,5.731,32,3.6678,3.7825,3.7252,0,2,2,0,1,1
-mJ2ud6oKI8_2,5.731,33,3.7825,3.8971,3.8398,0,2,2,0,1,1
-mJ2ud6oKI8_2,5.731,34,3.8971,4.0117,3.9544,1,3,2,1,1,1
-mJ2ud6oKI8_2,5.731,35,4.0117,4.1263,4.069,0,2,1,0,1,1
-mJ2ud6oKI8_2,5.731,36,4.1263,4.2409,4.1836,0,2,2,0,1,1
-mJ2ud6oKI8_2,5.731,37,4.2409,4.3556,4.2982,0,3,2,0,1,1
-mJ2ud6oKI8_2,5.731,38,4.3556,4.4702,4.4129,1,2,1,1,1,1
-mJ2ud6oKI8_2,5.731,39,4.4702,4.5848,4.5275,0,2,2,0,1,1
-mJ2ud6oKI8_2,5.731,40,4.5848,4.6994,4.6421,0,2,2,0,1,1
-mJ2ud6oKI8_2,5.731,41,4.6994,4.814,4.7567,0,3,2,0,1,1
-mJ2ud6oKI8_2,5.731,42,4.814,4.9287,4.8713,0,2,1,0,1,1
-mJ2ud6oKI8_2,5.731,43,4.9287,5.0433,4.986,1,2,2,1,1,1
-mJ2ud6oKI8_2,5.731,44,5.0433,5.1579,5.1006,0,3,2,0,1,1
-mJ2ud6oKI8_2,5.731,45,5.1579,5.2725,5.2152,0,2,2,0,1,1
-mJ2ud6oKI8_2,5.731,46,5.2725,5.3871,5.3298,0,2,1,0,1,1
-mJ2ud6oKI8_2,5.731,47,5.3871,5.5018,5.4444,1,3,2,1,1,1
-mJ2ud6oKI8_2,5.731,48,5.5018,5.6164,5.5591,0,2,2,0,1,1
-mJ2ud6oKI8_2,5.731,49,5.6164,5.731,5.6737,0,2,1,0,1,1
-mJ2ud6oKI8_6,2.257,0,0.0,0.0451,0.0226,0,1,1,0,1,1
-mJ2ud6oKI8_6,2.257,1,0.0451,0.0903,0.0677,0,1,1,0,1,1
-mJ2ud6oKI8_6,2.257,2,0.0903,0.1354,0.1128,0,1,1,0,1,1
-mJ2ud6oKI8_6,2.257,3,0.1354,0.1806,0.158,0,1,0,0,1,0
-mJ2ud6oKI8_6,2.257,4,0.1806,0.2257,0.2031,0,1,1,0,1,1
-mJ2ud6oKI8_6,2.257,5,0.2257,0.2708,0.2483,1,1,1,1,1,1
-mJ2ud6oKI8_6,2.257,6,0.2708,0.316,0.2934,0,1,0,0,1,0
-mJ2ud6oKI8_6,2.257,7,0.316,0.3611,0.3386,0,1,1,0,1,1
-mJ2ud6oKI8_6,2.257,8,0.3611,0.4063,0.3837,0,1,1,0,1,1
-mJ2ud6oKI8_6,2.257,9,0.4063,0.4514,0.4288,0,1,0,0,1,0
-mJ2ud6oKI8_6,2.257,10,0.4514,0.4965,0.474,0,0,1,0,0,1
-mJ2ud6oKI8_6,2.257,11,0.4965,0.5417,0.5191,0,1,1,0,1,1
-mJ2ud6oKI8_6,2.257,12,0.5417,0.5868,0.5642,0,1,0,0,1,0
-mJ2ud6oKI8_6,2.257,13,0.5868,0.632,0.6094,0,1,1,0,1,1
-mJ2ud6oKI8_6,2.257,14,0.632,0.6771,0.6545,0,1,1,0,1,1
-mJ2ud6oKI8_6,2.257,15,0.6771,0.7222,0.6997,1,1,0,1,1,0
-mJ2ud6oKI8_6,2.257,16,0.7222,0.7674,0.7448,0,1,1,0,1,1
-mJ2ud6oKI8_6,2.257,17,0.7674,0.8125,0.7899,0,1,1,0,1,1
-mJ2ud6oKI8_6,2.257,18,0.8125,0.8577,0.8351,0,1,0,0,1,0
-mJ2ud6oKI8_6,2.257,19,0.8577,0.9028,0.8802,0,1,1,0,1,1
-mJ2ud6oKI8_6,2.257,20,0.9028,0.9479,0.9254,0,0,1,0,0,1
-mJ2ud6oKI8_6,2.257,21,0.9479,0.9931,0.9705,0,1,0,0,1,0
-mJ2ud6oKI8_6,2.257,22,0.9931,1.0382,1.0156,0,1,1,0,1,1
-mJ2ud6oKI8_6,2.257,23,1.0382,1.0834,1.0608,0,1,1,0,1,1
-mJ2ud6oKI8_6,2.257,24,1.0834,1.1285,1.1059,1,1,0,1,1,0
-mJ2ud6oKI8_6,2.257,25,1.1285,1.1736,1.1511,0,1,1,0,1,1
-mJ2ud6oKI8_6,2.257,26,1.1736,1.2188,1.1962,0,1,1,0,1,1
-mJ2ud6oKI8_6,2.257,27,1.2188,1.2639,1.2413,0,1,0,0,1,0
-mJ2ud6oKI8_6,2.257,28,1.2639,1.3091,1.2865,0,1,1,0,1,1
-mJ2ud6oKI8_6,2.257,29,1.3091,1.3542,1.3316,0,1,1,0,1,1
-mJ2ud6oKI8_6,2.257,30,1.3542,1.3993,1.3768,0,0,0,0,0,0
-mJ2ud6oKI8_6,2.257,31,1.3993,1.4445,1.4219,0,1,1,0,1,1
-mJ2ud6oKI8_6,2.257,32,1.4445,1.4896,1.467,0,1,1,0,1,1
-mJ2ud6oKI8_6,2.257,33,1.4896,1.5348,1.5122,0,1,0,0,1,0
-mJ2ud6oKI8_6,2.257,34,1.5348,1.5799,1.5573,0,1,1,0,1,1
-mJ2ud6oKI8_6,2.257,35,1.5799,1.625,1.6025,1,1,1,1,1,1
-mJ2ud6oKI8_6,2.257,36,1.625,1.6702,1.6476,0,1,1,0,1,1
-mJ2ud6oKI8_6,2.257,37,1.6702,1.7153,1.6927,0,1,0,0,1,0
-mJ2ud6oKI8_6,2.257,38,1.7153,1.7605,1.7379,0,1,1,0,1,1
-mJ2ud6oKI8_6,2.257,39,1.7605,1.8056,1.783,0,1,1,0,1,1
-mJ2ud6oKI8_6,2.257,40,1.8056,1.8507,1.8282,0,1,0,0,1,0
-mJ2ud6oKI8_6,2.257,41,1.8507,1.8959,1.8733,0,0,1,0,0,1
-mJ2ud6oKI8_6,2.257,42,1.8959,1.941,1.9184,0,1,1,0,1,1
-mJ2ud6oKI8_6,2.257,43,1.941,1.9862,1.9636,0,1,0,0,1,0
-mJ2ud6oKI8_6,2.257,44,1.9862,2.0313,2.0087,0,1,1,0,1,1
-mJ2ud6oKI8_6,2.257,45,2.0313,2.0764,2.0539,1,1,1,1,1,1
-mJ2ud6oKI8_6,2.257,46,2.0764,2.1216,2.099,0,1,0,0,1,0
-mJ2ud6oKI8_6,2.257,47,2.1216,2.1667,2.1441,0,1,1,0,1,1
-mJ2ud6oKI8_6,2.257,48,2.1667,2.2119,2.1893,0,1,1,0,1,1
-mJ2ud6oKI8_6,2.257,49,2.2119,2.257,2.2344,0,0,0,0,0,0
-mJ2ud6oKI8_9,7.033,0,0.0,0.1407,0.0703,0,3,3,0,1,1
-mJ2ud6oKI8_9,7.033,1,0.1407,0.2813,0.211,1,3,2,1,1,1
-mJ2ud6oKI8_9,7.033,2,0.2813,0.422,0.3517,1,3,2,1,1,1
-mJ2ud6oKI8_9,7.033,3,0.422,0.5626,0.4923,0,3,2,0,1,1
-mJ2ud6oKI8_9,7.033,4,0.5626,0.7033,0.633,1,3,2,1,1,1
-mJ2ud6oKI8_9,7.033,5,0.7033,0.844,0.7736,0,2,2,0,1,1
-mJ2ud6oKI8_9,7.033,6,0.844,0.9846,0.9143,1,3,2,1,1,1
-mJ2ud6oKI8_9,7.033,7,0.9846,1.1253,1.055,0,3,2,0,1,1
-mJ2ud6oKI8_9,7.033,8,1.1253,1.2659,1.1956,1,3,2,1,1,1
-mJ2ud6oKI8_9,7.033,9,1.2659,1.4066,1.3363,0,3,3,0,1,1
-mJ2ud6oKI8_9,7.033,10,1.4066,1.5473,1.4769,0,2,2,0,1,1
-mJ2ud6oKI8_9,7.033,11,1.5473,1.6879,1.6176,1,3,2,1,1,1
-mJ2ud6oKI8_9,7.033,12,1.6879,1.8286,1.7583,0,3,2,0,1,1
-mJ2ud6oKI8_9,7.033,13,1.8286,1.9692,1.8989,1,3,2,1,1,1
-mJ2ud6oKI8_9,7.033,14,1.9692,2.1099,2.0396,1,3,2,1,1,1
-mJ2ud6oKI8_9,7.033,15,2.1099,2.2506,2.1802,0,3,2,0,1,1
-mJ2ud6oKI8_9,7.033,16,2.2506,2.3912,2.3209,0,2,2,0,1,1
-mJ2ud6oKI8_9,7.033,17,2.3912,2.5319,2.4615,1,3,2,1,1,1
-mJ2ud6oKI8_9,7.033,18,2.5319,2.6725,2.6022,1,3,3,1,1,1
-mJ2ud6oKI8_9,7.033,19,2.6725,2.8132,2.7429,0,3,2,0,1,1
-mJ2ud6oKI8_9,7.033,20,2.8132,2.9539,2.8835,0,3,2,0,1,1
-mJ2ud6oKI8_9,7.033,21,2.9539,3.0945,3.0242,1,2,2,1,1,1
-mJ2ud6oKI8_9,7.033,22,3.0945,3.2352,3.1649,1,3,2,1,1,1
-mJ2ud6oKI8_9,7.033,23,3.2352,3.3758,3.3055,0,3,2,0,1,1
-mJ2ud6oKI8_9,7.033,24,3.3758,3.5165,3.4462,1,3,2,1,1,1
-mJ2ud6oKI8_9,7.033,25,3.5165,3.6572,3.5868,0,3,2,0,1,1
-mJ2ud6oKI8_9,7.033,26,3.6572,3.7978,3.7275,0,2,2,0,1,1
-mJ2ud6oKI8_9,7.033,27,3.7978,3.9385,3.8681,1,3,3,1,1,1
-mJ2ud6oKI8_9,7.033,28,3.9385,4.0791,4.0088,0,3,2,0,1,1
-mJ2ud6oKI8_9,7.033,29,4.0791,4.2198,4.1495,1,3,2,1,1,1
-mJ2ud6oKI8_9,7.033,30,4.2198,4.3605,4.2901,1,3,2,1,1,1
-mJ2ud6oKI8_9,7.033,31,4.3605,4.5011,4.4308,0,3,2,0,1,1
-mJ2ud6oKI8_9,7.033,32,4.5011,4.6418,4.5715,1,2,2,1,1,1
-mJ2ud6oKI8_9,7.033,33,4.6418,4.7824,4.7121,0,3,2,0,1,1
-mJ2ud6oKI8_9,7.033,34,4.7824,4.9231,4.8528,1,3,2,1,1,1
-mJ2ud6oKI8_9,7.033,35,4.9231,5.0638,4.9934,0,3,2,0,1,1
-mJ2ud6oKI8_9,7.033,36,5.0638,5.2044,5.1341,0,3,2,0,1,1
-mJ2ud6oKI8_9,7.033,37,5.2044,5.3451,5.2748,1,2,3,1,1,1
-mJ2ud6oKI8_9,7.033,38,5.3451,5.4857,5.4154,0,3,2,0,1,1
-mJ2ud6oKI8_9,7.033,39,5.4857,5.6264,5.5561,1,3,2,1,1,1
-mJ2ud6oKI8_9,7.033,40,5.6264,5.7671,5.6967,1,3,2,1,1,1
-mJ2ud6oKI8_9,7.033,41,5.7671,5.9077,5.8374,0,3,2,0,1,1
-mJ2ud6oKI8_9,7.033,42,5.9077,6.0484,5.978,1,2,2,1,1,1
-mJ2ud6oKI8_9,7.033,43,6.0484,6.189,6.1187,0,3,2,0,1,1
-mJ2ud6oKI8_9,7.033,44,6.189,6.3297,6.2594,1,3,2,1,1,1
-mJ2ud6oKI8_9,7.033,45,6.3297,6.4704,6.4,0,3,2,0,1,1
-mJ2ud6oKI8_9,7.033,46,6.4704,6.611,6.5407,0,3,3,0,1,1
-mJ2ud6oKI8_9,7.033,47,6.611,6.7517,6.6814,1,3,2,1,1,1
-mJ2ud6oKI8_9,7.033,48,6.7517,6.8923,6.822,0,2,2,0,1,1
-mJ2ud6oKI8_9,7.033,49,6.8923,7.033,6.9627,1,1,1,1,1,1
-mJ2ud6oKI8_8,4.192,0,0.0,0.0838,0.0419,0,2,2,0,1,1
-mJ2ud6oKI8_8,4.192,1,0.0838,0.1677,0.1258,0,2,1,0,1,1
-mJ2ud6oKI8_8,4.192,2,0.1677,0.2515,0.2096,1,2,1,1,1,1
-mJ2ud6oKI8_8,4.192,3,0.2515,0.3354,0.2934,0,1,2,0,1,1
-mJ2ud6oKI8_8,4.192,4,0.3354,0.4192,0.3773,0,2,1,0,1,1
-mJ2ud6oKI8_8,4.192,5,0.4192,0.503,0.4611,0,2,1,0,1,1
-mJ2ud6oKI8_8,4.192,6,0.503,0.5869,0.545,1,1,1,1,1,1
-mJ2ud6oKI8_8,4.192,7,0.5869,0.6707,0.6288,0,2,2,0,1,1
-mJ2ud6oKI8_8,4.192,8,0.6707,0.7546,0.7126,0,2,1,0,1,1
-mJ2ud6oKI8_8,4.192,9,0.7546,0.8384,0.7965,0,1,1,0,1,1
-mJ2ud6oKI8_8,4.192,10,0.8384,0.9222,0.8803,0,2,1,0,1,1
-mJ2ud6oKI8_8,4.192,11,0.9222,1.0061,0.9642,1,2,2,1,1,1
-mJ2ud6oKI8_8,4.192,12,1.0061,1.0899,1.048,0,1,1,0,1,1
-mJ2ud6oKI8_8,4.192,13,1.0899,1.1738,1.1318,0,2,1,0,1,1
-mJ2ud6oKI8_8,4.192,14,1.1738,1.2576,1.2157,0,2,1,0,1,1
-mJ2ud6oKI8_8,4.192,15,1.2576,1.3414,1.2995,1,1,2,1,1,1
-mJ2ud6oKI8_8,4.192,16,1.3414,1.4253,1.3834,0,2,1,0,1,1
-mJ2ud6oKI8_8,4.192,17,1.4253,1.5091,1.4672,0,2,1,0,1,1
-mJ2ud6oKI8_8,4.192,18,1.5091,1.593,1.551,0,1,1,0,1,1
-mJ2ud6oKI8_8,4.192,19,1.593,1.6768,1.6349,0,2,2,0,1,1
-mJ2ud6oKI8_8,4.192,20,1.6768,1.7606,1.7187,1,2,1,1,1,1
-mJ2ud6oKI8_8,4.192,21,1.7606,1.8445,1.8026,0,1,1,0,1,1
-mJ2ud6oKI8_8,4.192,22,1.8445,1.9283,1.8864,0,2,1,0,1,1
-mJ2ud6oKI8_8,4.192,23,1.9283,2.0122,1.9702,0,2,2,0,1,1
-mJ2ud6oKI8_8,4.192,24,2.0122,2.096,2.0541,1,1,1,1,1,1
-mJ2ud6oKI8_8,4.192,25,2.096,2.1798,2.1379,0,2,1,0,1,1
-mJ2ud6oKI8_8,4.192,26,2.1798,2.2637,2.2218,0,2,1,0,1,1
-mJ2ud6oKI8_8,4.192,27,2.2637,2.3475,2.3056,0,1,2,0,1,1
-mJ2ud6oKI8_8,4.192,28,2.3475,2.4314,2.3894,0,2,1,0,1,1
-mJ2ud6oKI8_8,4.192,29,2.4314,2.5152,2.4733,1,2,1,1,1,1
-mJ2ud6oKI8_8,4.192,30,2.5152,2.599,2.5571,0,1,1,0,1,1
-mJ2ud6oKI8_8,4.192,31,2.599,2.6829,2.641,0,2,2,0,1,1
-mJ2ud6oKI8_8,4.192,32,2.6829,2.7667,2.7248,0,2,1,0,1,1
-mJ2ud6oKI8_8,4.192,33,2.7667,2.8506,2.8086,0,2,1,0,1,1
-mJ2ud6oKI8_8,4.192,34,2.8506,2.9344,2.8925,1,1,1,1,1,1
-mJ2ud6oKI8_8,4.192,35,2.9344,3.0182,2.9763,0,2,2,0,1,1
-mJ2ud6oKI8_8,4.192,36,3.0182,3.1021,3.0602,0,2,1,0,1,1
-mJ2ud6oKI8_8,4.192,37,3.1021,3.1859,3.144,0,1,1,0,1,1
-mJ2ud6oKI8_8,4.192,38,3.1859,3.2698,3.2278,1,2,1,1,1,1
-mJ2ud6oKI8_8,4.192,39,3.2698,3.3536,3.3117,0,2,2,0,1,1
-mJ2ud6oKI8_8,4.192,40,3.3536,3.4374,3.3955,0,1,1,0,1,1
-mJ2ud6oKI8_8,4.192,41,3.4374,3.5213,3.4794,0,2,1,0,1,1
-mJ2ud6oKI8_8,4.192,42,3.5213,3.6051,3.5632,0,2,2,0,1,1
-mJ2ud6oKI8_8,4.192,43,3.6051,3.689,3.647,1,1,1,1,1,1
-mJ2ud6oKI8_8,4.192,44,3.689,3.7728,3.7309,0,2,1,0,1,1
-mJ2ud6oKI8_8,4.192,45,3.7728,3.8566,3.8147,0,2,1,0,1,1
-mJ2ud6oKI8_8,4.192,46,3.8566,3.9405,3.8986,0,1,2,0,1,1
-mJ2ud6oKI8_8,4.192,47,3.9405,4.0243,3.9824,1,2,1,1,1,1
-mJ2ud6oKI8_8,4.192,48,4.0243,4.1082,4.0662,0,2,1,0,1,1
-mJ2ud6oKI8_8,4.192,49,4.1082,4.192,4.1501,0,1,1,0,1,1
-mqbVkbCndg_0,6.4667,0,0.0,0.1293,0.0647,0,3,2,0,1,1
-mqbVkbCndg_0,6.4667,1,0.1293,0.2587,0.194,1,3,2,1,1,1
-mqbVkbCndg_0,6.4667,2,0.2587,0.388,0.3233,0,2,2,0,1,1
-mqbVkbCndg_0,6.4667,3,0.388,0.5173,0.4527,0,3,2,0,1,1
-mqbVkbCndg_0,6.4667,4,0.5173,0.6467,0.582,1,2,2,1,1,1
-mqbVkbCndg_0,6.4667,5,0.6467,0.776,0.7113,0,3,2,0,1,1
-mqbVkbCndg_0,6.4667,6,0.776,0.9053,0.8407,0,3,2,0,1,1
-mqbVkbCndg_0,6.4667,7,0.9053,1.0347,0.97,1,2,2,1,1,1
-mqbVkbCndg_0,6.4667,8,1.0347,1.164,1.0993,0,3,2,0,1,1
-mqbVkbCndg_0,6.4667,9,1.164,1.2933,1.2287,0,2,2,0,1,1
-mqbVkbCndg_0,6.4667,10,1.2933,1.4227,1.358,1,3,2,1,1,1
-mqbVkbCndg_0,6.4667,11,1.4227,1.552,1.4873,0,3,2,0,1,1
-mqbVkbCndg_0,6.4667,12,1.552,1.6813,1.6167,0,2,2,0,1,1
-mqbVkbCndg_0,6.4667,13,1.6813,1.8107,1.746,1,3,2,1,1,1
-mqbVkbCndg_0,6.4667,14,1.8107,1.94,1.8753,0,2,2,0,1,1
-mqbVkbCndg_0,6.4667,15,1.94,2.0693,2.0047,0,3,2,0,1,1
-mqbVkbCndg_0,6.4667,16,2.0693,2.1987,2.134,1,2,1,1,1,1
-mqbVkbCndg_0,6.4667,17,2.1987,2.328,2.2633,0,3,2,0,1,1
-mqbVkbCndg_0,6.4667,18,2.328,2.4573,2.3927,0,3,2,0,1,1
-mqbVkbCndg_0,6.4667,19,2.4573,2.5867,2.522,1,2,2,1,1,1
-mqbVkbCndg_0,6.4667,20,2.5867,2.716,2.6513,0,3,2,0,1,1
-mqbVkbCndg_0,6.4667,21,2.716,2.8453,2.7807,0,2,2,0,1,1
-mqbVkbCndg_0,6.4667,22,2.8453,2.9747,2.91,1,3,2,1,1,1
-mqbVkbCndg_0,6.4667,23,2.9747,3.104,3.0393,0,3,2,0,1,1
-mqbVkbCndg_0,6.4667,24,3.104,3.2334,3.1687,1,2,2,1,1,1
-mqbVkbCndg_0,6.4667,25,3.2334,3.3627,3.298,0,3,2,0,1,1
-mqbVkbCndg_0,6.4667,26,3.3627,3.492,3.4274,0,2,2,0,1,1
-mqbVkbCndg_0,6.4667,27,3.492,3.6214,3.5567,1,3,2,1,1,1
-mqbVkbCndg_0,6.4667,28,3.6214,3.7507,3.686,0,3,2,0,1,1
-mqbVkbCndg_0,6.4667,29,3.7507,3.88,3.8154,0,2,2,0,1,1
-mqbVkbCndg_0,6.4667,30,3.88,4.0094,3.9447,1,3,2,1,1,1
-mqbVkbCndg_0,6.4667,31,4.0094,4.1387,4.074,0,2,2,0,1,1
-mqbVkbCndg_0,6.4667,32,4.1387,4.268,4.2034,0,3,2,0,1,1
-mqbVkbCndg_0,6.4667,33,4.268,4.3974,4.3327,1,2,1,1,1,1
-mqbVkbCndg_0,6.4667,34,4.3974,4.5267,4.462,0,3,2,0,1,1
-mqbVkbCndg_0,6.4667,35,4.5267,4.656,4.5914,0,3,2,0,1,1
-mqbVkbCndg_0,6.4667,36,4.656,4.7854,4.7207,1,2,2,1,1,1
-mqbVkbCndg_0,6.4667,37,4.7854,4.9147,4.85,0,3,2,0,1,1
-mqbVkbCndg_0,6.4667,38,4.9147,5.044,4.9794,0,2,2,0,1,1
-mqbVkbCndg_0,6.4667,39,5.044,5.1734,5.1087,1,3,2,1,1,1
-mqbVkbCndg_0,6.4667,40,5.1734,5.3027,5.238,0,3,2,0,1,1
-mqbVkbCndg_0,6.4667,41,5.3027,5.432,5.3674,0,2,2,0,1,1
-mqbVkbCndg_0,6.4667,42,5.432,5.5614,5.4967,1,3,2,1,1,1
-mqbVkbCndg_0,6.4667,43,5.5614,5.6907,5.626,0,2,2,0,1,1
-mqbVkbCndg_0,6.4667,44,5.6907,5.82,5.7554,0,3,2,0,1,1
-mqbVkbCndg_0,6.4667,45,5.82,5.9494,5.8847,1,2,2,1,1,1
-mqbVkbCndg_0,6.4667,46,5.9494,6.0787,6.014,0,3,2,0,1,1
-mqbVkbCndg_0,6.4667,47,6.0787,6.208,6.1434,0,3,2,0,1,1
-mqbVkbCndg_0,6.4667,48,6.208,6.3374,6.2727,1,2,2,1,1,1
-mqbVkbCndg_0,6.4667,49,6.3374,6.4667,6.402,0,1,2,0,1,1
-t217m2on-s_2,5.686,0,0.0,0.1137,0.0569,0,3,2,0,1,1
-t217m2on-s_2,5.686,1,0.1137,0.2274,0.1706,1,2,2,1,1,1
-t217m2on-s_2,5.686,2,0.2274,0.3412,0.2843,0,2,2,0,1,1
-t217m2on-s_2,5.686,3,0.3412,0.4549,0.398,0,3,1,0,1,1
-t217m2on-s_2,5.686,4,0.4549,0.5686,0.5117,0,2,2,0,1,1
-t217m2on-s_2,5.686,5,0.5686,0.6823,0.6255,1,2,2,1,1,1
-t217m2on-s_2,5.686,6,0.6823,0.796,0.7392,0,2,1,0,1,1
-t217m2on-s_2,5.686,7,0.796,0.9098,0.8529,0,3,2,0,1,1
-t217m2on-s_2,5.686,8,0.9098,1.0235,0.9666,1,2,2,1,1,1
-t217m2on-s_2,5.686,9,1.0235,1.1372,1.0803,0,2,2,0,1,1
-t217m2on-s_2,5.686,10,1.1372,1.2509,1.1941,0,3,1,0,1,1
-t217m2on-s_2,5.686,11,1.2509,1.3646,1.3078,0,2,2,0,1,1
-t217m2on-s_2,5.686,12,1.3646,1.4784,1.4215,1,2,2,1,1,1
-t217m2on-s_2,5.686,13,1.4784,1.5921,1.5352,0,2,1,0,1,1
-t217m2on-s_2,5.686,14,1.5921,1.7058,1.6489,0,3,2,0,1,1
-t217m2on-s_2,5.686,15,1.7058,1.8195,1.7627,0,2,2,0,1,1
-t217m2on-s_2,5.686,16,1.8195,1.9332,1.8764,1,2,1,1,1,1
-t217m2on-s_2,5.686,17,1.9332,2.047,1.9901,0,2,2,0,1,1
-t217m2on-s_2,5.686,18,2.047,2.1607,2.1038,0,3,2,0,1,1
-t217m2on-s_2,5.686,19,2.1607,2.2744,2.2175,1,2,2,1,1,1
-t217m2on-s_2,5.686,20,2.2744,2.3881,2.3313,0,2,1,0,1,1
-t217m2on-s_2,5.686,21,2.3881,2.5018,2.445,0,3,2,0,1,1
-t217m2on-s_2,5.686,22,2.5018,2.6156,2.5587,0,2,2,0,1,1
-t217m2on-s_2,5.686,23,2.6156,2.7293,2.6724,1,2,1,1,1,1
-t217m2on-s_2,5.686,24,2.7293,2.843,2.7861,0,2,2,0,1,1
-t217m2on-s_2,5.686,25,2.843,2.9567,2.8999,0,3,2,0,1,1
-t217m2on-s_2,5.686,26,2.9567,3.0704,3.0136,1,2,2,1,1,1
-t217m2on-s_2,5.686,27,3.0704,3.1842,3.1273,0,2,1,0,1,1
-t217m2on-s_2,5.686,28,3.1842,3.2979,3.241,0,2,2,0,1,1
-t217m2on-s_2,5.686,29,3.2979,3.4116,3.3547,0,3,2,0,1,1
-t217m2on-s_2,5.686,30,3.4116,3.5253,3.4685,1,2,1,1,1,1
-t217m2on-s_2,5.686,31,3.5253,3.639,3.5822,0,2,2,0,1,1
-t217m2on-s_2,5.686,32,3.639,3.7528,3.6959,0,3,2,0,1,1
-t217m2on-s_2,5.686,33,3.7528,3.8665,3.8096,1,2,1,1,1,1
-t217m2on-s_2,5.686,34,3.8665,3.9802,3.9233,0,2,2,0,1,1
-t217m2on-s_2,5.686,35,3.9802,4.0939,4.0371,0,2,2,0,1,1
-t217m2on-s_2,5.686,36,4.0939,4.2076,4.1508,0,3,2,0,1,1
-t217m2on-s_2,5.686,37,4.2076,4.3214,4.2645,1,2,1,1,1,1
-t217m2on-s_2,5.686,38,4.3214,4.4351,4.3782,0,2,2,0,1,1
-t217m2on-s_2,5.686,39,4.4351,4.5488,4.4919,0,2,2,0,1,1
-t217m2on-s_2,5.686,40,4.5488,4.6625,4.6057,0,3,1,0,1,1
-t217m2on-s_2,5.686,41,4.6625,4.7762,4.7194,1,2,2,1,1,1
-t217m2on-s_2,5.686,42,4.7762,4.89,4.8331,0,2,2,0,1,1
-t217m2on-s_2,5.686,43,4.89,5.0037,4.9468,0,3,2,0,1,1
-t217m2on-s_2,5.686,44,5.0037,5.1174,5.0605,1,2,1,1,1,1
-t217m2on-s_2,5.686,45,5.1174,5.2311,5.1743,0,2,2,0,1,1
-t217m2on-s_2,5.686,46,5.2311,5.3448,5.288,0,2,2,0,1,1
-t217m2on-s_2,5.686,47,5.3448,5.4586,5.4017,0,3,1,0,1,1
-t217m2on-s_2,5.686,48,5.4586,5.5723,5.5154,1,2,2,1,1,1
-t217m2on-s_2,5.686,49,5.5723,5.686,5.6291,0,1,1,0,1,1
-t217m2on-s_7,17.183,0,0.0,0.3437,0.1718,1,7,6,1,1,1
-t217m2on-s_7,17.183,1,0.3437,0.6873,0.5155,1,7,5,1,1,1
-t217m2on-s_7,17.183,2,0.6873,1.031,0.8592,1,7,5,1,1,1
-t217m2on-s_7,17.183,3,1.031,1.3746,1.2028,1,7,5,1,1,1
-t217m2on-s_7,17.183,4,1.3746,1.7183,1.5465,1,7,5,1,1,1
-t217m2on-s_7,17.183,5,1.7183,2.062,1.8901,1,7,5,1,1,1
-t217m2on-s_7,17.183,6,2.062,2.4056,2.2338,1,7,6,1,1,1
-t217m2on-s_7,17.183,7,2.4056,2.7493,2.5775,1,6,5,1,1,1
-t217m2on-s_7,17.183,8,2.7493,3.0929,2.9211,1,7,5,1,1,1
-t217m2on-s_7,17.183,9,3.0929,3.4366,3.2648,1,7,5,1,1,1
-t217m2on-s_7,17.183,10,3.4366,3.7803,3.6084,1,7,5,1,1,1
-t217m2on-s_7,17.183,11,3.7803,4.1239,3.9521,1,7,5,1,1,1
-t217m2on-s_7,17.183,12,4.1239,4.4676,4.2957,1,7,6,1,1,1
-t217m2on-s_7,17.183,13,4.4676,4.8112,4.6394,1,7,5,1,1,1
-t217m2on-s_7,17.183,14,4.8112,5.1549,4.9831,1,7,5,1,1,1
-t217m2on-s_7,17.183,15,5.1549,5.4986,5.3267,1,6,5,1,1,1
-t217m2on-s_7,17.183,16,5.4986,5.8422,5.6704,1,7,5,1,1,1
-t217m2on-s_7,17.183,17,5.8422,6.1859,6.0141,1,7,5,1,1,1
-t217m2on-s_7,17.183,18,6.1859,6.5295,6.3577,1,7,5,1,1,1
-t217m2on-s_7,17.183,19,6.5295,6.8732,6.7014,1,7,6,1,1,1
-t217m2on-s_7,17.183,20,6.8732,7.2169,7.045,1,7,5,1,1,1
-t217m2on-s_7,17.183,21,7.2169,7.5605,7.3887,1,7,5,1,1,1
-t217m2on-s_7,17.183,22,7.5605,7.9042,7.7324,1,7,5,1,1,1
-t217m2on-s_7,17.183,23,7.9042,8.2478,8.076,1,6,5,1,1,1
-t217m2on-s_7,17.183,24,8.2478,8.5915,8.4197,1,7,5,1,1,1
-t217m2on-s_7,17.183,25,8.5915,8.9352,8.7633,1,7,6,1,1,1
-t217m2on-s_7,17.183,26,8.9352,9.2788,9.107,1,7,5,1,1,1
-t217m2on-s_7,17.183,27,9.2788,9.6225,9.4507,1,7,5,1,1,1
-t217m2on-s_7,17.183,28,9.6225,9.9661,9.7943,1,7,5,1,1,1
-t217m2on-s_7,17.183,29,9.9661,10.3098,10.138,1,7,5,1,1,1
-t217m2on-s_7,17.183,30,10.3098,10.6535,10.4816,1,7,5,1,1,1
-t217m2on-s_7,17.183,31,10.6535,10.9971,10.8253,1,6,5,1,1,1
-t217m2on-s_7,17.183,32,10.9971,11.3408,11.169,1,7,6,1,1,1
-t217m2on-s_7,17.183,33,11.3408,11.6844,11.5126,1,7,5,1,1,1
-t217m2on-s_7,17.183,34,11.6844,12.0281,11.8563,1,7,5,1,1,1
-t217m2on-s_7,17.183,35,12.0281,12.3718,12.1999,1,7,5,1,1,1
-t217m2on-s_7,17.183,36,12.3718,12.7154,12.5436,1,7,5,1,1,1
-t217m2on-s_7,17.183,37,12.7154,13.0591,12.8873,1,7,5,1,1,1
-t217m2on-s_7,17.183,38,13.0591,13.4027,13.2309,1,7,6,1,1,1
-t217m2on-s_7,17.183,39,13.4027,13.7464,13.5746,1,6,5,1,1,1
-t217m2on-s_7,17.183,40,13.7464,14.0901,13.9182,1,7,5,1,1,1
-t217m2on-s_7,17.183,41,14.0901,14.4337,14.2619,1,7,5,1,1,1
-t217m2on-s_7,17.183,42,14.4337,14.7774,14.6056,1,7,5,1,1,1
-t217m2on-s_7,17.183,43,14.7774,15.121,14.9492,1,7,5,1,1,1
-t217m2on-s_7,17.183,44,15.121,15.4647,15.2929,1,7,5,1,1,1
-t217m2on-s_7,17.183,45,15.4647,15.8084,15.6365,1,7,6,1,1,1
-t217m2on-s_7,17.183,46,15.8084,16.152,15.9802,1,7,5,1,1,1
-t217m2on-s_7,17.183,47,16.152,16.4957,16.3239,1,6,5,1,1,1
-t217m2on-s_7,17.183,48,16.4957,16.8393,16.6675,1,7,5,1,1,1
-t217m2on-s_7,17.183,49,16.8393,17.183,17.0112,1,4,4,1,1,1
-tANM6ETl_M_3,6.758,0,0.0,0.1352,0.0676,1,3,3,1,1,1
-tANM6ETl_M_3,6.758,1,0.1352,0.2703,0.2027,0,3,2,0,1,1
-tANM6ETl_M_3,6.758,2,0.2703,0.4055,0.3379,1,3,2,1,1,1
-tANM6ETl_M_3,6.758,3,0.4055,0.5406,0.4731,0,2,2,0,1,1
-tANM6ETl_M_3,6.758,4,0.5406,0.6758,0.6082,1,3,2,1,1,1
-tANM6ETl_M_3,6.758,5,0.6758,0.811,0.7434,0,3,2,0,1,1
-tANM6ETl_M_3,6.758,6,0.811,0.9461,0.8785,1,2,2,1,1,1
-tANM6ETl_M_3,6.758,7,0.9461,1.0813,1.0137,0,3,2,0,1,1
-tANM6ETl_M_3,6.758,8,1.0813,1.2164,1.1489,1,3,2,1,1,1
-tANM6ETl_M_3,6.758,9,1.2164,1.3516,1.284,0,3,2,0,1,1
-tANM6ETl_M_3,6.758,10,1.3516,1.4868,1.4192,1,2,2,1,1,1
-tANM6ETl_M_3,6.758,11,1.4868,1.6219,1.5543,0,3,2,0,1,1
-tANM6ETl_M_3,6.758,12,1.6219,1.7571,1.6895,1,3,2,1,1,1
-tANM6ETl_M_3,6.758,13,1.7571,1.8922,1.8247,1,2,2,1,1,1
-tANM6ETl_M_3,6.758,14,1.8922,2.0274,1.9598,0,3,2,0,1,1
-tANM6ETl_M_3,6.758,15,2.0274,2.1626,2.095,1,3,2,1,1,1
-tANM6ETl_M_3,6.758,16,2.1626,2.2977,2.2301,0,2,2,0,1,1
-tANM6ETl_M_3,6.758,17,2.2977,2.4329,2.3653,1,3,2,1,1,1
-tANM6ETl_M_3,6.758,18,2.4329,2.568,2.5005,0,3,2,0,1,1
-tANM6ETl_M_3,6.758,19,2.568,2.7032,2.6356,1,3,2,1,1,1
-tANM6ETl_M_3,6.758,20,2.7032,2.8384,2.7708,0,2,2,0,1,1
-tANM6ETl_M_3,6.758,21,2.8384,2.9735,2.9059,1,3,2,1,1,1
-tANM6ETl_M_3,6.758,22,2.9735,3.1087,3.0411,0,3,2,0,1,1
-tANM6ETl_M_3,6.758,23,3.1087,3.2438,3.1763,1,2,2,1,1,1
-tANM6ETl_M_3,6.758,24,3.2438,3.379,3.3114,0,3,2,0,1,1
-tANM6ETl_M_3,6.758,25,3.379,3.5142,3.4466,1,3,2,1,1,1
-tANM6ETl_M_3,6.758,26,3.5142,3.6493,3.5817,1,2,2,1,1,1
-tANM6ETl_M_3,6.758,27,3.6493,3.7845,3.7169,0,3,2,0,1,1
-tANM6ETl_M_3,6.758,28,3.7845,3.9196,3.8521,1,3,2,1,1,1
-tANM6ETl_M_3,6.758,29,3.9196,4.0548,3.9872,0,3,2,0,1,1
-tANM6ETl_M_3,6.758,30,4.0548,4.19,4.1224,1,2,2,1,1,1
-tANM6ETl_M_3,6.758,31,4.19,4.3251,4.2575,0,3,2,0,1,1
-tANM6ETl_M_3,6.758,32,4.3251,4.4603,4.3927,1,3,2,1,1,1
-tANM6ETl_M_3,6.758,33,4.4603,4.5954,4.5279,0,2,2,0,1,1
-tANM6ETl_M_3,6.758,34,4.5954,4.7306,4.663,1,3,2,1,1,1
-tANM6ETl_M_3,6.758,35,4.7306,4.8658,4.7982,0,3,2,0,1,1
-tANM6ETl_M_3,6.758,36,4.8658,5.0009,4.9333,1,3,3,1,1,1
-tANM6ETl_M_3,6.758,37,5.0009,5.1361,5.0685,1,2,2,1,1,1
-tANM6ETl_M_3,6.758,38,5.1361,5.2712,5.2037,0,3,2,0,1,1
-tANM6ETl_M_3,6.758,39,5.2712,5.4064,5.3388,1,3,2,1,1,1
-tANM6ETl_M_3,6.758,40,5.4064,5.5416,5.474,0,2,2,0,1,1
-tANM6ETl_M_3,6.758,41,5.5416,5.6767,5.6091,1,3,2,1,1,1
-tANM6ETl_M_3,6.758,42,5.6767,5.8119,5.7443,0,3,2,0,1,1
-tANM6ETl_M_3,6.758,43,5.8119,5.947,5.8795,1,2,2,1,1,1
-tANM6ETl_M_3,6.758,44,5.947,6.0822,6.0146,0,3,2,0,1,1
-tANM6ETl_M_3,6.758,45,6.0822,6.2174,6.1498,1,3,2,1,1,1
-tANM6ETl_M_3,6.758,46,6.2174,6.3525,6.2849,0,3,2,0,1,1
-tANM6ETl_M_3,6.758,47,6.3525,6.4877,6.4201,1,2,2,1,1,1
-tANM6ETl_M_3,6.758,48,6.4877,6.6228,6.5553,0,3,1,0,1,1
-tANM6ETl_M_3,6.758,49,6.6228,6.758,6.6904,1,0,2,1,0,1
-tPCytz4rww_11,5.467,0,0.0,0.1093,0.0547,0,3,2,0,1,1
-tPCytz4rww_11,5.467,1,0.1093,0.2187,0.164,1,2,2,1,1,1
-tPCytz4rww_11,5.467,2,0.2187,0.328,0.2733,0,2,1,0,1,1
-tPCytz4rww_11,5.467,3,0.328,0.4374,0.3827,1,2,2,1,1,1
-tPCytz4rww_11,5.467,4,0.4374,0.5467,0.492,0,2,2,0,1,1
-tPCytz4rww_11,5.467,5,0.5467,0.656,0.6014,0,3,1,0,1,1
-tPCytz4rww_11,5.467,6,0.656,0.7654,0.7107,1,2,2,1,1,1
-tPCytz4rww_11,5.467,7,0.7654,0.8747,0.82,0,2,2,0,1,1
-tPCytz4rww_11,5.467,8,0.8747,0.9841,0.9294,0,2,1,0,1,1
-tPCytz4rww_11,5.467,9,0.9841,1.0934,1.0387,1,2,2,1,1,1
-tPCytz4rww_11,5.467,10,1.0934,1.2027,1.1481,0,3,2,0,1,1
-tPCytz4rww_11,5.467,11,1.2027,1.3121,1.2574,1,2,1,1,1,1
-tPCytz4rww_11,5.467,12,1.3121,1.4214,1.3667,0,2,2,0,1,1
-tPCytz4rww_11,5.467,13,1.4214,1.5308,1.4761,0,2,1,0,1,1
-tPCytz4rww_11,5.467,14,1.5308,1.6401,1.5854,1,2,2,1,1,1
-tPCytz4rww_11,5.467,15,1.6401,1.7494,1.6948,0,2,2,0,1,1
-tPCytz4rww_11,5.467,16,1.7494,1.8588,1.8041,0,3,1,0,1,1
-tPCytz4rww_11,5.467,17,1.8588,1.9681,1.9134,1,2,2,1,1,1
-tPCytz4rww_11,5.467,18,1.9681,2.0775,2.0228,0,2,2,0,1,1
-tPCytz4rww_11,5.467,19,2.0775,2.1868,2.1321,1,2,1,1,1,1
-tPCytz4rww_11,5.467,20,2.1868,2.2961,2.2415,0,2,2,0,1,1
-tPCytz4rww_11,5.467,21,2.2961,2.4055,2.3508,0,3,2,0,1,1
-tPCytz4rww_11,5.467,22,2.4055,2.5148,2.4601,1,2,1,1,1,1
-tPCytz4rww_11,5.467,23,2.5148,2.6242,2.5695,0,2,2,0,1,1
-tPCytz4rww_11,5.467,24,2.6242,2.7335,2.6788,1,2,2,1,1,1
-tPCytz4rww_11,5.467,25,2.7335,2.8428,2.7882,0,2,1,0,1,1
-tPCytz4rww_11,5.467,26,2.8428,2.9522,2.8975,0,3,2,0,1,1
-tPCytz4rww_11,5.467,27,2.9522,3.0615,3.0069,1,2,1,1,1,1
-tPCytz4rww_11,5.467,28,3.0615,3.1709,3.1162,0,2,2,0,1,1
-tPCytz4rww_11,5.467,29,3.1709,3.2802,3.2255,0,2,2,0,1,1
-tPCytz4rww_11,5.467,30,3.2802,3.3895,3.3349,1,2,1,1,1,1
-tPCytz4rww_11,5.467,31,3.3895,3.4989,3.4442,0,2,2,0,1,1
-tPCytz4rww_11,5.467,32,3.4989,3.6082,3.5535,1,3,2,1,1,1
-tPCytz4rww_11,5.467,33,3.6082,3.7176,3.6629,0,2,1,0,1,1
-tPCytz4rww_11,5.467,34,3.7176,3.8269,3.7722,0,2,2,0,1,1
-tPCytz4rww_11,5.467,35,3.8269,3.9362,3.8816,1,2,2,1,1,1
-tPCytz4rww_11,5.467,36,3.9362,4.0456,3.9909,0,2,1,0,1,1
-tPCytz4rww_11,5.467,37,4.0456,4.1549,4.1002,0,3,2,0,1,1
-tPCytz4rww_11,5.467,38,4.1549,4.2643,4.2096,1,2,1,1,1,1
-tPCytz4rww_11,5.467,39,4.2643,4.3736,4.3189,0,2,2,0,1,1
-tPCytz4rww_11,5.467,40,4.3736,4.4829,4.4283,1,2,2,1,1,1
-tPCytz4rww_11,5.467,41,4.4829,4.5923,4.5376,0,2,1,0,1,1
-tPCytz4rww_11,5.467,42,4.5923,4.7016,4.647,0,3,2,0,1,1
-tPCytz4rww_11,5.467,43,4.7016,4.811,4.7563,1,2,2,1,1,1
-tPCytz4rww_11,5.467,44,4.811,4.9203,4.8656,0,2,1,0,1,1
-tPCytz4rww_11,5.467,45,4.9203,5.0296,4.975,0,2,2,0,1,1
-tPCytz4rww_11,5.467,46,5.0296,5.139,5.0843,1,2,2,1,1,1
-tPCytz4rww_11,5.467,47,5.139,5.2483,5.1936,0,2,1,0,1,1
-tPCytz4rww_11,5.467,48,5.2483,5.3577,5.303,1,3,2,1,1,1
-tPCytz4rww_11,5.467,49,5.3577,5.467,5.4123,0,0,1,0,0,1
-tPCytz4rww_10,4.789,0,0.0,0.0958,0.0479,0,2,2,0,1,1
-tPCytz4rww_10,4.789,1,0.0958,0.1916,0.1437,1,2,1,1,1,1
-tPCytz4rww_10,4.789,2,0.1916,0.2873,0.2394,0,2,2,0,1,1
-tPCytz4rww_10,4.789,3,0.2873,0.3831,0.3352,0,2,1,0,1,1
-tPCytz4rww_10,4.789,4,0.3831,0.4789,0.431,0,2,2,0,1,1
-tPCytz4rww_10,4.789,5,0.4789,0.5747,0.5268,1,2,1,1,1,1
-tPCytz4rww_10,4.789,6,0.5747,0.6705,0.6226,0,2,2,0,1,1
-tPCytz4rww_10,4.789,7,0.6705,0.7662,0.7183,0,2,1,0,1,1
-tPCytz4rww_10,4.789,8,0.7662,0.862,0.8141,1,2,1,1,1,1
-tPCytz4rww_10,4.789,9,0.862,0.9578,0.9099,0,2,2,0,1,1
-tPCytz4rww_10,4.789,10,0.9578,1.0536,1.0057,0,2,1,0,1,1
-tPCytz4rww_10,4.789,11,1.0536,1.1494,1.1015,0,1,2,0,1,1
-tPCytz4rww_10,4.789,12,1.1494,1.2451,1.1972,1,2,1,1,1,1
-tPCytz4rww_10,4.789,13,1.2451,1.3409,1.293,0,2,2,0,1,1
-tPCytz4rww_10,4.789,14,1.3409,1.4367,1.3888,0,2,1,0,1,1
-tPCytz4rww_10,4.789,15,1.4367,1.5325,1.4846,0,2,1,0,1,1
-tPCytz4rww_10,4.789,16,1.5325,1.6283,1.5804,1,2,2,1,1,1
-tPCytz4rww_10,4.789,17,1.6283,1.724,1.6761,0,2,1,0,1,1
-tPCytz4rww_10,4.789,18,1.724,1.8198,1.7719,0,2,2,0,1,1
-tPCytz4rww_10,4.789,19,1.8198,1.9156,1.8677,1,2,1,1,1,1
-tPCytz4rww_10,4.789,20,1.9156,2.0114,1.9635,0,2,2,0,1,1
-tPCytz4rww_10,4.789,21,2.0114,2.1072,2.0593,0,2,1,0,1,1
-tPCytz4rww_10,4.789,22,2.1072,2.2029,2.1551,0,2,2,0,1,1
-tPCytz4rww_10,4.789,23,2.2029,2.2987,2.2508,1,1,1,1,1,1
-tPCytz4rww_10,4.789,24,2.2987,2.3945,2.3466,0,2,1,0,1,1
-tPCytz4rww_10,4.789,25,2.3945,2.4903,2.4424,0,2,2,0,1,1
-tPCytz4rww_10,4.789,26,2.4903,2.5861,2.5382,1,2,1,1,1,1
-tPCytz4rww_10,4.789,27,2.5861,2.6818,2.6339,0,2,2,0,1,1
-tPCytz4rww_10,4.789,28,2.6818,2.7776,2.7297,0,2,1,0,1,1
-tPCytz4rww_10,4.789,29,2.7776,2.8734,2.8255,0,2,2,0,1,1
-tPCytz4rww_10,4.789,30,2.8734,2.9692,2.9213,1,2,1,1,1,1
-tPCytz4rww_10,4.789,31,2.9692,3.065,3.0171,0,2,1,0,1,1
-tPCytz4rww_10,4.789,32,3.065,3.1607,3.1128,0,2,2,0,1,1
-tPCytz4rww_10,4.789,33,3.1607,3.2565,3.2086,1,2,1,1,1,1
-tPCytz4rww_10,4.789,34,3.2565,3.3523,3.3044,0,2,2,0,1,1
-tPCytz4rww_10,4.789,35,3.3523,3.4481,3.4002,0,1,1,0,1,1
-tPCytz4rww_10,4.789,36,3.4481,3.5439,3.496,0,2,2,0,1,1
-tPCytz4rww_10,4.789,37,3.5439,3.6396,3.5917,1,2,1,1,1,1
-tPCytz4rww_10,4.789,38,3.6396,3.7354,3.6875,0,2,2,0,1,1
-tPCytz4rww_10,4.789,39,3.7354,3.8312,3.7833,0,2,1,0,1,1
-tPCytz4rww_10,4.789,40,3.8312,3.927,3.8791,0,2,1,0,1,1
-tPCytz4rww_10,4.789,41,3.927,4.0228,3.9749,1,2,2,1,1,1
-tPCytz4rww_10,4.789,42,4.0228,4.1185,4.0706,0,2,1,0,1,1
-tPCytz4rww_10,4.789,43,4.1185,4.2143,4.1664,0,2,2,0,1,1
-tPCytz4rww_10,4.789,44,4.2143,4.3101,4.2622,1,2,1,1,1,1
-tPCytz4rww_10,4.789,45,4.3101,4.4059,4.358,0,2,2,0,1,1
-tPCytz4rww_10,4.789,46,4.4059,4.5017,4.4538,0,2,1,0,1,1
-tPCytz4rww_10,4.789,47,4.5017,4.5974,4.5495,0,1,1,0,1,1
-tPCytz4rww_10,4.789,48,4.5974,4.6932,4.6453,1,2,2,1,1,1
-tPCytz4rww_10,4.789,49,4.6932,4.789,4.7411,0,0,1,0,0,1
-tPCytz4rww_12,11.864,0,0.0,0.2373,0.1186,1,5,4,1,1,1
-tPCytz4rww_12,11.864,1,0.2373,0.4746,0.3559,0,5,4,0,1,1
-tPCytz4rww_12,11.864,2,0.4746,0.7118,0.5932,1,5,3,1,1,1
-tPCytz4rww_12,11.864,3,0.7118,0.9491,0.8305,0,4,4,0,1,1
-tPCytz4rww_12,11.864,4,0.9491,1.1864,1.0678,1,5,3,1,1,1
-tPCytz4rww_12,11.864,5,1.1864,1.4237,1.305,0,5,4,0,1,1
-tPCytz4rww_12,11.864,6,1.4237,1.661,1.5423,1,5,3,1,1,1
-tPCytz4rww_12,11.864,7,1.661,1.8982,1.7796,0,4,4,0,1,1
-tPCytz4rww_12,11.864,8,1.8982,2.1355,2.0169,1,5,4,1,1,1
-tPCytz4rww_12,11.864,9,2.1355,2.3728,2.2542,1,5,3,1,1,1
-tPCytz4rww_12,11.864,10,2.3728,2.6101,2.4914,0,5,4,0,1,1
-tPCytz4rww_12,11.864,11,2.6101,2.8474,2.7287,1,4,3,1,1,1
-tPCytz4rww_12,11.864,12,2.8474,3.0846,2.966,0,5,4,0,1,1
-tPCytz4rww_12,11.864,13,3.0846,3.3219,3.2033,1,5,3,1,1,1
-tPCytz4rww_12,11.864,14,3.3219,3.5592,3.4406,0,5,4,0,1,1
-tPCytz4rww_12,11.864,15,3.5592,3.7965,3.6778,1,4,3,1,1,1
-tPCytz4rww_12,11.864,16,3.7965,4.0338,3.9151,1,5,4,1,1,1
-tPCytz4rww_12,11.864,17,4.0338,4.271,4.1524,0,5,4,0,1,1
-tPCytz4rww_12,11.864,18,4.271,4.5083,4.3897,1,5,3,1,1,1
-tPCytz4rww_12,11.864,19,4.5083,4.7456,4.627,0,4,4,0,1,1
-tPCytz4rww_12,11.864,20,4.7456,4.9829,4.8642,1,5,3,1,1,1
-tPCytz4rww_12,11.864,21,4.9829,5.2202,5.1015,0,5,4,0,1,1
-tPCytz4rww_12,11.864,22,5.2202,5.4574,5.3388,1,5,3,1,1,1
-tPCytz4rww_12,11.864,23,5.4574,5.6947,5.5761,0,4,4,0,1,1
-tPCytz4rww_12,11.864,24,5.6947,5.932,5.8134,1,5,3,1,1,1
-tPCytz4rww_12,11.864,25,5.932,6.1693,6.0506,1,5,4,1,1,1
-tPCytz4rww_12,11.864,26,6.1693,6.4066,6.2879,0,5,4,0,1,1
-tPCytz4rww_12,11.864,27,6.4066,6.6438,6.5252,1,4,3,1,1,1
-tPCytz4rww_12,11.864,28,6.6438,6.8811,6.7625,0,5,4,0,1,1
-tPCytz4rww_12,11.864,29,6.8811,7.1184,6.9998,1,5,3,1,1,1
-tPCytz4rww_12,11.864,30,7.1184,7.3557,7.237,0,5,4,0,1,1
-tPCytz4rww_12,11.864,31,7.3557,7.593,7.4743,1,4,3,1,1,1
-tPCytz4rww_12,11.864,32,7.593,7.8302,7.7116,0,5,4,0,1,1
-tPCytz4rww_12,11.864,33,7.8302,8.0675,7.9489,1,5,4,1,1,1
-tPCytz4rww_12,11.864,34,8.0675,8.3048,8.1862,1,5,3,1,1,1
-tPCytz4rww_12,11.864,35,8.3048,8.5421,8.4234,0,4,4,0,1,1
-tPCytz4rww_12,11.864,36,8.5421,8.7794,8.6607,1,5,3,1,1,1
-tPCytz4rww_12,11.864,37,8.7794,9.0166,8.898,0,5,4,0,1,1
-tPCytz4rww_12,11.864,38,9.0166,9.2539,9.1353,1,5,3,1,1,1
-tPCytz4rww_12,11.864,39,9.2539,9.4912,9.3726,0,4,4,0,1,1
-tPCytz4rww_12,11.864,40,9.4912,9.7285,9.6098,1,5,3,1,1,1
-tPCytz4rww_12,11.864,41,9.7285,9.9658,9.8471,1,5,4,1,1,1
-tPCytz4rww_12,11.864,42,9.9658,10.203,10.0844,0,5,4,0,1,1
-tPCytz4rww_12,11.864,43,10.203,10.4403,10.3217,1,4,3,1,1,1
-tPCytz4rww_12,11.864,44,10.4403,10.6776,10.559,0,5,4,0,1,1
-tPCytz4rww_12,11.864,45,10.6776,10.9149,10.7962,1,5,3,1,1,1
-tPCytz4rww_12,11.864,46,10.9149,11.1522,11.0335,0,5,4,0,1,1
-tPCytz4rww_12,11.864,47,11.1522,11.3894,11.2708,1,4,3,1,1,1
-tPCytz4rww_12,11.864,48,11.3894,11.6267,11.5081,0,5,4,0,1,1
-tPCytz4rww_12,11.864,49,11.6267,11.864,11.7454,1,2,3,1,1,1
-tPCytz4rww_16,7.206,0,0.0,0.1441,0.0721,0,3,3,0,1,1
-tPCytz4rww_16,7.206,1,0.1441,0.2882,0.2162,1,3,2,1,1,1
-tPCytz4rww_16,7.206,2,0.2882,0.4324,0.3603,0,3,2,0,1,1
-tPCytz4rww_16,7.206,3,0.4324,0.5765,0.5044,0,3,2,0,1,1
-tPCytz4rww_16,7.206,4,0.5765,0.7206,0.6485,1,3,2,1,1,1
-tPCytz4rww_16,7.206,5,0.7206,0.8647,0.7927,0,3,2,0,1,1
-tPCytz4rww_16,7.206,6,0.8647,1.0088,0.9368,0,3,3,0,1,1
-tPCytz4rww_16,7.206,7,1.0088,1.153,1.0809,1,3,2,1,1,1
-tPCytz4rww_16,7.206,8,1.153,1.2971,1.225,0,2,2,0,1,1
-tPCytz4rww_16,7.206,9,1.2971,1.4412,1.3691,0,3,2,0,1,1
-tPCytz4rww_16,7.206,10,1.4412,1.5853,1.5133,1,3,2,1,1,1
-tPCytz4rww_16,7.206,11,1.5853,1.7294,1.6574,0,3,2,0,1,1
-tPCytz4rww_16,7.206,12,1.7294,1.8736,1.8015,0,3,3,0,1,1
-tPCytz4rww_16,7.206,13,1.8736,2.0177,1.9456,1,3,2,1,1,1
-tPCytz4rww_16,7.206,14,2.0177,2.1618,2.0897,0,3,2,0,1,1
-tPCytz4rww_16,7.206,15,2.1618,2.3059,2.2339,0,3,2,0,1,1
-tPCytz4rww_16,7.206,16,2.3059,2.45,2.378,1,3,2,1,1,1
-tPCytz4rww_16,7.206,17,2.45,2.5942,2.5221,0,2,2,0,1,1
-tPCytz4rww_16,7.206,18,2.5942,2.7383,2.6662,0,3,3,0,1,1
-tPCytz4rww_16,7.206,19,2.7383,2.8824,2.8103,1,3,2,1,1,1
-tPCytz4rww_16,7.206,20,2.8824,3.0265,2.9545,0,3,2,0,1,1
-tPCytz4rww_16,7.206,21,3.0265,3.1706,3.0986,0,3,2,0,1,1
-tPCytz4rww_16,7.206,22,3.1706,3.3148,3.2427,1,3,2,1,1,1
-tPCytz4rww_16,7.206,23,3.3148,3.4589,3.3868,0,3,2,0,1,1
-tPCytz4rww_16,7.206,24,3.4589,3.603,3.5309,1,3,3,1,1,1
-tPCytz4rww_16,7.206,25,3.603,3.7471,3.6751,0,2,2,0,1,1
-tPCytz4rww_16,7.206,26,3.7471,3.8912,3.8192,0,3,2,0,1,1
-tPCytz4rww_16,7.206,27,3.8912,4.0354,3.9633,1,3,2,1,1,1
-tPCytz4rww_16,7.206,28,4.0354,4.1795,4.1074,0,3,2,0,1,1
-tPCytz4rww_16,7.206,29,4.1795,4.3236,4.2515,0,3,2,0,1,1
-tPCytz4rww_16,7.206,30,4.3236,4.4677,4.3957,1,3,3,1,1,1
-tPCytz4rww_16,7.206,31,4.4677,4.6118,4.5398,0,3,2,0,1,1
-tPCytz4rww_16,7.206,32,4.6118,4.756,4.6839,0,3,2,0,1,1
-tPCytz4rww_16,7.206,33,4.756,4.9001,4.828,1,3,2,1,1,1
-tPCytz4rww_16,7.206,34,4.9001,5.0442,4.9721,0,2,2,0,1,1
-tPCytz4rww_16,7.206,35,5.0442,5.1883,5.1163,0,3,2,0,1,1
-tPCytz4rww_16,7.206,36,5.1883,5.3324,5.2604,1,3,2,1,1,1
-tPCytz4rww_16,7.206,37,5.3324,5.4766,5.4045,0,3,3,0,1,1
-tPCytz4rww_16,7.206,38,5.4766,5.6207,5.5486,0,3,2,0,1,1
-tPCytz4rww_16,7.206,39,5.6207,5.7648,5.6927,1,3,2,1,1,1
-tPCytz4rww_16,7.206,40,5.7648,5.9089,5.8369,0,3,2,0,1,1
-tPCytz4rww_16,7.206,41,5.9089,6.053,5.981,0,3,2,0,1,1
-tPCytz4rww_16,7.206,42,6.053,6.1972,6.1251,1,2,2,1,1,1
-tPCytz4rww_16,7.206,43,6.1972,6.3413,6.2692,0,3,3,0,1,1
-tPCytz4rww_16,7.206,44,6.3413,6.4854,6.4133,0,3,2,0,1,1
-tPCytz4rww_16,7.206,45,6.4854,6.6295,6.5575,1,3,2,1,1,1
-tPCytz4rww_16,7.206,46,6.6295,6.7736,6.7016,0,3,2,0,1,1
-tPCytz4rww_16,7.206,47,6.7736,6.9178,6.8457,0,3,2,0,1,1
-tPCytz4rww_16,7.206,48,6.9178,7.0619,6.9898,1,3,2,1,1,1
-tPCytz4rww_16,7.206,49,7.0619,7.206,7.1339,0,1,2,0,1,1
-tPCytz4rww_18,6.645,0,0.0,0.1329,0.0664,0,3,2,0,1,1
-tPCytz4rww_18,6.645,1,0.1329,0.2658,0.1993,1,3,2,1,1,1
-tPCytz4rww_18,6.645,2,0.2658,0.3987,0.3322,0,2,2,0,1,1
-tPCytz4rww_18,6.645,3,0.3987,0.5316,0.4651,1,3,2,1,1,1
-tPCytz4rww_18,6.645,4,0.5316,0.6645,0.598,0,3,2,0,1,1
-tPCytz4rww_18,6.645,5,0.6645,0.7974,0.7309,0,2,2,0,1,1
-tPCytz4rww_18,6.645,6,0.7974,0.9303,0.8638,1,3,2,1,1,1
-tPCytz4rww_18,6.645,7,0.9303,1.0632,0.9967,0,3,2,0,1,1
-tPCytz4rww_18,6.645,8,1.0632,1.1961,1.1296,0,2,2,0,1,1
-tPCytz4rww_18,6.645,9,1.1961,1.329,1.2626,1,3,2,1,1,1
-tPCytz4rww_18,6.645,10,1.329,1.4619,1.3954,0,3,2,0,1,1
-tPCytz4rww_18,6.645,11,1.4619,1.5948,1.5283,1,2,2,1,1,1
-tPCytz4rww_18,6.645,12,1.5948,1.7277,1.6612,0,3,2,0,1,1
-tPCytz4rww_18,6.645,13,1.7277,1.8606,1.7941,0,3,2,0,1,1
-tPCytz4rww_18,6.645,14,1.8606,1.9935,1.927,1,2,2,1,1,1
-tPCytz4rww_18,6.645,15,1.9935,2.1264,2.0599,0,3,2,0,1,1
-tPCytz4rww_18,6.645,16,2.1264,2.2593,2.1928,0,3,2,0,1,1
-tPCytz4rww_18,6.645,17,2.2593,2.3922,2.3257,1,2,2,1,1,1
-tPCytz4rww_18,6.645,18,2.3922,2.5251,2.4586,0,3,2,0,1,1
-tPCytz4rww_18,6.645,19,2.5251,2.658,2.5915,1,3,2,1,1,1
-tPCytz4rww_18,6.645,20,2.658,2.7909,2.7245,0,2,2,0,1,1
-tPCytz4rww_18,6.645,21,2.7909,2.9238,2.8573,0,3,2,0,1,1
-tPCytz4rww_18,6.645,22,2.9238,3.0567,2.9902,1,3,2,1,1,1
-tPCytz4rww_18,6.645,23,3.0567,3.1896,3.1231,0,2,2,0,1,1
-tPCytz4rww_18,6.645,24,3.1896,3.3225,3.256,1,3,2,1,1,1
-tPCytz4rww_18,6.645,25,3.3225,3.4554,3.3889,0,3,2,0,1,1
-tPCytz4rww_18,6.645,26,3.4554,3.5883,3.5218,0,2,2,0,1,1
-tPCytz4rww_18,6.645,27,3.5883,3.7212,3.6547,1,3,2,1,1,1
-tPCytz4rww_18,6.645,28,3.7212,3.8541,3.7876,0,3,2,0,1,1
-tPCytz4rww_18,6.645,29,3.8541,3.987,3.9205,0,2,2,0,1,1
-tPCytz4rww_18,6.645,30,3.987,4.1199,4.0534,1,3,2,1,1,1
-tPCytz4rww_18,6.645,31,4.1199,4.2528,4.1863,0,3,2,0,1,1
-tPCytz4rww_18,6.645,32,4.2528,4.3857,4.3193,1,2,2,1,1,1
-tPCytz4rww_18,6.645,33,4.3857,4.5186,4.4521,0,3,2,0,1,1
-tPCytz4rww_18,6.645,34,4.5186,4.6515,4.585,0,3,2,0,1,1
-tPCytz4rww_18,6.645,35,4.6515,4.7844,4.718,1,2,2,1,1,1
-tPCytz4rww_18,6.645,36,4.7844,4.9173,4.8508,0,3,2,0,1,1
-tPCytz4rww_18,6.645,37,4.9173,5.0502,4.9837,0,3,2,0,1,1
-tPCytz4rww_18,6.645,38,5.0502,5.1831,5.1166,1,2,2,1,1,1
-tPCytz4rww_18,6.645,39,5.1831,5.316,5.2495,0,3,2,0,1,1
-tPCytz4rww_18,6.645,40,5.316,5.4489,5.3824,1,2,2,1,1,1
-tPCytz4rww_18,6.645,41,5.4489,5.5818,5.5153,0,3,2,0,1,1
-tPCytz4rww_18,6.645,42,5.5818,5.7147,5.6482,0,3,2,0,1,1
-tPCytz4rww_18,6.645,43,5.7147,5.8476,5.7812,1,2,2,1,1,1
-tPCytz4rww_18,6.645,44,5.8476,5.9805,5.914,0,3,2,0,1,1
-tPCytz4rww_18,6.645,45,5.9805,6.1134,6.0469,0,3,2,0,1,1
-tPCytz4rww_18,6.645,46,6.1134,6.2463,6.1799,1,2,2,1,1,1
-tPCytz4rww_18,6.645,47,6.2463,6.3792,6.3127,0,3,2,0,1,1
-tPCytz4rww_18,6.645,48,6.3792,6.5121,6.4456,1,3,2,1,1,1
-tPCytz4rww_18,6.645,49,6.5121,6.645,6.5785,0,1,2,0,1,1
-vxjVxOeScU_4,9.127,0,0.0,0.1825,0.0913,0,4,3,0,1,1
-vxjVxOeScU_4,9.127,1,0.1825,0.3651,0.2738,1,4,3,1,1,1
-vxjVxOeScU_4,9.127,2,0.3651,0.5476,0.4564,0,3,3,0,1,1
-vxjVxOeScU_4,9.127,3,0.5476,0.7302,0.6389,1,4,2,1,1,1
-vxjVxOeScU_4,9.127,4,0.7302,0.9127,0.8214,0,4,3,0,1,1
-vxjVxOeScU_4,9.127,5,0.9127,1.0952,1.004,1,3,3,1,1,1
-vxjVxOeScU_4,9.127,6,1.0952,1.2778,1.1865,0,4,3,0,1,1
-vxjVxOeScU_4,9.127,7,1.2778,1.4603,1.3691,1,4,2,1,1,1
-vxjVxOeScU_4,9.127,8,1.4603,1.6429,1.5516,0,3,3,0,1,1
-vxjVxOeScU_4,9.127,9,1.6429,1.8254,1.7341,1,4,3,1,1,1
-vxjVxOeScU_4,9.127,10,1.8254,2.0079,1.9167,0,4,3,0,1,1
-vxjVxOeScU_4,9.127,11,2.0079,2.1905,2.0992,1,3,2,1,1,1
-vxjVxOeScU_4,9.127,12,2.1905,2.373,2.2817,0,4,3,0,1,1
-vxjVxOeScU_4,9.127,13,2.373,2.5556,2.4643,1,4,3,1,1,1
-vxjVxOeScU_4,9.127,14,2.5556,2.7381,2.6468,0,3,3,0,1,1
-vxjVxOeScU_4,9.127,15,2.7381,2.9206,2.8294,1,4,2,1,1,1
-vxjVxOeScU_4,9.127,16,2.9206,3.1032,3.0119,0,4,3,0,1,1
-vxjVxOeScU_4,9.127,17,3.1032,3.2857,3.1944,1,3,3,1,1,1
-vxjVxOeScU_4,9.127,18,3.2857,3.4683,3.377,0,4,3,0,1,1
-vxjVxOeScU_4,9.127,19,3.4683,3.6508,3.5595,1,4,2,1,1,1
-vxjVxOeScU_4,9.127,20,3.6508,3.8333,3.7421,0,3,3,0,1,1
-vxjVxOeScU_4,9.127,21,3.8333,4.0159,3.9246,1,4,3,1,1,1
-vxjVxOeScU_4,9.127,22,4.0159,4.1984,4.1072,0,3,2,0,1,1
-vxjVxOeScU_4,9.127,23,4.1984,4.381,4.2897,1,4,3,1,1,1
-vxjVxOeScU_4,9.127,24,4.381,4.5635,4.4722,0,4,3,0,1,1
-vxjVxOeScU_4,9.127,25,4.5635,4.746,4.6548,1,3,3,1,1,1
-vxjVxOeScU_4,9.127,26,4.746,4.9286,4.8373,0,4,2,0,1,1
-vxjVxOeScU_4,9.127,27,4.9286,5.1111,5.0198,1,4,3,1,1,1
-vxjVxOeScU_4,9.127,28,5.1111,5.2937,5.2024,0,3,3,0,1,1
-vxjVxOeScU_4,9.127,29,5.2937,5.4762,5.3849,1,4,3,1,1,1
-vxjVxOeScU_4,9.127,30,5.4762,5.6587,5.5675,0,4,2,0,1,1
-vxjVxOeScU_4,9.127,31,5.6587,5.8413,5.75,1,3,3,1,1,1
-vxjVxOeScU_4,9.127,32,5.8413,6.0238,5.9326,0,4,3,0,1,1
-vxjVxOeScU_4,9.127,33,6.0238,6.2064,6.1151,1,4,3,1,1,1
-vxjVxOeScU_4,9.127,34,6.2064,6.3889,6.2976,0,3,2,0,1,1
-vxjVxOeScU_4,9.127,35,6.3889,6.5714,6.4802,1,4,3,1,1,1
-vxjVxOeScU_4,9.127,36,6.5714,6.754,6.6627,0,4,3,0,1,1
-vxjVxOeScU_4,9.127,37,6.754,6.9365,6.8453,1,3,3,1,1,1
-vxjVxOeScU_4,9.127,38,6.9365,7.1191,7.0278,0,4,2,0,1,1
-vxjVxOeScU_4,9.127,39,7.1191,7.3016,7.2103,1,4,3,1,1,1
-vxjVxOeScU_4,9.127,40,7.3016,7.4841,7.3929,0,3,3,0,1,1
-vxjVxOeScU_4,9.127,41,7.4841,7.6667,7.5754,1,4,3,1,1,1
-vxjVxOeScU_4,9.127,42,7.6667,7.8492,7.758,0,3,2,0,1,1
-vxjVxOeScU_4,9.127,43,7.8492,8.0318,7.9405,1,4,3,1,1,1
-vxjVxOeScU_4,9.127,44,8.0318,8.2143,8.123,0,4,3,0,1,1
-vxjVxOeScU_4,9.127,45,8.2143,8.3968,8.3056,1,3,2,1,1,1
-vxjVxOeScU_4,9.127,46,8.3968,8.5794,8.4881,0,4,3,0,1,1
-vxjVxOeScU_4,9.127,47,8.5794,8.7619,8.6707,1,4,3,1,1,1
-vxjVxOeScU_4,9.127,48,8.7619,8.9445,8.8532,0,3,3,0,1,1
-vxjVxOeScU_4,9.127,49,8.9445,9.127,9.0357,1,2,2,1,1,1
-wMB_hJL-3o_7,6.044,0,0.0,0.1209,0.0604,0,3,2,0,1,1
-wMB_hJL-3o_7,6.044,1,0.1209,0.2418,0.1813,1,2,2,1,1,1
-wMB_hJL-3o_7,6.044,2,0.2418,0.3626,0.3022,0,3,2,0,1,1
-wMB_hJL-3o_7,6.044,3,0.3626,0.4835,0.4231,1,2,2,1,1,1
-wMB_hJL-3o_7,6.044,4,0.4835,0.6044,0.544,0,3,2,0,1,1
-wMB_hJL-3o_7,6.044,5,0.6044,0.7253,0.6648,1,2,1,1,1,1
-wMB_hJL-3o_7,6.044,6,0.7253,0.8462,0.7857,0,2,2,0,1,1
-wMB_hJL-3o_7,6.044,7,0.8462,0.967,0.9066,1,3,2,1,1,1
-wMB_hJL-3o_7,6.044,8,0.967,1.0879,1.0275,0,2,2,0,1,1
-wMB_hJL-3o_7,6.044,9,1.0879,1.2088,1.1484,1,3,2,1,1,1
-wMB_hJL-3o_7,6.044,10,1.2088,1.3297,1.2692,0,2,1,0,1,1
-wMB_hJL-3o_7,6.044,11,1.3297,1.4506,1.3901,1,3,2,1,1,1
-wMB_hJL-3o_7,6.044,12,1.4506,1.5714,1.511,0,2,2,0,1,1
-wMB_hJL-3o_7,6.044,13,1.5714,1.6923,1.6319,0,2,2,0,1,1
-wMB_hJL-3o_7,6.044,14,1.6923,1.8132,1.7528,1,3,2,1,1,1
-wMB_hJL-3o_7,6.044,15,1.8132,1.9341,1.8736,0,2,2,0,1,1
-wMB_hJL-3o_7,6.044,16,1.9341,2.055,1.9945,1,3,1,1,1,1
-wMB_hJL-3o_7,6.044,17,2.055,2.1758,2.1154,0,2,2,0,1,1
-wMB_hJL-3o_7,6.044,18,2.1758,2.2967,2.2363,1,2,2,1,1,1
-wMB_hJL-3o_7,6.044,19,2.2967,2.4176,2.3572,0,3,2,0,1,1
-wMB_hJL-3o_7,6.044,20,2.4176,2.5385,2.478,1,2,2,1,1,1
-wMB_hJL-3o_7,6.044,21,2.5385,2.6594,2.5989,0,3,1,0,1,1
-wMB_hJL-3o_7,6.044,22,2.6594,2.7802,2.7198,1,2,2,1,1,1
-wMB_hJL-3o_7,6.044,23,2.7802,2.9011,2.8407,0,3,2,0,1,1
-wMB_hJL-3o_7,6.044,24,2.9011,3.022,2.9616,0,2,2,0,1,1
-wMB_hJL-3o_7,6.044,25,3.022,3.1429,3.0824,1,2,2,1,1,1
-wMB_hJL-3o_7,6.044,26,3.1429,3.2638,3.2033,0,3,1,0,1,1
-wMB_hJL-3o_7,6.044,27,3.2638,3.3846,3.3242,1,2,2,1,1,1
-wMB_hJL-3o_7,6.044,28,3.3846,3.5055,3.4451,0,3,2,0,1,1
-wMB_hJL-3o_7,6.044,29,3.5055,3.6264,3.566,1,2,2,1,1,1
-wMB_hJL-3o_7,6.044,30,3.6264,3.7473,3.6868,0,2,2,0,1,1
-wMB_hJL-3o_7,6.044,31,3.7473,3.8682,3.8077,1,3,2,1,1,1
-wMB_hJL-3o_7,6.044,32,3.8682,3.989,3.9286,0,2,1,0,1,1
-wMB_hJL-3o_7,6.044,33,3.989,4.1099,4.0495,1,3,2,1,1,1
-wMB_hJL-3o_7,6.044,34,4.1099,4.2308,4.1704,0,2,2,0,1,1
-wMB_hJL-3o_7,6.044,35,4.2308,4.3517,4.2912,1,3,2,1,1,1
-wMB_hJL-3o_7,6.044,36,4.3517,4.4726,4.4121,0,2,2,0,1,1
-wMB_hJL-3o_7,6.044,37,4.4726,4.5934,4.533,0,2,1,0,1,1
-wMB_hJL-3o_7,6.044,38,4.5934,4.7143,4.6539,1,3,2,1,1,1
-wMB_hJL-3o_7,6.044,39,4.7143,4.8352,4.7748,0,2,2,0,1,1
-wMB_hJL-3o_7,6.044,40,4.8352,4.9561,4.8956,1,3,2,1,1,1
-wMB_hJL-3o_7,6.044,41,4.9561,5.077,5.0165,0,2,2,0,1,1
-wMB_hJL-3o_7,6.044,42,5.077,5.1978,5.1374,1,2,1,1,1,1
-wMB_hJL-3o_7,6.044,43,5.1978,5.3187,5.2583,0,3,2,0,1,1
-wMB_hJL-3o_7,6.044,44,5.3187,5.4396,5.3792,1,2,2,1,1,1
-wMB_hJL-3o_7,6.044,45,5.4396,5.5605,5.5,0,3,2,0,1,1
-wMB_hJL-3o_7,6.044,46,5.5605,5.6814,5.6209,1,2,2,1,1,1
-wMB_hJL-3o_7,6.044,47,5.6814,5.8022,5.7418,0,3,2,0,1,1
-wMB_hJL-3o_7,6.044,48,5.8022,5.9231,5.8627,1,2,1,1,1,1
-wMB_hJL-3o_7,6.044,49,5.9231,6.044,5.9836,0,1,2,0,1,1
-wny0OAz3g8_1,6.844,0,0.0,0.1369,0.0684,1,3,3,1,1,1
-wny0OAz3g8_1,6.844,1,0.1369,0.2738,0.2053,0,3,2,0,1,1
-wny0OAz3g8_1,6.844,2,0.2738,0.4106,0.3422,1,3,2,1,1,1
-wny0OAz3g8_1,6.844,3,0.4106,0.5475,0.4791,0,2,2,0,1,1
-wny0OAz3g8_1,6.844,4,0.5475,0.6844,0.616,1,3,2,1,1,1
-wny0OAz3g8_1,6.844,5,0.6844,0.8213,0.7528,0,3,2,0,1,1
-wny0OAz3g8_1,6.844,6,0.8213,0.9582,0.8897,1,3,2,1,1,1
-wny0OAz3g8_1,6.844,7,0.9582,1.095,1.0266,0,2,2,0,1,1
-wny0OAz3g8_1,6.844,8,1.095,1.2319,1.1635,1,3,2,1,1,1
-wny0OAz3g8_1,6.844,9,1.2319,1.3688,1.3004,0,3,2,0,1,1
-wny0OAz3g8_1,6.844,10,1.3688,1.5057,1.4372,1,3,2,1,1,1
-wny0OAz3g8_1,6.844,11,1.5057,1.6426,1.5741,0,2,2,0,1,1
-wny0OAz3g8_1,6.844,12,1.6426,1.7794,1.711,1,3,2,1,1,1
-wny0OAz3g8_1,6.844,13,1.7794,1.9163,1.8479,0,3,2,0,1,1
-wny0OAz3g8_1,6.844,14,1.9163,2.0532,1.9848,1,3,2,1,1,1
-wny0OAz3g8_1,6.844,15,2.0532,2.1901,2.1216,0,2,2,0,1,1
-wny0OAz3g8_1,6.844,16,2.1901,2.327,2.2585,1,3,2,1,1,1
-wny0OAz3g8_1,6.844,17,2.327,2.4638,2.3954,0,3,2,0,1,1
-wny0OAz3g8_1,6.844,18,2.4638,2.6007,2.5323,1,3,3,1,1,1
-wny0OAz3g8_1,6.844,19,2.6007,2.7376,2.6692,0,2,2,0,1,1
-wny0OAz3g8_1,6.844,20,2.7376,2.8745,2.806,1,3,2,1,1,1
-wny0OAz3g8_1,6.844,21,2.8745,3.0114,2.9429,0,3,2,0,1,1
-wny0OAz3g8_1,6.844,22,3.0114,3.1482,3.0798,1,2,2,1,1,1
-wny0OAz3g8_1,6.844,23,3.1482,3.2851,3.2167,0,3,2,0,1,1
-wny0OAz3g8_1,6.844,24,3.2851,3.422,3.3536,1,3,2,1,1,1
-wny0OAz3g8_1,6.844,25,3.422,3.5589,3.4904,1,3,2,1,1,1
-wny0OAz3g8_1,6.844,26,3.5589,3.6958,3.6273,0,2,2,0,1,1
-wny0OAz3g8_1,6.844,27,3.6958,3.8326,3.7642,1,3,2,1,1,1
-wny0OAz3g8_1,6.844,28,3.8326,3.9695,3.9011,0,3,2,0,1,1
-wny0OAz3g8_1,6.844,29,3.9695,4.1064,4.038,1,3,2,1,1,1
-wny0OAz3g8_1,6.844,30,4.1064,4.2433,4.1748,0,2,2,0,1,1
-wny0OAz3g8_1,6.844,31,4.2433,4.3802,4.3117,1,3,2,1,1,1
-wny0OAz3g8_1,6.844,32,4.3802,4.517,4.4486,0,3,2,0,1,1
-wny0OAz3g8_1,6.844,33,4.517,4.6539,4.5855,1,3,2,1,1,1
-wny0OAz3g8_1,6.844,34,4.6539,4.7908,4.7224,0,2,2,0,1,1
-wny0OAz3g8_1,6.844,35,4.7908,4.9277,4.8592,1,3,2,1,1,1
-wny0OAz3g8_1,6.844,36,4.9277,5.0646,4.9961,0,3,2,0,1,1
-wny0OAz3g8_1,6.844,37,5.0646,5.2014,5.133,1,3,3,1,1,1
-wny0OAz3g8_1,6.844,38,5.2014,5.3383,5.2699,0,2,2,0,1,1
-wny0OAz3g8_1,6.844,39,5.3383,5.4752,5.4068,1,3,2,1,1,1
-wny0OAz3g8_1,6.844,40,5.4752,5.6121,5.5436,0,3,2,0,1,1
-wny0OAz3g8_1,6.844,41,5.6121,5.749,5.6805,1,2,2,1,1,1
-wny0OAz3g8_1,6.844,42,5.749,5.8858,5.8174,0,3,2,0,1,1
-wny0OAz3g8_1,6.844,43,5.8858,6.0227,5.9543,1,3,2,1,1,1
-wny0OAz3g8_1,6.844,44,6.0227,6.1596,6.0912,0,3,2,0,1,1
-wny0OAz3g8_1,6.844,45,6.1596,6.2965,6.228,1,2,2,1,1,1
-wny0OAz3g8_1,6.844,46,6.2965,6.4334,6.3649,0,3,2,0,1,1
-wny0OAz3g8_1,6.844,47,6.4334,6.5702,6.5018,1,3,2,1,1,1
-wny0OAz3g8_1,6.844,48,6.5702,6.7071,6.6387,0,3,2,0,1,1
-wny0OAz3g8_1,6.844,49,6.7071,6.844,6.7756,1,1,2,1,1,1
-wny0OAz3g8_0,3.3333,0,0.0,0.0667,0.0333,0,2,1,0,1,1
-wny0OAz3g8_0,3.3333,1,0.0667,0.1333,0.1,0,1,1,0,1,1
-wny0OAz3g8_0,3.3333,2,0.1333,0.2,0.1667,1,1,1,1,1,1
-wny0OAz3g8_0,3.3333,3,0.2,0.2667,0.2333,0,2,1,0,1,1
-wny0OAz3g8_0,3.3333,4,0.2667,0.3333,0.3,0,1,1,0,1,1
-wny0OAz3g8_0,3.3333,5,0.3333,0.4,0.3667,0,1,1,0,1,1
-wny0OAz3g8_0,3.3333,6,0.4,0.4667,0.4333,0,2,1,0,1,1
-wny0OAz3g8_0,3.3333,7,0.4667,0.5333,0.5,1,1,1,1,1,1
-wny0OAz3g8_0,3.3333,8,0.5333,0.6,0.5667,0,1,1,0,1,1
-wny0OAz3g8_0,3.3333,9,0.6,0.6667,0.6333,0,2,1,0,1,1
-wny0OAz3g8_0,3.3333,10,0.6667,0.7333,0.7,0,1,1,0,1,1
-wny0OAz3g8_0,3.3333,11,0.7333,0.8,0.7667,0,1,1,0,1,1
-wny0OAz3g8_0,3.3333,12,0.8,0.8667,0.8333,1,2,1,1,1,1
-wny0OAz3g8_0,3.3333,13,0.8667,0.9333,0.9,0,1,1,0,1,1
-wny0OAz3g8_0,3.3333,14,0.9333,1.0,0.9667,0,1,1,0,1,1
-wny0OAz3g8_0,3.3333,15,1.0,1.0667,1.0333,0,2,1,0,1,1
-wny0OAz3g8_0,3.3333,16,1.0667,1.1333,1.1,0,1,1,0,1,1
-wny0OAz3g8_0,3.3333,17,1.1333,1.2,1.1667,1,1,1,1,1,1
-wny0OAz3g8_0,3.3333,18,1.2,1.2667,1.2333,0,2,1,0,1,1
-wny0OAz3g8_0,3.3333,19,1.2667,1.3333,1.3,0,1,1,0,1,1
-wny0OAz3g8_0,3.3333,20,1.3333,1.4,1.3667,0,1,1,0,1,1
-wny0OAz3g8_0,3.3333,21,1.4,1.4667,1.4333,0,2,1,0,1,1
-wny0OAz3g8_0,3.3333,22,1.4667,1.5333,1.5,1,1,1,1,1,1
-wny0OAz3g8_0,3.3333,23,1.5333,1.6,1.5667,0,1,1,0,1,1
-wny0OAz3g8_0,3.3333,24,1.6,1.6667,1.6333,0,2,1,0,1,1
-wny0OAz3g8_0,3.3333,25,1.6667,1.7333,1.7,0,1,1,0,1,1
-wny0OAz3g8_0,3.3333,26,1.7333,1.8,1.7666,0,1,1,0,1,1
-wny0OAz3g8_0,3.3333,27,1.8,1.8666,1.8333,1,2,1,1,1,1
-wny0OAz3g8_0,3.3333,28,1.8666,1.9333,1.9,0,1,1,0,1,1
-wny0OAz3g8_0,3.3333,29,1.9333,2.0,1.9666,0,1,1,0,1,1
-wny0OAz3g8_0,3.3333,30,2.0,2.0666,2.0333,0,2,1,0,1,1
-wny0OAz3g8_0,3.3333,31,2.0666,2.1333,2.1,0,1,1,0,1,1
-wny0OAz3g8_0,3.3333,32,2.1333,2.2,2.1666,1,1,1,1,1,1
-wny0OAz3g8_0,3.3333,33,2.2,2.2666,2.2333,0,2,1,0,1,1
-wny0OAz3g8_0,3.3333,34,2.2666,2.3333,2.3,0,1,1,0,1,1
-wny0OAz3g8_0,3.3333,35,2.3333,2.4,2.3666,0,1,1,0,1,1
-wny0OAz3g8_0,3.3333,36,2.4,2.4666,2.4333,0,2,1,0,1,1
-wny0OAz3g8_0,3.3333,37,2.4666,2.5333,2.5,1,1,1,1,1,1
-wny0OAz3g8_0,3.3333,38,2.5333,2.6,2.5666,0,1,1,0,1,1
-wny0OAz3g8_0,3.3333,39,2.6,2.6666,2.6333,0,2,1,0,1,1
-wny0OAz3g8_0,3.3333,40,2.6666,2.7333,2.7,0,1,1,0,1,1
-wny0OAz3g8_0,3.3333,41,2.7333,2.8,2.7666,0,1,1,0,1,1
-wny0OAz3g8_0,3.3333,42,2.8,2.8666,2.8333,1,2,1,1,1,1
-wny0OAz3g8_0,3.3333,43,2.8666,2.9333,2.9,0,1,1,0,1,1
-wny0OAz3g8_0,3.3333,44,2.9333,3.0,2.9666,0,1,1,0,1,1
-wny0OAz3g8_0,3.3333,45,3.0,3.0666,3.0333,0,2,1,0,1,1
-wny0OAz3g8_0,3.3333,46,3.0666,3.1333,3.1,0,1,1,0,1,1
-wny0OAz3g8_0,3.3333,47,3.1333,3.2,3.1666,1,1,1,1,1,1
-wny0OAz3g8_0,3.3333,48,3.2,3.2666,3.2333,0,2,1,0,1,1
-wny0OAz3g8_0,3.3333,49,3.2666,3.3333,3.3,0,0,1,0,0,1
-wny0OAz3g8_3,6.146,0,0.0,0.1229,0.0615,0,3,2,0,1,1
-wny0OAz3g8_3,6.146,1,0.1229,0.2458,0.1844,1,2,2,1,1,1
-wny0OAz3g8_3,6.146,2,0.2458,0.3688,0.3073,0,3,2,0,1,1
-wny0OAz3g8_3,6.146,3,0.3688,0.4917,0.4302,1,2,2,1,1,1
-wny0OAz3g8_3,6.146,4,0.4917,0.6146,0.5531,0,3,2,0,1,1
-wny0OAz3g8_3,6.146,5,0.6146,0.7375,0.6761,0,2,2,0,1,1
-wny0OAz3g8_3,6.146,6,0.7375,0.8604,0.799,1,3,1,1,1,1
-wny0OAz3g8_3,6.146,7,0.8604,0.9834,0.9219,0,2,2,0,1,1
-wny0OAz3g8_3,6.146,8,0.9834,1.1063,1.0448,1,3,2,1,1,1
-wny0OAz3g8_3,6.146,9,1.1063,1.2292,1.1677,0,2,2,0,1,1
-wny0OAz3g8_3,6.146,10,1.2292,1.3521,1.2907,0,3,2,0,1,1
-wny0OAz3g8_3,6.146,11,1.3521,1.475,1.4136,1,2,2,1,1,1
-wny0OAz3g8_3,6.146,12,1.475,1.598,1.5365,0,2,1,0,1,1
-wny0OAz3g8_3,6.146,13,1.598,1.7209,1.6594,1,3,2,1,1,1
-wny0OAz3g8_3,6.146,14,1.7209,1.8438,1.7823,0,2,2,0,1,1
-wny0OAz3g8_3,6.146,15,1.8438,1.9667,1.9053,0,3,2,0,1,1
-wny0OAz3g8_3,6.146,16,1.9667,2.0896,2.0282,1,2,2,1,1,1
-wny0OAz3g8_3,6.146,17,2.0896,2.2126,2.1511,0,3,2,0,1,1
-wny0OAz3g8_3,6.146,18,2.2126,2.3355,2.274,1,2,2,1,1,1
-wny0OAz3g8_3,6.146,19,2.3355,2.4584,2.3969,0,3,1,0,1,1
-wny0OAz3g8_3,6.146,20,2.4584,2.5813,2.5199,0,2,2,0,1,1
-wny0OAz3g8_3,6.146,21,2.5813,2.7042,2.6428,1,3,2,1,1,1
-wny0OAz3g8_3,6.146,22,2.7042,2.8272,2.7657,0,2,2,0,1,1
-wny0OAz3g8_3,6.146,23,2.8272,2.9501,2.8886,1,3,2,1,1,1
-wny0OAz3g8_3,6.146,24,2.9501,3.073,3.0115,0,2,2,0,1,1
-wny0OAz3g8_3,6.146,25,3.073,3.1959,3.1345,0,2,1,0,1,1
-wny0OAz3g8_3,6.146,26,3.1959,3.3188,3.2574,1,3,2,1,1,1
-wny0OAz3g8_3,6.146,27,3.3188,3.4418,3.3803,0,2,2,0,1,1
-wny0OAz3g8_3,6.146,28,3.4418,3.5647,3.5032,1,3,2,1,1,1
-wny0OAz3g8_3,6.146,29,3.5647,3.6876,3.6261,0,2,2,0,1,1
-wny0OAz3g8_3,6.146,30,3.6876,3.8105,3.7491,0,3,2,0,1,1
-wny0OAz3g8_3,6.146,31,3.8105,3.9334,3.872,1,2,2,1,1,1
-wny0OAz3g8_3,6.146,32,3.9334,4.0564,3.9949,0,3,1,0,1,1
-wny0OAz3g8_3,6.146,33,4.0564,4.1793,4.1178,1,2,2,1,1,1
-wny0OAz3g8_3,6.146,34,4.1793,4.3022,4.2407,0,3,2,0,1,1
-wny0OAz3g8_3,6.146,35,4.3022,4.4251,4.3637,0,2,2,0,1,1
-wny0OAz3g8_3,6.146,36,4.4251,4.548,4.4866,1,2,2,1,1,1
-wny0OAz3g8_3,6.146,37,4.548,4.671,4.6095,0,3,2,0,1,1
-wny0OAz3g8_3,6.146,38,4.671,4.7939,4.7324,1,2,1,1,1,1
-wny0OAz3g8_3,6.146,39,4.7939,4.9168,4.8553,0,3,2,0,1,1
-wny0OAz3g8_3,6.146,40,4.9168,5.0397,4.9783,0,2,2,0,1,1
-wny0OAz3g8_3,6.146,41,5.0397,5.1626,5.1012,1,3,2,1,1,1
-wny0OAz3g8_3,6.146,42,5.1626,5.2856,5.2241,0,2,2,0,1,1
-wny0OAz3g8_3,6.146,43,5.2856,5.4085,5.347,1,3,2,1,1,1
-wny0OAz3g8_3,6.146,44,5.4085,5.5314,5.4699,0,2,1,0,1,1
-wny0OAz3g8_3,6.146,45,5.5314,5.6543,5.5929,0,3,2,0,1,1
-wny0OAz3g8_3,6.146,46,5.6543,5.7772,5.7158,1,2,2,1,1,1
-wny0OAz3g8_3,6.146,47,5.7772,5.9002,5.8387,0,3,2,0,1,1
-wny0OAz3g8_3,6.146,48,5.9002,6.0231,5.9616,1,2,2,1,1,1
-wny0OAz3g8_3,6.146,49,6.0231,6.146,6.0845,0,1,1,0,1,1
-wny0OAz3g8_2,6.687,0,0.0,0.1337,0.0669,1,3,3,1,1,1
-wny0OAz3g8_2,6.687,1,0.1337,0.2675,0.2006,0,3,2,0,1,1
-wny0OAz3g8_2,6.687,2,0.2675,0.4012,0.3344,1,3,2,1,1,1
-wny0OAz3g8_2,6.687,3,0.4012,0.535,0.4681,0,2,2,0,1,1
-wny0OAz3g8_2,6.687,4,0.535,0.6687,0.6018,1,3,2,1,1,1
-wny0OAz3g8_2,6.687,5,0.6687,0.8024,0.7356,0,3,2,0,1,1
-wny0OAz3g8_2,6.687,6,0.8024,0.9362,0.8693,1,2,2,1,1,1
-wny0OAz3g8_2,6.687,7,0.9362,1.0699,1.003,0,3,2,0,1,1
-wny0OAz3g8_2,6.687,8,1.0699,1.2037,1.1368,1,3,2,1,1,1
-wny0OAz3g8_2,6.687,9,1.2037,1.3374,1.2705,0,2,2,0,1,1
-wny0OAz3g8_2,6.687,10,1.3374,1.4711,1.4043,1,3,2,1,1,1
-wny0OAz3g8_2,6.687,11,1.4711,1.6049,1.538,0,3,2,0,1,1
-wny0OAz3g8_2,6.687,12,1.6049,1.7386,1.6718,1,2,2,1,1,1
-wny0OAz3g8_2,6.687,13,1.7386,1.8724,1.8055,1,3,2,1,1,1
-wny0OAz3g8_2,6.687,14,1.8724,2.0061,1.9392,0,3,2,0,1,1
-wny0OAz3g8_2,6.687,15,2.0061,2.1398,2.073,1,2,2,1,1,1
-wny0OAz3g8_2,6.687,16,2.1398,2.2736,2.2067,0,3,2,0,1,1
-wny0OAz3g8_2,6.687,17,2.2736,2.4073,2.3404,1,3,2,1,1,1
-wny0OAz3g8_2,6.687,18,2.4073,2.5411,2.4742,0,2,2,0,1,1
-wny0OAz3g8_2,6.687,19,2.5411,2.6748,2.6079,1,3,2,1,1,1
-wny0OAz3g8_2,6.687,20,2.6748,2.8085,2.7417,0,3,2,0,1,1
-wny0OAz3g8_2,6.687,21,2.8085,2.9423,2.8754,1,2,2,1,1,1
-wny0OAz3g8_2,6.687,22,2.9423,3.076,3.0091,0,3,2,0,1,1
-wny0OAz3g8_2,6.687,23,3.076,3.2098,3.1429,1,3,2,1,1,1
-wny0OAz3g8_2,6.687,24,3.2098,3.3435,3.2766,1,2,2,1,1,1
-wny0OAz3g8_2,6.687,25,3.3435,3.4772,3.4104,0,3,2,0,1,1
-wny0OAz3g8_2,6.687,26,3.4772,3.611,3.5441,1,3,2,1,1,1
-wny0OAz3g8_2,6.687,27,3.611,3.7447,3.6779,0,2,2,0,1,1
-wny0OAz3g8_2,6.687,28,3.7447,3.8785,3.8116,1,3,2,1,1,1
-wny0OAz3g8_2,6.687,29,3.8785,4.0122,3.9453,0,3,2,0,1,1
-wny0OAz3g8_2,6.687,30,4.0122,4.1459,4.0791,1,2,2,1,1,1
-wny0OAz3g8_2,6.687,31,4.1459,4.2797,4.2128,0,3,2,0,1,1
-wny0OAz3g8_2,6.687,32,4.2797,4.4134,4.3466,1,3,2,1,1,1
-wny0OAz3g8_2,6.687,33,4.4134,4.5472,4.4803,0,2,2,0,1,1
-wny0OAz3g8_2,6.687,34,4.5472,4.6809,4.614,1,3,2,1,1,1
-wny0OAz3g8_2,6.687,35,4.6809,4.8146,4.7478,0,3,2,0,1,1
-wny0OAz3g8_2,6.687,36,4.8146,4.9484,4.8815,1,2,2,1,1,1
-wny0OAz3g8_2,6.687,37,4.9484,5.0821,5.0152,1,3,2,1,1,1
-wny0OAz3g8_2,6.687,38,5.0821,5.2159,5.149,0,3,2,0,1,1
-wny0OAz3g8_2,6.687,39,5.2159,5.3496,5.2827,1,2,2,1,1,1
-wny0OAz3g8_2,6.687,40,5.3496,5.4833,5.4165,0,3,2,0,1,1
-wny0OAz3g8_2,6.687,41,5.4833,5.6171,5.5502,1,3,2,1,1,1
-wny0OAz3g8_2,6.687,42,5.6171,5.7508,5.6839,0,3,2,0,1,1
-wny0OAz3g8_2,6.687,43,5.7508,5.8846,5.8177,1,2,2,1,1,1
-wny0OAz3g8_2,6.687,44,5.8846,6.0183,5.9514,0,3,2,0,1,1
-wny0OAz3g8_2,6.687,45,6.0183,6.152,6.0852,1,3,2,1,1,1
-wny0OAz3g8_2,6.687,46,6.152,6.2858,6.2189,0,2,2,0,1,1
-wny0OAz3g8_2,6.687,47,6.2858,6.4195,6.3527,1,3,2,1,1,1
-wny0OAz3g8_2,6.687,48,6.4195,6.5533,6.4864,0,2,1,0,1,1
-wny0OAz3g8_2,6.687,49,6.5533,6.687,6.6201,1,0,1,1,0,1
-wny0OAz3g8_5,6.912,0,0.0,0.1382,0.0691,0,3,3,0,1,1
-wny0OAz3g8_5,6.912,1,0.1382,0.2765,0.2074,1,3,2,1,1,1
-wny0OAz3g8_5,6.912,2,0.2765,0.4147,0.3456,0,3,2,0,1,1
-wny0OAz3g8_5,6.912,3,0.4147,0.553,0.4838,1,3,2,1,1,1
-wny0OAz3g8_5,6.912,4,0.553,0.6912,0.6221,0,2,2,0,1,1
-wny0OAz3g8_5,6.912,5,0.6912,0.8294,0.7603,1,3,2,1,1,1
-wny0OAz3g8_5,6.912,6,0.8294,0.9677,0.8986,0,3,2,0,1,1
-wny0OAz3g8_5,6.912,7,0.9677,1.1059,1.0368,1,3,2,1,1,1
-wny0OAz3g8_5,6.912,8,1.1059,1.2442,1.175,0,2,2,0,1,1
-wny0OAz3g8_5,6.912,9,1.2442,1.3824,1.3133,0,3,2,0,1,1
-wny0OAz3g8_5,6.912,10,1.3824,1.5206,1.4515,1,3,2,1,1,1
-wny0OAz3g8_5,6.912,11,1.5206,1.6589,1.5898,0,3,2,0,1,1
-wny0OAz3g8_5,6.912,12,1.6589,1.7971,1.728,1,2,2,1,1,1
-wny0OAz3g8_5,6.912,13,1.7971,1.9354,1.8662,0,3,3,0,1,1
-wny0OAz3g8_5,6.912,14,1.9354,2.0736,2.0045,1,3,2,1,1,1
-wny0OAz3g8_5,6.912,15,2.0736,2.2118,2.1427,0,3,2,0,1,1
-wny0OAz3g8_5,6.912,16,2.2118,2.3501,2.281,0,3,2,0,1,1
-wny0OAz3g8_5,6.912,17,2.3501,2.4883,2.4192,1,2,2,1,1,1
-wny0OAz3g8_5,6.912,18,2.4883,2.6266,2.5574,0,3,2,0,1,1
-wny0OAz3g8_5,6.912,19,2.6266,2.7648,2.6957,1,3,2,1,1,1
-wny0OAz3g8_5,6.912,20,2.7648,2.903,2.8339,0,3,2,0,1,1
-wny0OAz3g8_5,6.912,21,2.903,3.0413,2.9722,1,2,2,1,1,1
-wny0OAz3g8_5,6.912,22,3.0413,3.1795,3.1104,0,3,2,0,1,1
-wny0OAz3g8_5,6.912,23,3.1795,3.3178,3.2486,1,3,2,1,1,1
-wny0OAz3g8_5,6.912,24,3.3178,3.456,3.3869,0,3,2,0,1,1
-wny0OAz3g8_5,6.912,25,3.456,3.5942,3.5251,0,2,2,0,1,1
-wny0OAz3g8_5,6.912,26,3.5942,3.7325,3.6634,1,3,2,1,1,1
-wny0OAz3g8_5,6.912,27,3.7325,3.8707,3.8016,0,3,3,0,1,1
-wny0OAz3g8_5,6.912,28,3.8707,4.009,3.9398,1,3,2,1,1,1
-wny0OAz3g8_5,6.912,29,4.009,4.1472,4.0781,0,2,2,0,1,1
-wny0OAz3g8_5,6.912,30,4.1472,4.2854,4.2163,1,3,2,1,1,1
-wny0OAz3g8_5,6.912,31,4.2854,4.4237,4.3546,0,3,2,0,1,1
-wny0OAz3g8_5,6.912,32,4.4237,4.5619,4.4928,1,3,2,1,1,1
-wny0OAz3g8_5,6.912,33,4.5619,4.7002,4.631,0,3,2,0,1,1
-wny0OAz3g8_5,6.912,34,4.7002,4.8384,4.7693,0,2,2,0,1,1
-wny0OAz3g8_5,6.912,35,4.8384,4.9766,4.9075,1,3,2,1,1,1
-wny0OAz3g8_5,6.912,36,4.9766,5.1149,5.0458,0,3,2,0,1,1
-wny0OAz3g8_5,6.912,37,5.1149,5.2531,5.184,1,3,2,1,1,1
-wny0OAz3g8_5,6.912,38,5.2531,5.3914,5.3222,0,2,2,0,1,1
-wny0OAz3g8_5,6.912,39,5.3914,5.5296,5.4605,1,3,2,1,1,1
-wny0OAz3g8_5,6.912,40,5.5296,5.6678,5.5987,0,3,3,0,1,1
-wny0OAz3g8_5,6.912,41,5.6678,5.8061,5.737,0,3,2,0,1,1
-wny0OAz3g8_5,6.912,42,5.8061,5.9443,5.8752,1,2,2,1,1,1
-wny0OAz3g8_5,6.912,43,5.9443,6.0826,6.0134,0,3,2,0,1,1
-wny0OAz3g8_5,6.912,44,6.0826,6.2208,6.1517,1,3,2,1,1,1
-wny0OAz3g8_5,6.912,45,6.2208,6.359,6.2899,0,3,2,0,1,1
-wny0OAz3g8_5,6.912,46,6.359,6.4973,6.4282,1,2,2,1,1,1
-wny0OAz3g8_5,6.912,47,6.4973,6.6355,6.5664,0,3,2,0,1,1
-wny0OAz3g8_5,6.912,48,6.6355,6.7738,6.7046,1,2,2,1,1,1
-wny0OAz3g8_5,6.912,49,6.7738,6.912,6.8429,0,0,1,0,0,1
-wny0OAz3g8_7,8.068,0,0.0,0.1614,0.0807,1,4,3,1,1,1
-wny0OAz3g8_7,8.068,1,0.1614,0.3227,0.242,0,3,2,0,1,1
-wny0OAz3g8_7,8.068,2,0.3227,0.4841,0.4034,1,3,3,1,1,1
-wny0OAz3g8_7,8.068,3,0.4841,0.6454,0.5648,0,3,2,0,1,1
-wny0OAz3g8_7,8.068,4,0.6454,0.8068,0.7261,1,4,3,1,1,1
-wny0OAz3g8_7,8.068,5,0.8068,0.9682,0.8875,0,3,2,0,1,1
-wny0OAz3g8_7,8.068,6,0.9682,1.1295,1.0488,1,3,2,1,1,1
-wny0OAz3g8_7,8.068,7,1.1295,1.2909,1.2102,1,3,3,1,1,1
-wny0OAz3g8_7,8.068,8,1.2909,1.4522,1.3716,0,4,2,0,1,1
-wny0OAz3g8_7,8.068,9,1.4522,1.6136,1.5329,1,3,3,1,1,1
-wny0OAz3g8_7,8.068,10,1.6136,1.775,1.6943,0,3,2,0,1,1
-wny0OAz3g8_7,8.068,11,1.775,1.9363,1.8556,1,3,3,1,1,1
-wny0OAz3g8_7,8.068,12,1.9363,2.0977,2.017,1,3,2,1,1,1
-wny0OAz3g8_7,8.068,13,2.0977,2.259,2.1784,0,4,2,0,1,1
-wny0OAz3g8_7,8.068,14,2.259,2.4204,2.3397,1,3,3,1,1,1
-wny0OAz3g8_7,8.068,15,2.4204,2.5818,2.5011,0,3,2,0,1,1
-wny0OAz3g8_7,8.068,16,2.5818,2.7431,2.6624,1,3,3,1,1,1
-wny0OAz3g8_7,8.068,17,2.7431,2.9045,2.8238,0,4,2,0,1,1
-wny0OAz3g8_7,8.068,18,2.9045,3.0658,2.9852,1,3,2,1,1,1
-wny0OAz3g8_7,8.068,19,3.0658,3.2272,3.1465,1,3,3,1,1,1
-wny0OAz3g8_7,8.068,20,3.2272,3.3886,3.3079,0,3,2,0,1,1
-wny0OAz3g8_7,8.068,21,3.3886,3.5499,3.4692,1,3,3,1,1,1
-wny0OAz3g8_7,8.068,22,3.5499,3.7113,3.6306,0,4,2,0,1,1
-wny0OAz3g8_7,8.068,23,3.7113,3.8726,3.792,1,3,3,1,1,1
-wny0OAz3g8_7,8.068,24,3.8726,4.034,3.9533,1,3,2,1,1,1
-wny0OAz3g8_7,8.068,25,4.034,4.1954,4.1147,0,3,2,0,1,1
-wny0OAz3g8_7,8.068,26,4.1954,4.3567,4.276,1,4,3,1,1,1
-wny0OAz3g8_7,8.068,27,4.3567,4.5181,4.4374,0,3,2,0,1,1
-wny0OAz3g8_7,8.068,28,4.5181,4.6794,4.5988,1,3,3,1,1,1
-wny0OAz3g8_7,8.068,29,4.6794,4.8408,4.7601,0,3,2,0,1,1
-wny0OAz3g8_7,8.068,30,4.8408,5.0022,4.9215,1,4,3,1,1,1
-wny0OAz3g8_7,8.068,31,5.0022,5.1635,5.0828,1,3,2,1,1,1
-wny0OAz3g8_7,8.068,32,5.1635,5.3249,5.2442,0,3,2,0,1,1
-wny0OAz3g8_7,8.068,33,5.3249,5.4862,5.4056,1,3,3,1,1,1
-wny0OAz3g8_7,8.068,34,5.4862,5.6476,5.5669,0,3,2,0,1,1
-wny0OAz3g8_7,8.068,35,5.6476,5.809,5.7283,1,4,3,1,1,1
-wny0OAz3g8_7,8.068,36,5.809,5.9703,5.8896,0,3,2,0,1,1
-wny0OAz3g8_7,8.068,37,5.9703,6.1317,6.051,1,3,2,1,1,1
-wny0OAz3g8_7,8.068,38,6.1317,6.293,6.2124,1,3,3,1,1,1
-wny0OAz3g8_7,8.068,39,6.293,6.4544,6.3737,0,4,2,0,1,1
-wny0OAz3g8_7,8.068,40,6.4544,6.6158,6.5351,1,3,3,1,1,1
-wny0OAz3g8_7,8.068,41,6.6158,6.7771,6.6964,0,3,2,0,1,1
-wny0OAz3g8_7,8.068,42,6.7771,6.9385,6.8578,1,3,3,1,1,1
-wny0OAz3g8_7,8.068,43,6.9385,7.0998,7.0192,1,3,2,1,1,1
-wny0OAz3g8_7,8.068,44,7.0998,7.2612,7.1805,0,4,2,0,1,1
-wny0OAz3g8_7,8.068,45,7.2612,7.4226,7.3419,1,3,3,1,1,1
-wny0OAz3g8_7,8.068,46,7.4226,7.5839,7.5032,0,3,2,0,1,1
-wny0OAz3g8_7,8.068,47,7.5839,7.7453,7.6646,1,3,3,1,1,1
-wny0OAz3g8_7,8.068,48,7.7453,7.9066,7.826,0,4,2,0,1,1
-wny0OAz3g8_7,8.068,49,7.9066,8.068,7.9873,1,0,2,1,0,1
-wny0OAz3g8_9,6.213,0,0.0,0.1243,0.0621,0,3,2,0,1,1
-wny0OAz3g8_9,6.213,1,0.1243,0.2485,0.1864,1,2,2,1,1,1
-wny0OAz3g8_9,6.213,2,0.2485,0.3728,0.3106,0,3,2,0,1,1
-wny0OAz3g8_9,6.213,3,0.3728,0.497,0.4349,1,2,2,1,1,1
-wny0OAz3g8_9,6.213,4,0.497,0.6213,0.5592,0,3,2,0,1,1
-wny0OAz3g8_9,6.213,5,0.6213,0.7456,0.6834,1,2,2,1,1,1
-wny0OAz3g8_9,6.213,6,0.7456,0.8698,0.8077,0,3,2,0,1,1
-wny0OAz3g8_9,6.213,7,0.8698,0.9941,0.9319,1,2,1,1,1,1
-wny0OAz3g8_9,6.213,8,0.9941,1.1183,1.0562,0,3,2,0,1,1
-wny0OAz3g8_9,6.213,9,1.1183,1.2426,1.1805,0,2,2,0,1,1
-wny0OAz3g8_9,6.213,10,1.2426,1.3669,1.3047,1,3,2,1,1,1
-wny0OAz3g8_9,6.213,11,1.3669,1.4911,1.429,0,2,2,0,1,1
-wny0OAz3g8_9,6.213,12,1.4911,1.6154,1.5533,1,3,2,1,1,1
-wny0OAz3g8_9,6.213,13,1.6154,1.7396,1.6775,0,2,2,0,1,1
-wny0OAz3g8_9,6.213,14,1.7396,1.8639,1.8018,1,3,1,1,1,1
-wny0OAz3g8_9,6.213,15,1.8639,1.9882,1.926,0,2,2,0,1,1
-wny0OAz3g8_9,6.213,16,1.9882,2.1124,2.0503,0,3,2,0,1,1
-wny0OAz3g8_9,6.213,17,2.1124,2.2367,2.1745,1,2,2,1,1,1
-wny0OAz3g8_9,6.213,18,2.2367,2.3609,2.2988,0,3,2,0,1,1
-wny0OAz3g8_9,6.213,19,2.3609,2.4852,2.4231,1,2,2,1,1,1
-wny0OAz3g8_9,6.213,20,2.4852,2.6095,2.5473,0,3,2,0,1,1
-wny0OAz3g8_9,6.213,21,2.6095,2.7337,2.6716,1,2,2,1,1,1
-wny0OAz3g8_9,6.213,22,2.7337,2.858,2.7958,0,3,1,0,1,1
-wny0OAz3g8_9,6.213,23,2.858,2.9822,2.9201,1,2,2,1,1,1
-wny0OAz3g8_9,6.213,24,2.9822,3.1065,3.0444,0,3,2,0,1,1
-wny0OAz3g8_9,6.213,25,3.1065,3.2308,3.1686,0,2,2,0,1,1
-wny0OAz3g8_9,6.213,26,3.2308,3.355,3.2929,1,3,2,1,1,1
-wny0OAz3g8_9,6.213,27,3.355,3.4793,3.4171,0,2,2,0,1,1
-wny0OAz3g8_9,6.213,28,3.4793,3.6035,3.5414,1,3,2,1,1,1
-wny0OAz3g8_9,6.213,29,3.6035,3.7278,3.6657,0,2,1,0,1,1
-wny0OAz3g8_9,6.213,30,3.7278,3.8521,3.7899,1,3,2,1,1,1
-wny0OAz3g8_9,6.213,31,3.8521,3.9763,3.9142,0,2,2,0,1,1
-wny0OAz3g8_9,6.213,32,3.9763,4.1006,4.0385,1,3,2,1,1,1
-wny0OAz3g8_9,6.213,33,4.1006,4.2248,4.1627,0,2,2,0,1,1
-wny0OAz3g8_9,6.213,34,4.2248,4.3491,4.287,0,2,2,0,1,1
-wny0OAz3g8_9,6.213,35,4.3491,4.4734,4.4112,1,3,2,1,1,1
-wny0OAz3g8_9,6.213,36,4.4734,4.5976,4.5355,0,2,1,0,1,1
-wny0OAz3g8_9,6.213,37,4.5976,4.7219,4.6597,1,3,2,1,1,1
-wny0OAz3g8_9,6.213,38,4.7219,4.8461,4.784,0,2,2,0,1,1
-wny0OAz3g8_9,6.213,39,4.8461,4.9704,4.9083,1,3,2,1,1,1
-wny0OAz3g8_9,6.213,40,4.9704,5.0947,5.0325,0,2,2,0,1,1
-wny0OAz3g8_9,6.213,41,5.0947,5.2189,5.1568,0,3,2,0,1,1
-wny0OAz3g8_9,6.213,42,5.2189,5.3432,5.281,1,2,2,1,1,1
-wny0OAz3g8_9,6.213,43,5.3432,5.4674,5.4053,0,3,2,0,1,1
-wny0OAz3g8_9,6.213,44,5.4674,5.5917,5.5296,1,2,1,1,1,1
-wny0OAz3g8_9,6.213,45,5.5917,5.716,5.6538,0,3,2,0,1,1
-wny0OAz3g8_9,6.213,46,5.716,5.8402,5.7781,1,2,2,1,1,1
-wny0OAz3g8_9,6.213,47,5.8402,5.9645,5.9024,0,3,2,0,1,1
-wny0OAz3g8_9,6.213,48,5.9645,6.0887,6.0266,1,1,1,1,1,1
-wny0OAz3g8_9,6.213,49,6.0887,6.213,6.1509,0,0,1,0,0,1
-571d8cVauQ_0,5.0667,0,0.0,0.1013,0.0507,0,3,2,0,1,1
-571d8cVauQ_0,5.0667,1,0.1013,0.2027,0.152,1,2,2,1,1,1
-571d8cVauQ_0,5.0667,2,0.2027,0.304,0.2533,0,2,1,0,1,1
-571d8cVauQ_0,5.0667,3,0.304,0.4053,0.3547,0,2,2,0,1,1
-571d8cVauQ_0,5.0667,4,0.4053,0.5067,0.456,0,2,1,0,1,1
-571d8cVauQ_0,5.0667,5,0.5067,0.608,0.5573,1,2,2,1,1,1
-571d8cVauQ_0,5.0667,6,0.608,0.7093,0.6587,0,2,1,0,1,1
-571d8cVauQ_0,5.0667,7,0.7093,0.8107,0.76,0,2,2,0,1,1
-571d8cVauQ_0,5.0667,8,0.8107,0.912,0.8613,1,2,1,1,1,1
-571d8cVauQ_0,5.0667,9,0.912,1.0133,0.9627,0,2,2,0,1,1
-571d8cVauQ_0,5.0667,10,1.0133,1.1147,1.064,0,2,1,0,1,1
-571d8cVauQ_0,5.0667,11,1.1147,1.216,1.1653,0,2,2,0,1,1
-571d8cVauQ_0,5.0667,12,1.216,1.3173,1.2667,1,2,1,1,1,1
-571d8cVauQ_0,5.0667,13,1.3173,1.4187,1.368,0,2,2,0,1,1
-571d8cVauQ_0,5.0667,14,1.4187,1.52,1.4693,0,2,1,0,1,1
-571d8cVauQ_0,5.0667,15,1.52,1.6213,1.5707,0,2,2,0,1,1
-571d8cVauQ_0,5.0667,16,1.6213,1.7227,1.672,1,2,1,1,1,1
-571d8cVauQ_0,5.0667,17,1.7227,1.824,1.7733,0,2,2,0,1,1
-571d8cVauQ_0,5.0667,18,1.824,1.9253,1.8747,0,2,1,0,1,1
-571d8cVauQ_0,5.0667,19,1.9253,2.0267,1.976,1,2,2,1,1,1
-571d8cVauQ_0,5.0667,20,2.0267,2.128,2.0773,0,2,1,0,1,1
-571d8cVauQ_0,5.0667,21,2.128,2.2293,2.1787,0,2,2,0,1,1
-571d8cVauQ_0,5.0667,22,2.2293,2.3307,2.28,0,2,1,0,1,1
-571d8cVauQ_0,5.0667,23,2.3307,2.432,2.3813,1,2,2,1,1,1
-571d8cVauQ_0,5.0667,24,2.432,2.5333,2.4827,0,2,2,0,1,1
-571d8cVauQ_0,5.0667,25,2.5333,2.6347,2.584,0,2,1,0,1,1
-571d8cVauQ_0,5.0667,26,2.6347,2.736,2.6854,1,2,2,1,1,1
-571d8cVauQ_0,5.0667,27,2.736,2.8374,2.7867,0,2,1,0,1,1
-571d8cVauQ_0,5.0667,28,2.8374,2.9387,2.888,0,2,2,0,1,1
-571d8cVauQ_0,5.0667,29,2.9387,3.04,2.9894,0,2,1,0,1,1
-571d8cVauQ_0,5.0667,30,3.04,3.1414,3.0907,1,2,2,1,1,1
-571d8cVauQ_0,5.0667,31,3.1414,3.2427,3.192,0,2,1,0,1,1
-571d8cVauQ_0,5.0667,32,3.2427,3.344,3.2934,0,2,2,0,1,1
-571d8cVauQ_0,5.0667,33,3.344,3.4454,3.3947,1,2,1,1,1,1
-571d8cVauQ_0,5.0667,34,3.4454,3.5467,3.496,0,2,2,0,1,1
-571d8cVauQ_0,5.0667,35,3.5467,3.648,3.5974,0,2,1,0,1,1
-571d8cVauQ_0,5.0667,36,3.648,3.7494,3.6987,0,2,2,0,1,1
-571d8cVauQ_0,5.0667,37,3.7494,3.8507,3.8,1,3,1,1,1,1
-571d8cVauQ_0,5.0667,38,3.8507,3.952,3.9014,0,2,2,0,1,1
-571d8cVauQ_0,5.0667,39,3.952,4.0534,4.0027,0,2,1,0,1,1
-571d8cVauQ_0,5.0667,40,4.0534,4.1547,4.104,0,2,2,0,1,1
-571d8cVauQ_0,5.0667,41,4.1547,4.256,4.2054,1,2,1,1,1,1
-571d8cVauQ_0,5.0667,42,4.256,4.3574,4.3067,0,2,2,0,1,1
-571d8cVauQ_0,5.0667,43,4.3574,4.4587,4.408,0,2,1,0,1,1
-571d8cVauQ_0,5.0667,44,4.4587,4.56,4.5094,1,2,2,1,1,1
-571d8cVauQ_0,5.0667,45,4.56,4.6614,4.6107,0,2,1,0,1,1
-571d8cVauQ_0,5.0667,46,4.6614,4.7627,4.712,0,2,2,0,1,1
-571d8cVauQ_0,5.0667,47,4.7627,4.864,4.8134,0,2,1,0,1,1
-571d8cVauQ_0,5.0667,48,4.864,4.9654,4.9147,1,2,2,1,1,1
-571d8cVauQ_0,5.0667,49,4.9654,5.0667,5.016,0,0,2,0,0,1
-571d8cVauQ_5,15.273,0,0.0,0.3055,0.1527,1,7,5,1,1,1
-571d8cVauQ_5,15.273,1,0.3055,0.6109,0.4582,1,6,5,1,1,1
-571d8cVauQ_5,15.273,2,0.6109,0.9164,0.7636,1,6,4,1,1,1
-571d8cVauQ_5,15.273,3,0.9164,1.2218,1.0691,1,6,5,1,1,1
-571d8cVauQ_5,15.273,4,1.2218,1.5273,1.3746,1,6,4,1,1,1
-571d8cVauQ_5,15.273,5,1.5273,1.8328,1.68,1,6,5,1,1,1
-571d8cVauQ_5,15.273,6,1.8328,2.1382,1.9855,1,6,5,1,1,1
-571d8cVauQ_5,15.273,7,2.1382,2.4437,2.291,1,6,4,1,1,1
-571d8cVauQ_5,15.273,8,2.4437,2.7491,2.5964,1,6,5,1,1,1
-571d8cVauQ_5,15.273,9,2.7491,3.0546,2.9019,1,7,4,1,1,1
-571d8cVauQ_5,15.273,10,3.0546,3.3601,3.2073,1,6,5,1,1,1
-571d8cVauQ_5,15.273,11,3.3601,3.6655,3.5128,1,6,4,1,1,1
-571d8cVauQ_5,15.273,12,3.6655,3.971,3.8182,1,6,5,1,1,1
-571d8cVauQ_5,15.273,13,3.971,4.2764,4.1237,1,6,5,1,1,1
-571d8cVauQ_5,15.273,14,4.2764,4.5819,4.4292,1,6,4,1,1,1
-571d8cVauQ_5,15.273,15,4.5819,4.8874,4.7346,1,6,5,1,1,1
-571d8cVauQ_5,15.273,16,4.8874,5.1928,5.0401,1,6,4,1,1,1
-571d8cVauQ_5,15.273,17,5.1928,5.4983,5.3456,1,6,5,1,1,1
-571d8cVauQ_5,15.273,18,5.4983,5.8037,5.651,1,7,5,1,1,1
-571d8cVauQ_5,15.273,19,5.8037,6.1092,5.9565,1,6,4,1,1,1
-571d8cVauQ_5,15.273,20,6.1092,6.4147,6.2619,1,6,5,1,1,1
-571d8cVauQ_5,15.273,21,6.4147,6.7201,6.5674,1,6,4,1,1,1
-571d8cVauQ_5,15.273,22,6.7201,7.0256,6.8729,1,6,5,1,1,1
-571d8cVauQ_5,15.273,23,7.0256,7.331,7.1783,1,6,4,1,1,1
-571d8cVauQ_5,15.273,24,7.331,7.6365,7.4838,1,6,5,1,1,1
-571d8cVauQ_5,15.273,25,7.6365,7.942,7.7892,1,6,5,1,1,1
-571d8cVauQ_5,15.273,26,7.942,8.2474,8.0947,1,6,4,1,1,1
-571d8cVauQ_5,15.273,27,8.2474,8.5529,8.4002,1,7,5,1,1,1
-571d8cVauQ_5,15.273,28,8.5529,8.8583,8.7056,1,6,4,1,1,1
-571d8cVauQ_5,15.273,29,8.8583,9.1638,9.0111,1,6,5,1,1,1
-571d8cVauQ_5,15.273,30,9.1638,9.4693,9.3165,1,6,5,1,1,1
-571d8cVauQ_5,15.273,31,9.4693,9.7747,9.622,1,6,4,1,1,1
-571d8cVauQ_5,15.273,32,9.7747,10.0802,9.9275,1,6,5,1,1,1
-571d8cVauQ_5,15.273,33,10.0802,10.3856,10.2329,1,6,4,1,1,1
-571d8cVauQ_5,15.273,34,10.3856,10.6911,10.5384,1,6,5,1,1,1
-571d8cVauQ_5,15.273,35,10.6911,10.9966,10.8438,1,6,4,1,1,1
-571d8cVauQ_5,15.273,36,10.9966,11.302,11.1493,1,7,5,1,1,1
-571d8cVauQ_5,15.273,37,11.302,11.6075,11.4548,1,6,5,1,1,1
-571d8cVauQ_5,15.273,38,11.6075,11.9129,11.7602,1,6,4,1,1,1
-571d8cVauQ_5,15.273,39,11.9129,12.2184,12.0657,1,6,5,1,1,1
-571d8cVauQ_5,15.273,40,12.2184,12.5239,12.3711,1,6,4,1,1,1
-571d8cVauQ_5,15.273,41,12.5239,12.8293,12.6766,1,6,5,1,1,1
-571d8cVauQ_5,15.273,42,12.8293,13.1348,12.9821,1,6,5,1,1,1
-571d8cVauQ_5,15.273,43,13.1348,13.4402,13.2875,1,6,4,1,1,1
-571d8cVauQ_5,15.273,44,13.4402,13.7457,13.593,1,6,5,1,1,1
-571d8cVauQ_5,15.273,45,13.7457,14.0512,13.8984,1,7,4,1,1,1
-571d8cVauQ_5,15.273,46,14.0512,14.3566,14.2039,1,6,5,1,1,1
-571d8cVauQ_5,15.273,47,14.3566,14.6621,14.5094,1,6,4,1,1,1
-571d8cVauQ_5,15.273,48,14.6621,14.9675,14.8148,1,6,5,1,1,1
-571d8cVauQ_5,15.273,49,14.9675,15.273,15.1203,1,3,3,1,1,1
-I_e4mIh0yE_1,7.622,0,0.0,0.1524,0.0762,0,4,3,0,1,1
-I_e4mIh0yE_1,7.622,1,0.1524,0.3049,0.2287,1,3,2,1,1,1
-I_e4mIh0yE_1,7.622,2,0.3049,0.4573,0.3811,0,3,2,0,1,1
-I_e4mIh0yE_1,7.622,3,0.4573,0.6098,0.5335,1,3,3,1,1,1
-I_e4mIh0yE_1,7.622,4,0.6098,0.7622,0.686,0,3,2,0,1,1
-I_e4mIh0yE_1,7.622,5,0.7622,0.9146,0.8384,0,3,2,0,1,1
-I_e4mIh0yE_1,7.622,6,0.9146,1.0671,0.9909,1,3,3,1,1,1
-I_e4mIh0yE_1,7.622,7,1.0671,1.2195,1.1433,0,3,2,0,1,1
-I_e4mIh0yE_1,7.622,8,1.2195,1.372,1.2957,1,3,2,1,1,1
-I_e4mIh0yE_1,7.622,9,1.372,1.5244,1.4482,0,3,2,0,1,1
-I_e4mIh0yE_1,7.622,10,1.5244,1.6768,1.6006,0,3,3,0,1,1
-I_e4mIh0yE_1,7.622,11,1.6768,1.8293,1.7531,1,3,2,1,1,1
-I_e4mIh0yE_1,7.622,12,1.8293,1.9817,1.9055,0,3,2,0,1,1
-I_e4mIh0yE_1,7.622,13,1.9817,2.1342,2.0579,1,3,3,1,1,1
-I_e4mIh0yE_1,7.622,14,2.1342,2.2866,2.2104,0,3,2,0,1,1
-I_e4mIh0yE_1,7.622,15,2.2866,2.439,2.3628,0,3,2,0,1,1
-I_e4mIh0yE_1,7.622,16,2.439,2.5915,2.5153,1,3,2,1,1,1
-I_e4mIh0yE_1,7.622,17,2.5915,2.7439,2.6677,0,3,3,0,1,1
-I_e4mIh0yE_1,7.622,18,2.7439,2.8964,2.8201,1,3,2,1,1,1
-I_e4mIh0yE_1,7.622,19,2.8964,3.0488,2.9726,0,3,2,0,1,1
-I_e4mIh0yE_1,7.622,20,3.0488,3.2012,3.125,0,4,3,0,1,1
-I_e4mIh0yE_1,7.622,21,3.2012,3.3537,3.2775,1,3,2,1,1,1
-I_e4mIh0yE_1,7.622,22,3.3537,3.5061,3.4299,0,3,2,0,1,1
-I_e4mIh0yE_1,7.622,23,3.5061,3.6586,3.5823,1,3,2,1,1,1
-I_e4mIh0yE_1,7.622,24,3.6586,3.811,3.7348,0,3,3,0,1,1
-I_e4mIh0yE_1,7.622,25,3.811,3.9634,3.8872,0,3,2,0,1,1
-I_e4mIh0yE_1,7.622,26,3.9634,4.1159,4.0397,1,3,2,1,1,1
-I_e4mIh0yE_1,7.622,27,4.1159,4.2683,4.1921,0,3,3,0,1,1
-I_e4mIh0yE_1,7.622,28,4.2683,4.4208,4.3445,1,3,2,1,1,1
-I_e4mIh0yE_1,7.622,29,4.4208,4.5732,4.497,0,3,2,0,1,1
-I_e4mIh0yE_1,7.622,30,4.5732,4.7256,4.6494,0,3,2,0,1,1
-I_e4mIh0yE_1,7.622,31,4.7256,4.8781,4.8019,1,3,3,1,1,1
-I_e4mIh0yE_1,7.622,32,4.8781,5.0305,4.9543,0,3,2,0,1,1
-I_e4mIh0yE_1,7.622,33,5.0305,5.183,5.1067,1,3,2,1,1,1
-I_e4mIh0yE_1,7.622,34,5.183,5.3354,5.2592,0,3,3,0,1,1
-I_e4mIh0yE_1,7.622,35,5.3354,5.4878,5.4116,0,3,2,0,1,1
-I_e4mIh0yE_1,7.622,36,5.4878,5.6403,5.5641,1,3,2,1,1,1
-I_e4mIh0yE_1,7.622,37,5.6403,5.7927,5.7165,0,3,2,0,1,1
-I_e4mIh0yE_1,7.622,38,5.7927,5.9452,5.8689,1,3,3,1,1,1
-I_e4mIh0yE_1,7.622,39,5.9452,6.0976,6.0214,0,3,2,0,1,1
-I_e4mIh0yE_1,7.622,40,6.0976,6.25,6.1738,0,4,2,0,1,1
-I_e4mIh0yE_1,7.622,41,6.25,6.4025,6.3263,1,3,3,1,1,1
-I_e4mIh0yE_1,7.622,42,6.4025,6.5549,6.4787,0,3,2,0,1,1
-I_e4mIh0yE_1,7.622,43,6.5549,6.7074,6.6311,1,3,2,1,1,1
-I_e4mIh0yE_1,7.622,44,6.7074,6.8598,6.7836,0,3,2,0,1,1
-I_e4mIh0yE_1,7.622,45,6.8598,7.0122,6.936,0,3,3,0,1,1
-I_e4mIh0yE_1,7.622,46,7.0122,7.1647,7.0885,1,3,2,1,1,1
-I_e4mIh0yE_1,7.622,47,7.1647,7.3171,7.2409,0,3,2,0,1,1
-I_e4mIh0yE_1,7.622,48,7.3171,7.4696,7.3933,1,2,2,1,1,1
-I_e4mIh0yE_1,7.622,49,7.4696,7.622,7.5458,0,0,1,0,0,1
-I_e4mIh0yE_3,9.163,0,0.0,0.1833,0.0916,1,4,3,1,1,1
-I_e4mIh0yE_3,9.163,1,0.1833,0.3665,0.2749,0,4,3,0,1,1
-I_e4mIh0yE_3,9.163,2,0.3665,0.5498,0.4582,1,3,3,1,1,1
-I_e4mIh0yE_3,9.163,3,0.5498,0.733,0.6414,0,4,2,0,1,1
-I_e4mIh0yE_3,9.163,4,0.733,0.9163,0.8247,1,4,3,1,1,1
-I_e4mIh0yE_3,9.163,5,0.9163,1.0996,1.0079,0,3,3,0,1,1
-I_e4mIh0yE_3,9.163,6,1.0996,1.2828,1.1912,1,4,3,1,1,1
-I_e4mIh0yE_3,9.163,7,1.2828,1.4661,1.3744,0,4,2,0,1,1
-I_e4mIh0yE_3,9.163,8,1.4661,1.6493,1.5577,1,3,3,1,1,1
-I_e4mIh0yE_3,9.163,9,1.6493,1.8326,1.741,0,4,3,0,1,1
-I_e4mIh0yE_3,9.163,10,1.8326,2.0159,1.9242,1,4,3,1,1,1
-I_e4mIh0yE_3,9.163,11,2.0159,2.1991,2.1075,0,3,2,0,1,1
-I_e4mIh0yE_3,9.163,12,2.1991,2.3824,2.2908,1,4,3,1,1,1
-I_e4mIh0yE_3,9.163,13,2.3824,2.5656,2.474,1,4,3,1,1,1
-I_e4mIh0yE_3,9.163,14,2.5656,2.7489,2.6573,0,3,3,0,1,1
-I_e4mIh0yE_3,9.163,15,2.7489,2.9322,2.8405,1,4,2,1,1,1
-I_e4mIh0yE_3,9.163,16,2.9322,3.1154,3.0238,0,4,3,0,1,1
-I_e4mIh0yE_3,9.163,17,3.1154,3.2987,3.2071,1,3,3,1,1,1
-I_e4mIh0yE_3,9.163,18,3.2987,3.4819,3.3903,0,4,3,0,1,1
-I_e4mIh0yE_3,9.163,19,3.4819,3.6652,3.5736,1,4,2,1,1,1
-I_e4mIh0yE_3,9.163,20,3.6652,3.8485,3.7568,0,3,3,0,1,1
-I_e4mIh0yE_3,9.163,21,3.8485,4.0317,3.9401,1,4,3,1,1,1
-I_e4mIh0yE_3,9.163,22,4.0317,4.215,4.1234,0,4,3,0,1,1
-I_e4mIh0yE_3,9.163,23,4.215,4.3982,4.3066,1,3,2,1,1,1
-I_e4mIh0yE_3,9.163,24,4.3982,4.5815,4.4899,0,4,3,0,1,1
-I_e4mIh0yE_3,9.163,25,4.5815,4.7648,4.6731,1,4,3,1,1,1
-I_e4mIh0yE_3,9.163,26,4.7648,4.948,4.8564,1,3,3,1,1,1
-I_e4mIh0yE_3,9.163,27,4.948,5.1313,5.0396,0,4,2,0,1,1
-I_e4mIh0yE_3,9.163,28,5.1313,5.3145,5.2229,1,4,3,1,1,1
-I_e4mIh0yE_3,9.163,29,5.3145,5.4978,5.4062,0,3,3,0,1,1
-I_e4mIh0yE_3,9.163,30,5.4978,5.6811,5.5894,1,4,3,1,1,1
-I_e4mIh0yE_3,9.163,31,5.6811,5.8643,5.7727,0,4,2,0,1,1
-I_e4mIh0yE_3,9.163,32,5.8643,6.0476,5.9559,1,3,3,1,1,1
-I_e4mIh0yE_3,9.163,33,6.0476,6.2308,6.1392,0,4,3,0,1,1
-I_e4mIh0yE_3,9.163,34,6.2308,6.4141,6.3225,1,4,3,1,1,1
-I_e4mIh0yE_3,9.163,35,6.4141,6.5974,6.5057,0,3,2,0,1,1
-I_e4mIh0yE_3,9.163,36,6.5974,6.7806,6.689,1,4,3,1,1,1
-I_e4mIh0yE_3,9.163,37,6.7806,6.9639,6.8723,1,4,3,1,1,1
-I_e4mIh0yE_3,9.163,38,6.9639,7.1471,7.0555,0,3,3,0,1,1
-I_e4mIh0yE_3,9.163,39,7.1471,7.3304,7.2388,1,4,2,1,1,1
-I_e4mIh0yE_3,9.163,40,7.3304,7.5137,7.422,0,4,3,0,1,1
-I_e4mIh0yE_3,9.163,41,7.5137,7.6969,7.6053,1,3,3,1,1,1
-I_e4mIh0yE_3,9.163,42,7.6969,7.8802,7.7886,0,4,3,0,1,1
-I_e4mIh0yE_3,9.163,43,7.8802,8.0634,7.9718,1,4,2,1,1,1
-I_e4mIh0yE_3,9.163,44,8.0634,8.2467,8.1551,0,3,3,0,1,1
-I_e4mIh0yE_3,9.163,45,8.2467,8.43,8.3383,1,4,3,1,1,1
-I_e4mIh0yE_3,9.163,46,8.43,8.6132,8.5216,0,4,3,0,1,1
-I_e4mIh0yE_3,9.163,47,8.6132,8.7965,8.7049,1,3,2,1,1,1
-I_e4mIh0yE_3,9.163,48,8.7965,8.9797,8.8881,0,4,3,0,1,1
-I_e4mIh0yE_3,9.163,49,8.9797,9.163,9.0714,1,0,1,1,0,1
-UacrmKiTn4_10,7.362,0,0.0,0.1472,0.0736,0,3,3,0,1,1
-UacrmKiTn4_10,7.362,1,0.1472,0.2945,0.2209,1,3,2,1,1,1
-UacrmKiTn4_10,7.362,2,0.2945,0.4417,0.3681,0,3,2,0,1,1
-UacrmKiTn4_10,7.362,3,0.4417,0.589,0.5153,1,3,2,1,1,1
-UacrmKiTn4_10,7.362,4,0.589,0.7362,0.6626,0,3,3,0,1,1
-UacrmKiTn4_10,7.362,5,0.7362,0.8834,0.8098,1,3,2,1,1,1
-UacrmKiTn4_10,7.362,6,0.8834,1.0307,0.9571,0,3,2,0,1,1
-UacrmKiTn4_10,7.362,7,1.0307,1.1779,1.1043,0,3,2,0,1,1
-UacrmKiTn4_10,7.362,8,1.1779,1.3252,1.2515,1,3,2,1,1,1
-UacrmKiTn4_10,7.362,9,1.3252,1.4724,1.3988,0,3,3,0,1,1
-UacrmKiTn4_10,7.362,10,1.4724,1.6196,1.546,1,3,2,1,1,1
-UacrmKiTn4_10,7.362,11,1.6196,1.7669,1.6933,0,3,2,0,1,1
-UacrmKiTn4_10,7.362,12,1.7669,1.9141,1.8405,0,3,2,0,1,1
-UacrmKiTn4_10,7.362,13,1.9141,2.0614,1.9877,1,3,2,1,1,1
-UacrmKiTn4_10,7.362,14,2.0614,2.2086,2.135,0,3,3,0,1,1
-UacrmKiTn4_10,7.362,15,2.2086,2.3558,2.2822,1,3,2,1,1,1
-UacrmKiTn4_10,7.362,16,2.3558,2.5031,2.4295,0,3,2,0,1,1
-UacrmKiTn4_10,7.362,17,2.5031,2.6503,2.5767,1,3,2,1,1,1
-UacrmKiTn4_10,7.362,18,2.6503,2.7976,2.7239,0,2,2,0,1,1
-UacrmKiTn4_10,7.362,19,2.7976,2.9448,2.8712,0,3,3,0,1,1
-UacrmKiTn4_10,7.362,20,2.9448,3.092,3.0184,1,3,2,1,1,1
-UacrmKiTn4_10,7.362,21,3.092,3.2393,3.1657,0,3,2,0,1,1
-UacrmKiTn4_10,7.362,22,3.2393,3.3865,3.3129,1,3,2,1,1,1
-UacrmKiTn4_10,7.362,23,3.3865,3.5338,3.4601,0,3,3,0,1,1
-UacrmKiTn4_10,7.362,24,3.5338,3.681,3.6074,1,3,2,1,1,1
-UacrmKiTn4_10,7.362,25,3.681,3.8282,3.7546,0,3,2,0,1,1
-UacrmKiTn4_10,7.362,26,3.8282,3.9755,3.9019,0,3,2,0,1,1
-UacrmKiTn4_10,7.362,27,3.9755,4.1227,4.0491,1,3,2,1,1,1
-UacrmKiTn4_10,7.362,28,4.1227,4.27,4.1963,0,3,3,0,1,1
-UacrmKiTn4_10,7.362,29,4.27,4.4172,4.3436,1,3,2,1,1,1
-UacrmKiTn4_10,7.362,30,4.4172,4.5644,4.4908,0,3,2,0,1,1
-UacrmKiTn4_10,7.362,31,4.5644,4.7117,4.6381,0,3,2,0,1,1
-UacrmKiTn4_10,7.362,32,4.7117,4.8589,4.7853,1,3,2,1,1,1
-UacrmKiTn4_10,7.362,33,4.8589,5.0062,4.9325,0,3,3,0,1,1
-UacrmKiTn4_10,7.362,34,5.0062,5.1534,5.0798,1,3,2,1,1,1
-UacrmKiTn4_10,7.362,35,5.1534,5.3006,5.227,0,3,2,0,1,1
-UacrmKiTn4_10,7.362,36,5.3006,5.4479,5.3743,1,2,2,1,1,1
-UacrmKiTn4_10,7.362,37,5.4479,5.5951,5.5215,0,3,2,0,1,1
-UacrmKiTn4_10,7.362,38,5.5951,5.7424,5.6687,0,3,3,0,1,1
-UacrmKiTn4_10,7.362,39,5.7424,5.8896,5.816,1,3,2,1,1,1
-UacrmKiTn4_10,7.362,40,5.8896,6.0368,5.9632,0,3,2,0,1,1
-UacrmKiTn4_10,7.362,41,6.0368,6.1841,6.1105,1,3,2,1,1,1
-UacrmKiTn4_10,7.362,42,6.1841,6.3313,6.2577,0,3,2,0,1,1
-UacrmKiTn4_10,7.362,43,6.3313,6.4786,6.4049,0,3,3,0,1,1
-UacrmKiTn4_10,7.362,44,6.4786,6.6258,6.5522,1,3,2,1,1,1
-UacrmKiTn4_10,7.362,45,6.6258,6.773,6.6994,0,3,2,0,1,1
-UacrmKiTn4_10,7.362,46,6.773,6.9203,6.8467,1,3,2,1,1,1
-UacrmKiTn4_10,7.362,47,6.9203,7.0675,6.9939,0,3,3,0,1,1
-UacrmKiTn4_10,7.362,48,7.0675,7.2148,7.1411,1,3,1,1,1,1
-UacrmKiTn4_10,7.362,49,7.2148,7.362,7.2884,0,0,2,0,0,1
-UacrmKiTn4_4,4.741,0,0.0,0.0948,0.0474,0,2,2,0,1,1
-UacrmKiTn4_4,4.741,1,0.0948,0.1896,0.1422,1,2,1,1,1,1
-UacrmKiTn4_4,4.741,2,0.1896,0.2845,0.237,0,2,2,0,1,1
-UacrmKiTn4_4,4.741,3,0.2845,0.3793,0.3319,0,2,1,0,1,1
-UacrmKiTn4_4,4.741,4,0.3793,0.4741,0.4267,0,2,2,0,1,1
-UacrmKiTn4_4,4.741,5,0.4741,0.5689,0.5215,1,2,1,1,1,1
-UacrmKiTn4_4,4.741,6,0.5689,0.6637,0.6163,0,2,1,0,1,1
-UacrmKiTn4_4,4.741,7,0.6637,0.7586,0.7111,0,2,2,0,1,1
-UacrmKiTn4_4,4.741,8,0.7586,0.8534,0.806,1,2,1,1,1,1
-UacrmKiTn4_4,4.741,9,0.8534,0.9482,0.9008,0,1,2,0,1,1
-UacrmKiTn4_4,4.741,10,0.9482,1.043,0.9956,0,2,1,0,1,1
-UacrmKiTn4_4,4.741,11,1.043,1.1378,1.0904,1,2,2,1,1,1
-UacrmKiTn4_4,4.741,12,1.1378,1.2327,1.1852,0,2,1,0,1,1
-UacrmKiTn4_4,4.741,13,1.2327,1.3275,1.2801,0,2,1,0,1,1
-UacrmKiTn4_4,4.741,14,1.3275,1.4223,1.3749,0,2,2,0,1,1
-UacrmKiTn4_4,4.741,15,1.4223,1.5171,1.4697,1,2,1,1,1,1
-UacrmKiTn4_4,4.741,16,1.5171,1.6119,1.5645,0,2,2,0,1,1
-UacrmKiTn4_4,4.741,17,1.6119,1.7068,1.6593,0,2,1,0,1,1
-UacrmKiTn4_4,4.741,18,1.7068,1.8016,1.7542,1,2,2,1,1,1
-UacrmKiTn4_4,4.741,19,1.8016,1.8964,1.849,0,1,1,0,1,1
-UacrmKiTn4_4,4.741,20,1.8964,1.9912,1.9438,0,2,1,0,1,1
-UacrmKiTn4_4,4.741,21,1.9912,2.086,2.0386,1,2,2,1,1,1
-UacrmKiTn4_4,4.741,22,2.086,2.1809,2.1334,0,2,1,0,1,1
-UacrmKiTn4_4,4.741,23,2.1809,2.2757,2.2283,0,2,2,0,1,1
-UacrmKiTn4_4,4.741,24,2.2757,2.3705,2.3231,0,2,1,0,1,1
-UacrmKiTn4_4,4.741,25,2.3705,2.4653,2.4179,1,2,1,1,1,1
-UacrmKiTn4_4,4.741,26,2.4653,2.5601,2.5127,0,2,2,0,1,1
-UacrmKiTn4_4,4.741,27,2.5601,2.655,2.6075,0,2,1,0,1,1
-UacrmKiTn4_4,4.741,28,2.655,2.7498,2.7024,1,1,2,1,1,1
-UacrmKiTn4_4,4.741,29,2.7498,2.8446,2.7972,0,2,1,0,1,1
-UacrmKiTn4_4,4.741,30,2.8446,2.9394,2.892,0,2,2,0,1,1
-UacrmKiTn4_4,4.741,31,2.9394,3.0342,2.9868,1,2,1,1,1,1
-UacrmKiTn4_4,4.741,32,3.0342,3.1291,3.0816,0,2,1,0,1,1
-UacrmKiTn4_4,4.741,33,3.1291,3.2239,3.1765,0,2,2,0,1,1
-UacrmKiTn4_4,4.741,34,3.2239,3.3187,3.2713,0,2,1,0,1,1
-UacrmKiTn4_4,4.741,35,3.3187,3.4135,3.3661,1,2,2,1,1,1
-UacrmKiTn4_4,4.741,36,3.4135,3.5083,3.4609,0,2,1,0,1,1
-UacrmKiTn4_4,4.741,37,3.5083,3.6032,3.5557,0,2,2,0,1,1
-UacrmKiTn4_4,4.741,38,3.6032,3.698,3.6506,1,1,1,1,1,1
-UacrmKiTn4_4,4.741,39,3.698,3.7928,3.7454,0,2,1,0,1,1
-UacrmKiTn4_4,4.741,40,3.7928,3.8876,3.8402,0,2,2,0,1,1
-UacrmKiTn4_4,4.741,41,3.8876,3.9824,3.935,1,2,1,1,1,1
-UacrmKiTn4_4,4.741,42,3.9824,4.0773,4.0298,0,2,2,0,1,1
-UacrmKiTn4_4,4.741,43,4.0773,4.1721,4.1247,0,2,1,0,1,1
-UacrmKiTn4_4,4.741,44,4.1721,4.2669,4.2195,0,2,2,0,1,1
-UacrmKiTn4_4,4.741,45,4.2669,4.3617,4.3143,1,2,1,1,1,1
-UacrmKiTn4_4,4.741,46,4.3617,4.4565,4.4091,0,2,1,0,1,1
-UacrmKiTn4_4,4.741,47,4.4565,4.5514,4.5039,0,2,2,0,1,1
-UacrmKiTn4_4,4.741,48,4.5514,4.6462,4.5988,1,1,1,1,1,1
-UacrmKiTn4_4,4.741,49,4.6462,4.741,4.6936,0,1,1,0,1,1
-hnBHBN8p5A_7,7.372,0,0.0,0.1474,0.0737,0,3,2,0,1,1
-hnBHBN8p5A_7,7.372,1,0.1474,0.2949,0.2212,1,3,3,1,1,1
-hnBHBN8p5A_7,7.372,2,0.2949,0.4423,0.3686,0,3,2,0,1,1
-hnBHBN8p5A_7,7.372,3,0.4423,0.5898,0.516,0,3,2,0,1,1
-hnBHBN8p5A_7,7.372,4,0.5898,0.7372,0.6635,1,3,2,1,1,1
-hnBHBN8p5A_7,7.372,5,0.7372,0.8846,0.8109,0,3,3,0,1,1
-hnBHBN8p5A_7,7.372,6,0.8846,1.0321,0.9584,0,3,2,0,1,1
-hnBHBN8p5A_7,7.372,7,1.0321,1.1795,1.1058,1,3,2,1,1,1
-hnBHBN8p5A_7,7.372,8,1.1795,1.327,1.2532,0,3,2,0,1,1
-hnBHBN8p5A_7,7.372,9,1.327,1.4744,1.4007,0,3,2,0,1,1
-hnBHBN8p5A_7,7.372,10,1.4744,1.6218,1.5481,1,3,2,1,1,1
-hnBHBN8p5A_7,7.372,11,1.6218,1.7693,1.6956,0,3,3,0,1,1
-hnBHBN8p5A_7,7.372,12,1.7693,1.9167,1.843,0,3,2,0,1,1
-hnBHBN8p5A_7,7.372,13,1.9167,2.0642,1.9904,0,3,2,0,1,1
-hnBHBN8p5A_7,7.372,14,2.0642,2.2116,2.1379,1,3,3,1,1,1
-hnBHBN8p5A_7,7.372,15,2.2116,2.359,2.2853,0,3,2,0,1,1
-hnBHBN8p5A_7,7.372,16,2.359,2.5065,2.4328,0,3,2,0,1,1
-hnBHBN8p5A_7,7.372,17,2.5065,2.6539,2.5802,1,3,2,1,1,1
-hnBHBN8p5A_7,7.372,18,2.6539,2.8014,2.7276,0,3,2,0,1,1
-hnBHBN8p5A_7,7.372,19,2.8014,2.9488,2.8751,0,2,2,0,1,1
-hnBHBN8p5A_7,7.372,20,2.9488,3.0962,3.0225,1,3,3,1,1,1
-hnBHBN8p5A_7,7.372,21,3.0962,3.2437,3.17,0,3,2,0,1,1
-hnBHBN8p5A_7,7.372,22,3.2437,3.3911,3.3174,0,3,2,0,1,1
-hnBHBN8p5A_7,7.372,23,3.3911,3.5386,3.4648,1,3,2,1,1,1
-hnBHBN8p5A_7,7.372,24,3.5386,3.686,3.6123,0,3,3,0,1,1
-hnBHBN8p5A_7,7.372,25,3.686,3.8334,3.7597,0,3,1,0,1,1
-hnBHBN8p5A_7,7.372,26,3.8334,3.9809,3.9072,1,3,3,1,1,1
-hnBHBN8p5A_7,7.372,27,3.9809,4.1283,4.0546,0,3,2,0,1,1
-hnBHBN8p5A_7,7.372,28,4.1283,4.2758,4.202,0,3,2,0,1,1
-hnBHBN8p5A_7,7.372,29,4.2758,4.4232,4.3495,1,3,3,1,1,1
-hnBHBN8p5A_7,7.372,30,4.4232,4.5706,4.4969,0,3,2,0,1,1
-hnBHBN8p5A_7,7.372,31,4.5706,4.7181,4.6444,0,3,2,0,1,1
-hnBHBN8p5A_7,7.372,32,4.7181,4.8655,4.7918,1,3,2,1,1,1
-hnBHBN8p5A_7,7.372,33,4.8655,5.013,4.9392,0,3,3,0,1,1
-hnBHBN8p5A_7,7.372,34,5.013,5.1604,5.0867,0,3,1,0,1,1
-hnBHBN8p5A_7,7.372,35,5.1604,5.3078,5.2341,1,3,3,1,1,1
-hnBHBN8p5A_7,7.372,36,5.3078,5.4553,5.3816,0,3,2,0,1,1
-hnBHBN8p5A_7,7.372,37,5.4553,5.6027,5.529,0,3,2,0,1,1
-hnBHBN8p5A_7,7.372,38,5.6027,5.7502,5.6764,0,3,2,0,1,1
-hnBHBN8p5A_7,7.372,39,5.7502,5.8976,5.8239,1,2,3,1,1,1
-hnBHBN8p5A_7,7.372,40,5.8976,6.045,5.9713,0,3,2,0,1,1
-hnBHBN8p5A_7,7.372,41,6.045,6.1925,6.1188,0,3,2,0,1,1
-hnBHBN8p5A_7,7.372,42,6.1925,6.3399,6.2662,1,3,3,1,1,1
-hnBHBN8p5A_7,7.372,43,6.3399,6.4874,6.4136,0,3,1,0,1,1
-hnBHBN8p5A_7,7.372,44,6.4874,6.6348,6.5611,0,3,3,0,1,1
-hnBHBN8p5A_7,7.372,45,6.6348,6.7822,6.7085,1,3,2,1,1,1
-hnBHBN8p5A_7,7.372,46,6.7822,6.9297,6.856,0,3,2,0,1,1
-hnBHBN8p5A_7,7.372,47,6.9297,7.0771,7.0034,0,3,2,0,1,1
-hnBHBN8p5A_7,7.372,48,7.0771,7.2246,7.1508,1,3,3,1,1,1
-hnBHBN8p5A_7,7.372,49,7.2246,7.372,7.2983,0,2,1,0,1,1
-hnBHBN8p5A_6,6.401,0,0.0,0.128,0.064,0,3,2,0,1,1
-hnBHBN8p5A_6,6.401,1,0.128,0.256,0.192,1,3,2,1,1,1
-hnBHBN8p5A_6,6.401,2,0.256,0.3841,0.32,0,2,2,0,1,1
-hnBHBN8p5A_6,6.401,3,0.3841,0.5121,0.4481,0,3,2,0,1,1
-hnBHBN8p5A_6,6.401,4,0.5121,0.6401,0.5761,0,2,2,0,1,1
-hnBHBN8p5A_6,6.401,5,0.6401,0.7681,0.7041,1,3,2,1,1,1
-hnBHBN8p5A_6,6.401,6,0.7681,0.8961,0.8321,0,2,2,0,1,1
-hnBHBN8p5A_6,6.401,7,0.8961,1.0242,0.9601,0,3,2,0,1,1
-hnBHBN8p5A_6,6.401,8,1.0242,1.1522,1.0882,1,3,1,1,1,1
-hnBHBN8p5A_6,6.401,9,1.1522,1.2802,1.2162,0,2,2,0,1,1
-hnBHBN8p5A_6,6.401,10,1.2802,1.4082,1.3442,0,3,2,0,1,1
-hnBHBN8p5A_6,6.401,11,1.4082,1.5362,1.4722,0,2,2,0,1,1
-hnBHBN8p5A_6,6.401,12,1.5362,1.6643,1.6002,1,3,2,1,1,1
-hnBHBN8p5A_6,6.401,13,1.6643,1.7923,1.7283,0,2,2,0,1,1
-hnBHBN8p5A_6,6.401,14,1.7923,1.9203,1.8563,0,3,2,0,1,1
-hnBHBN8p5A_6,6.401,15,1.9203,2.0483,1.9843,0,2,2,0,1,1
-hnBHBN8p5A_6,6.401,16,2.0483,2.1763,2.1123,1,3,2,1,1,1
-hnBHBN8p5A_6,6.401,17,2.1763,2.3044,2.2403,0,3,2,0,1,1
-hnBHBN8p5A_6,6.401,18,2.3044,2.4324,2.3684,0,2,2,0,1,1
-hnBHBN8p5A_6,6.401,19,2.4324,2.5604,2.4964,1,3,2,1,1,1
-hnBHBN8p5A_6,6.401,20,2.5604,2.6884,2.6244,0,2,2,0,1,1
-hnBHBN8p5A_6,6.401,21,2.6884,2.8164,2.7524,0,3,1,0,1,1
-hnBHBN8p5A_6,6.401,22,2.8164,2.9445,2.8804,0,2,2,0,1,1
-hnBHBN8p5A_6,6.401,23,2.9445,3.0725,3.0085,1,3,2,1,1,1
-hnBHBN8p5A_6,6.401,24,3.0725,3.2005,3.1365,0,3,2,0,1,1
-hnBHBN8p5A_6,6.401,25,3.2005,3.3285,3.2645,0,2,2,0,1,1
-hnBHBN8p5A_6,6.401,26,3.3285,3.4565,3.3925,1,3,2,1,1,1
-hnBHBN8p5A_6,6.401,27,3.4565,3.5846,3.5206,0,2,2,0,1,1
-hnBHBN8p5A_6,6.401,28,3.5846,3.7126,3.6486,0,3,2,0,1,1
-hnBHBN8p5A_6,6.401,29,3.7126,3.8406,3.7766,0,2,2,0,1,1
-hnBHBN8p5A_6,6.401,30,3.8406,3.9686,3.9046,1,3,2,1,1,1
-hnBHBN8p5A_6,6.401,31,3.9686,4.0966,4.0326,0,2,2,0,1,1
-hnBHBN8p5A_6,6.401,32,4.0966,4.2247,4.1607,0,3,2,0,1,1
-hnBHBN8p5A_6,6.401,33,4.2247,4.3527,4.2887,1,3,2,1,1,1
-hnBHBN8p5A_6,6.401,34,4.3527,4.4807,4.4167,0,2,1,0,1,1
-hnBHBN8p5A_6,6.401,35,4.4807,4.6087,4.5447,0,3,2,0,1,1
-hnBHBN8p5A_6,6.401,36,4.6087,4.7367,4.6727,0,2,2,0,1,1
-hnBHBN8p5A_6,6.401,37,4.7367,4.8648,4.8007,1,3,2,1,1,1
-hnBHBN8p5A_6,6.401,38,4.8648,4.9928,4.9288,0,2,2,0,1,1
-hnBHBN8p5A_6,6.401,39,4.9928,5.1208,5.0568,0,3,2,0,1,1
-hnBHBN8p5A_6,6.401,40,5.1208,5.2488,5.1848,0,2,2,0,1,1
-hnBHBN8p5A_6,6.401,41,5.2488,5.3768,5.3128,1,3,2,1,1,1
-hnBHBN8p5A_6,6.401,42,5.3768,5.5049,5.4408,0,3,1,0,1,1
-hnBHBN8p5A_6,6.401,43,5.5049,5.6329,5.5689,0,2,3,0,1,1
-hnBHBN8p5A_6,6.401,44,5.6329,5.7609,5.6969,1,3,2,1,1,1
-hnBHBN8p5A_6,6.401,45,5.7609,5.8889,5.8249,0,2,2,0,1,1
-hnBHBN8p5A_6,6.401,46,5.8889,6.0169,5.9529,0,3,2,0,1,1
-hnBHBN8p5A_6,6.401,47,6.0169,6.145,6.0809,0,2,1,0,1,1
-hnBHBN8p5A_6,6.401,48,6.145,6.273,6.209,1,3,2,1,1,1
-hnBHBN8p5A_6,6.401,49,6.273,6.401,6.337,0,1,2,0,1,1
-qDkUB0GgYY_6,4.678,0,0.0,0.0936,0.0468,0,2,2,0,1,1
-qDkUB0GgYY_6,4.678,1,0.0936,0.1871,0.1403,1,2,1,1,1,1
-qDkUB0GgYY_6,4.678,2,0.1871,0.2807,0.2339,0,2,2,0,1,1
-qDkUB0GgYY_6,4.678,3,0.2807,0.3742,0.3275,0,2,1,0,1,1
-qDkUB0GgYY_6,4.678,4,0.3742,0.4678,0.421,1,2,2,1,1,1
-qDkUB0GgYY_6,4.678,5,0.4678,0.5614,0.5146,0,2,1,0,1,1
-qDkUB0GgYY_6,4.678,6,0.5614,0.6549,0.6081,1,2,1,1,1,1
-qDkUB0GgYY_6,4.678,7,0.6549,0.7485,0.7017,0,1,2,0,1,1
-qDkUB0GgYY_6,4.678,8,0.7485,0.842,0.7953,0,2,1,0,1,1
-qDkUB0GgYY_6,4.678,9,0.842,0.9356,0.8888,1,2,2,1,1,1
-qDkUB0GgYY_6,4.678,10,0.9356,1.0292,0.9824,0,2,1,0,1,1
-qDkUB0GgYY_6,4.678,11,1.0292,1.1227,1.0759,0,2,1,0,1,1
-qDkUB0GgYY_6,4.678,12,1.1227,1.2163,1.1695,1,2,2,1,1,1
-qDkUB0GgYY_6,4.678,13,1.2163,1.3098,1.2631,0,2,1,0,1,1
-qDkUB0GgYY_6,4.678,14,1.3098,1.4034,1.3566,0,2,2,0,1,1
-qDkUB0GgYY_6,4.678,15,1.4034,1.497,1.4502,1,1,1,1,1,1
-qDkUB0GgYY_6,4.678,16,1.497,1.5905,1.5437,0,2,1,0,1,1
-qDkUB0GgYY_6,4.678,17,1.5905,1.6841,1.6373,0,2,2,0,1,1
-qDkUB0GgYY_6,4.678,18,1.6841,1.7776,1.7309,1,2,1,1,1,1
-qDkUB0GgYY_6,4.678,19,1.7776,1.8712,1.8244,0,2,2,0,1,1
-qDkUB0GgYY_6,4.678,20,1.8712,1.9648,1.918,1,2,1,1,1,1
-qDkUB0GgYY_6,4.678,21,1.9648,2.0583,2.0115,0,2,1,0,1,1
-qDkUB0GgYY_6,4.678,22,2.0583,2.1519,2.1051,0,2,2,0,1,1
-qDkUB0GgYY_6,4.678,23,2.1519,2.2454,2.1987,1,1,1,1,1,1
-qDkUB0GgYY_6,4.678,24,2.2454,2.339,2.2922,0,2,2,0,1,1
-qDkUB0GgYY_6,4.678,25,2.339,2.4326,2.3858,0,2,1,0,1,1
-qDkUB0GgYY_6,4.678,26,2.4326,2.5261,2.4793,1,2,1,1,1,1
-qDkUB0GgYY_6,4.678,27,2.5261,2.6197,2.5729,0,2,2,0,1,1
-qDkUB0GgYY_6,4.678,28,2.6197,2.7132,2.6665,0,2,1,0,1,1
-qDkUB0GgYY_6,4.678,29,2.7132,2.8068,2.76,1,2,2,1,1,1
-qDkUB0GgYY_6,4.678,30,2.8068,2.9004,2.8536,0,2,1,0,1,1
-qDkUB0GgYY_6,4.678,31,2.9004,2.9939,2.9471,1,1,1,1,1,1
-qDkUB0GgYY_6,4.678,32,2.9939,3.0875,3.0407,0,2,2,0,1,1
-qDkUB0GgYY_6,4.678,33,3.0875,3.181,3.1343,0,2,1,0,1,1
-qDkUB0GgYY_6,4.678,34,3.181,3.2746,3.2278,1,2,2,1,1,1
-qDkUB0GgYY_6,4.678,35,3.2746,3.3682,3.3214,0,2,1,0,1,1
-qDkUB0GgYY_6,4.678,36,3.3682,3.4617,3.4149,0,2,1,0,1,1
-qDkUB0GgYY_6,4.678,37,3.4617,3.5553,3.5085,1,2,2,1,1,1
-qDkUB0GgYY_6,4.678,38,3.5553,3.6488,3.6021,0,1,1,0,1,1
-qDkUB0GgYY_6,4.678,39,3.6488,3.7424,3.6956,0,2,2,0,1,1
-qDkUB0GgYY_6,4.678,40,3.7424,3.836,3.7892,1,2,1,1,1,1
-qDkUB0GgYY_6,4.678,41,3.836,3.9295,3.8827,0,2,1,0,1,1
-qDkUB0GgYY_6,4.678,42,3.9295,4.0231,3.9763,0,2,2,0,1,1
-qDkUB0GgYY_6,4.678,43,4.0231,4.1166,4.0699,1,2,1,1,1,1
-qDkUB0GgYY_6,4.678,44,4.1166,4.2102,4.1634,0,2,2,0,1,1
-qDkUB0GgYY_6,4.678,45,4.2102,4.3038,4.257,1,2,1,1,1,1
-qDkUB0GgYY_6,4.678,46,4.3038,4.3973,4.3505,0,1,1,0,1,1
-qDkUB0GgYY_6,4.678,47,4.3973,4.4909,4.4441,0,2,2,0,1,1
-qDkUB0GgYY_6,4.678,48,4.4909,4.5844,4.5377,1,2,1,1,1,1
-qDkUB0GgYY_6,4.678,49,4.5844,4.678,4.6312,0,1,1,0,1,1
-uywlfIYOS8_4,6.045,0,0.0,0.1209,0.0604,0,3,2,0,1,1
-uywlfIYOS8_4,6.045,1,0.1209,0.2418,0.1813,1,2,2,1,1,1
-uywlfIYOS8_4,6.045,2,0.2418,0.3627,0.3022,0,3,2,0,1,1
-uywlfIYOS8_4,6.045,3,0.3627,0.4836,0.4231,1,2,2,1,1,1
-uywlfIYOS8_4,6.045,4,0.4836,0.6045,0.544,0,3,2,0,1,1
-uywlfIYOS8_4,6.045,5,0.6045,0.7254,0.6649,1,2,1,1,1,1
-uywlfIYOS8_4,6.045,6,0.7254,0.8463,0.7858,0,2,2,0,1,1
-uywlfIYOS8_4,6.045,7,0.8463,0.9672,0.9067,0,3,2,0,1,1
-uywlfIYOS8_4,6.045,8,0.9672,1.0881,1.0276,1,2,2,1,1,1
-uywlfIYOS8_4,6.045,9,1.0881,1.209,1.1485,0,3,2,0,1,1
-uywlfIYOS8_4,6.045,10,1.209,1.3299,1.2694,1,2,1,1,1,1
-uywlfIYOS8_4,6.045,11,1.3299,1.4508,1.3903,0,3,2,0,1,1
-uywlfIYOS8_4,6.045,12,1.4508,1.5717,1.5112,0,2,2,0,1,1
-uywlfIYOS8_4,6.045,13,1.5717,1.6926,1.6321,1,2,2,1,1,1
-uywlfIYOS8_4,6.045,14,1.6926,1.8135,1.753,0,3,2,0,1,1
-uywlfIYOS8_4,6.045,15,1.8135,1.9344,1.8739,1,2,2,1,1,1
-uywlfIYOS8_4,6.045,16,1.9344,2.0553,1.9949,0,3,1,0,1,1
-uywlfIYOS8_4,6.045,17,2.0553,2.1762,2.1157,1,2,2,1,1,1
-uywlfIYOS8_4,6.045,18,2.1762,2.2971,2.2367,0,2,2,0,1,1
-uywlfIYOS8_4,6.045,19,2.2971,2.418,2.3575,0,3,2,0,1,1
-uywlfIYOS8_4,6.045,20,2.418,2.5389,2.4784,1,2,2,1,1,1
-uywlfIYOS8_4,6.045,21,2.5389,2.6598,2.5993,0,3,1,0,1,1
-uywlfIYOS8_4,6.045,22,2.6598,2.7807,2.7203,1,2,2,1,1,1
-uywlfIYOS8_4,6.045,23,2.7807,2.9016,2.8411,0,3,2,0,1,1
-uywlfIYOS8_4,6.045,24,2.9016,3.0225,2.962,1,2,2,1,1,1
-uywlfIYOS8_4,6.045,25,3.0225,3.1434,3.0829,0,2,2,0,1,1
-uywlfIYOS8_4,6.045,26,3.1434,3.2643,3.2039,0,3,1,0,1,1
-uywlfIYOS8_4,6.045,27,3.2643,3.3852,3.3247,1,2,2,1,1,1
-uywlfIYOS8_4,6.045,28,3.3852,3.5061,3.4456,0,3,2,0,1,1
-uywlfIYOS8_4,6.045,29,3.5061,3.627,3.5665,1,2,2,1,1,1
-uywlfIYOS8_4,6.045,30,3.627,3.7479,3.6875,0,2,2,0,1,1
-uywlfIYOS8_4,6.045,31,3.7479,3.8688,3.8083,0,3,2,0,1,1
-uywlfIYOS8_4,6.045,32,3.8688,3.9897,3.9292,1,2,1,1,1,1
-uywlfIYOS8_4,6.045,33,3.9897,4.1106,4.0501,0,3,2,0,1,1
-uywlfIYOS8_4,6.045,34,4.1106,4.2315,4.171,1,2,2,1,1,1
-uywlfIYOS8_4,6.045,35,4.2315,4.3524,4.2919,0,3,2,0,1,1
-uywlfIYOS8_4,6.045,36,4.3524,4.4733,4.4128,1,2,2,1,1,1
-uywlfIYOS8_4,6.045,37,4.4733,4.5942,4.5337,0,2,1,0,1,1
-uywlfIYOS8_4,6.045,38,4.5942,4.7151,4.6547,0,3,2,0,1,1
-uywlfIYOS8_4,6.045,39,4.7151,4.836,4.7755,1,2,2,1,1,1
-uywlfIYOS8_4,6.045,40,4.836,4.9569,4.8964,0,3,2,0,1,1
-uywlfIYOS8_4,6.045,41,4.9569,5.0778,5.0174,1,2,2,1,1,1
-uywlfIYOS8_4,6.045,42,5.0778,5.1987,5.1382,0,2,1,0,1,1
-uywlfIYOS8_4,6.045,43,5.1987,5.3196,5.2591,0,3,2,0,1,1
-uywlfIYOS8_4,6.045,44,5.3196,5.4405,5.38,1,2,2,1,1,1
-uywlfIYOS8_4,6.045,45,5.4405,5.5614,5.5009,0,3,2,0,1,1
-uywlfIYOS8_4,6.045,46,5.5614,5.6823,5.6219,1,2,2,1,1,1
-uywlfIYOS8_4,6.045,47,5.6823,5.8032,5.7427,0,3,2,0,1,1
-uywlfIYOS8_4,6.045,48,5.8032,5.9241,5.8636,1,1,1,1,1,1
-uywlfIYOS8_4,6.045,49,5.9241,6.045,5.9845,0,0,2,0,0,1
-6rXp3zJ3kc_8,12.805,0,0.0,0.2561,0.128,1,6,4,1,1,1
-6rXp3zJ3kc_8,12.805,1,0.2561,0.5122,0.3841,0,5,4,0,1,1
-6rXp3zJ3kc_8,12.805,2,0.5122,0.7683,0.6402,1,5,4,1,1,1
-6rXp3zJ3kc_8,12.805,3,0.7683,1.0244,0.8963,1,5,4,1,1,1
-6rXp3zJ3kc_8,12.805,4,1.0244,1.2805,1.1524,1,5,4,1,1,1
-6rXp3zJ3kc_8,12.805,5,1.2805,1.5366,1.4085,0,5,4,0,1,1
-6rXp3zJ3kc_8,12.805,6,1.5366,1.7927,1.6646,1,5,3,1,1,1
-6rXp3zJ3kc_8,12.805,7,1.7927,2.0488,1.9207,1,5,4,1,1,1
-6rXp3zJ3kc_8,12.805,8,2.0488,2.3049,2.1768,0,6,4,0,1,1
-6rXp3zJ3kc_8,12.805,9,2.3049,2.561,2.4329,1,5,4,1,1,1
-6rXp3zJ3kc_8,12.805,10,2.561,2.8171,2.689,1,5,4,1,1,1
-6rXp3zJ3kc_8,12.805,11,2.8171,3.0732,2.9451,1,5,4,1,1,1
-6rXp3zJ3kc_8,12.805,12,3.0732,3.3293,3.2012,0,5,3,0,1,1
-6rXp3zJ3kc_8,12.805,13,3.3293,3.5854,3.4573,1,5,4,1,1,1
-6rXp3zJ3kc_8,12.805,14,3.5854,3.8415,3.7134,1,5,4,1,1,1
-6rXp3zJ3kc_8,12.805,15,3.8415,4.0976,3.9695,1,5,4,1,1,1
-6rXp3zJ3kc_8,12.805,16,4.0976,4.3537,4.2256,0,6,4,0,1,1
-6rXp3zJ3kc_8,12.805,17,4.3537,4.6098,4.4817,1,5,4,1,1,1
-6rXp3zJ3kc_8,12.805,18,4.6098,4.8659,4.7378,1,5,3,1,1,1
-6rXp3zJ3kc_8,12.805,19,4.8659,5.122,4.9939,0,5,4,0,1,1
-6rXp3zJ3kc_8,12.805,20,5.122,5.3781,5.25,1,5,4,1,1,1
-6rXp3zJ3kc_8,12.805,21,5.3781,5.6342,5.5061,1,5,4,1,1,1
-6rXp3zJ3kc_8,12.805,22,5.6342,5.8903,5.7622,1,5,4,1,1,1
-6rXp3zJ3kc_8,12.805,23,5.8903,6.1464,6.0183,0,5,4,0,1,1
-6rXp3zJ3kc_8,12.805,24,6.1464,6.4025,6.2744,1,6,4,1,1,1
-6rXp3zJ3kc_8,12.805,25,6.4025,6.6586,6.5305,1,5,3,1,1,1
-6rXp3zJ3kc_8,12.805,26,6.6586,6.9147,6.7866,0,5,4,0,1,1
-6rXp3zJ3kc_8,12.805,27,6.9147,7.1708,7.0427,1,5,4,1,1,1
-6rXp3zJ3kc_8,12.805,28,7.1708,7.4269,7.2988,1,5,4,1,1,1
-6rXp3zJ3kc_8,12.805,29,7.4269,7.683,7.5549,1,5,4,1,1,1
-6rXp3zJ3kc_8,12.805,30,7.683,7.9391,7.811,0,5,4,0,1,1
-6rXp3zJ3kc_8,12.805,31,7.9391,8.1952,8.0671,1,5,3,1,1,1
-6rXp3zJ3kc_8,12.805,32,8.1952,8.4513,8.3232,1,6,4,1,1,1
-6rXp3zJ3kc_8,12.805,33,8.4513,8.7074,8.5793,0,5,4,0,1,1
-6rXp3zJ3kc_8,12.805,34,8.7074,8.9635,8.8354,1,5,4,1,1,1
-6rXp3zJ3kc_8,12.805,35,8.9635,9.2196,9.0915,1,5,4,1,1,1
-6rXp3zJ3kc_8,12.805,36,9.2196,9.4757,9.3476,1,5,4,1,1,1
-6rXp3zJ3kc_8,12.805,37,9.4757,9.7318,9.6037,0,5,3,0,1,1
-6rXp3zJ3kc_8,12.805,38,9.7318,9.9879,9.8598,1,5,4,1,1,1
-6rXp3zJ3kc_8,12.805,39,9.9879,10.244,10.1159,1,5,4,1,1,1
-6rXp3zJ3kc_8,12.805,40,10.244,10.5001,10.372,1,6,4,1,1,1
-6rXp3zJ3kc_8,12.805,41,10.5001,10.7562,10.6281,0,5,4,0,1,1
-6rXp3zJ3kc_8,12.805,42,10.7562,11.0123,10.8842,1,5,4,1,1,1
-6rXp3zJ3kc_8,12.805,43,11.0123,11.2684,11.1403,1,5,4,1,1,1
-6rXp3zJ3kc_8,12.805,44,11.2684,11.5245,11.3964,0,5,3,0,1,1
-6rXp3zJ3kc_8,12.805,45,11.5245,11.7806,11.6525,1,5,4,1,1,1
-6rXp3zJ3kc_8,12.805,46,11.7806,12.0367,11.9086,1,5,4,1,1,1
-6rXp3zJ3kc_8,12.805,47,12.0367,12.2928,12.1647,1,5,4,1,1,1
-6rXp3zJ3kc_8,12.805,48,12.2928,12.5489,12.4208,0,5,4,0,1,1
-6rXp3zJ3kc_8,12.805,49,12.5489,12.805,12.6769,1,4,3,1,1,1
-9y-fZ3swSY_0,6.8333,0,0.0,0.1367,0.0683,1,3,3,1,1,1
-9y-fZ3swSY_0,6.8333,1,0.1367,0.2733,0.205,0,3,2,0,1,1
-9y-fZ3swSY_0,6.8333,2,0.2733,0.41,0.3417,1,3,2,1,1,1
-9y-fZ3swSY_0,6.8333,3,0.41,0.5467,0.4783,0,2,2,0,1,1
-9y-fZ3swSY_0,6.8333,4,0.5467,0.6833,0.615,1,3,2,1,1,1
-9y-fZ3swSY_0,6.8333,5,0.6833,0.82,0.7517,0,3,2,0,1,1
-9y-fZ3swSY_0,6.8333,6,0.82,0.9567,0.8883,1,3,2,1,1,1
-9y-fZ3swSY_0,6.8333,7,0.9567,1.0933,1.025,0,2,2,0,1,1
-9y-fZ3swSY_0,6.8333,8,1.0933,1.23,1.1617,1,3,2,1,1,1
-9y-fZ3swSY_0,6.8333,9,1.23,1.3667,1.2983,0,3,2,0,1,1
-9y-fZ3swSY_0,6.8333,10,1.3667,1.5033,1.435,1,3,2,1,1,1
-9y-fZ3swSY_0,6.8333,11,1.5033,1.64,1.5717,0,2,2,0,1,1
-9y-fZ3swSY_0,6.8333,12,1.64,1.7767,1.7083,1,3,2,1,1,1
-9y-fZ3swSY_0,6.8333,13,1.7767,1.9133,1.845,1,3,2,1,1,1
-9y-fZ3swSY_0,6.8333,14,1.9133,2.05,1.9817,0,2,2,0,1,1
-9y-fZ3swSY_0,6.8333,15,2.05,2.1867,2.1183,1,3,2,1,1,1
-9y-fZ3swSY_0,6.8333,16,2.1867,2.3233,2.255,0,3,2,0,1,1
-9y-fZ3swSY_0,6.8333,17,2.3233,2.46,2.3917,1,3,2,1,1,1
-9y-fZ3swSY_0,6.8333,18,2.46,2.5967,2.5283,0,2,2,0,1,1
-9y-fZ3swSY_0,6.8333,19,2.5967,2.7333,2.665,1,3,2,1,1,1
-9y-fZ3swSY_0,6.8333,20,2.7333,2.87,2.8017,0,3,3,0,1,1
-9y-fZ3swSY_0,6.8333,21,2.87,3.0067,2.9383,1,3,2,1,1,1
-9y-fZ3swSY_0,6.8333,22,3.0067,3.1433,3.075,0,2,2,0,1,1
-9y-fZ3swSY_0,6.8333,23,3.1433,3.28,3.2117,1,3,2,1,1,1
-9y-fZ3swSY_0,6.8333,24,3.28,3.4167,3.3483,0,3,2,0,1,1
-9y-fZ3swSY_0,6.8333,25,3.4167,3.5533,3.485,1,3,2,1,1,1
-9y-fZ3swSY_0,6.8333,26,3.5533,3.69,3.6216,1,2,2,1,1,1
-9y-fZ3swSY_0,6.8333,27,3.69,3.8266,3.7583,0,3,2,0,1,1
-9y-fZ3swSY_0,6.8333,28,3.8266,3.9633,3.895,1,3,2,1,1,1
-9y-fZ3swSY_0,6.8333,29,3.9633,4.1,4.0316,0,2,2,0,1,1
-9y-fZ3swSY_0,6.8333,30,4.1,4.2366,4.1683,1,3,2,1,1,1
-9y-fZ3swSY_0,6.8333,31,4.2366,4.3733,4.305,0,3,2,0,1,1
-9y-fZ3swSY_0,6.8333,32,4.3733,4.51,4.4416,1,3,2,1,1,1
-9y-fZ3swSY_0,6.8333,33,4.51,4.6466,4.5783,0,2,2,0,1,1
-9y-fZ3swSY_0,6.8333,34,4.6466,4.7833,4.715,1,3,2,1,1,1
-9y-fZ3swSY_0,6.8333,35,4.7833,4.92,4.8516,0,3,2,0,1,1
-9y-fZ3swSY_0,6.8333,36,4.92,5.0566,4.9883,1,3,2,1,1,1
-9y-fZ3swSY_0,6.8333,37,5.0566,5.1933,5.125,1,2,2,1,1,1
-9y-fZ3swSY_0,6.8333,38,5.1933,5.33,5.2616,0,3,2,0,1,1
-9y-fZ3swSY_0,6.8333,39,5.33,5.4666,5.3983,1,3,2,1,1,1
-9y-fZ3swSY_0,6.8333,40,5.4666,5.6033,5.535,0,3,3,0,1,1
-9y-fZ3swSY_0,6.8333,41,5.6033,5.74,5.6716,1,2,2,1,1,1
-9y-fZ3swSY_0,6.8333,42,5.74,5.8766,5.8083,0,3,2,0,1,1
-9y-fZ3swSY_0,6.8333,43,5.8766,6.0133,5.945,1,3,2,1,1,1
-9y-fZ3swSY_0,6.8333,44,6.0133,6.15,6.0816,0,2,2,0,1,1
-9y-fZ3swSY_0,6.8333,45,6.15,6.2866,6.2183,1,3,2,1,1,1
-9y-fZ3swSY_0,6.8333,46,6.2866,6.4233,6.355,0,3,2,0,1,1
-9y-fZ3swSY_0,6.8333,47,6.4233,6.56,6.4916,1,3,2,1,1,1
-9y-fZ3swSY_0,6.8333,48,6.56,6.6966,6.6283,0,2,2,0,1,1
-9y-fZ3swSY_0,6.8333,49,6.6966,6.8333,6.765,1,2,3,1,1,1
-9y-fZ3swSY_4,2.821,0,0.0,0.0564,0.0282,0,2,1,0,1,1
-9y-fZ3swSY_4,2.821,1,0.0564,0.1128,0.0846,0,1,1,0,1,1
-9y-fZ3swSY_4,2.821,2,0.1128,0.1693,0.1411,1,1,1,1,1,1
-9y-fZ3swSY_4,2.821,3,0.1693,0.2257,0.1975,0,1,1,0,1,1
-9y-fZ3swSY_4,2.821,4,0.2257,0.2821,0.2539,0,1,1,0,1,1
-9y-fZ3swSY_4,2.821,5,0.2821,0.3385,0.3103,0,1,1,0,1,1
-9y-fZ3swSY_4,2.821,6,0.3385,0.3949,0.3667,0,1,0,0,1,0
-9y-fZ3swSY_4,2.821,7,0.3949,0.4514,0.4232,1,2,1,1,1,1
-9y-fZ3swSY_4,2.821,8,0.4514,0.5078,0.4796,0,1,1,0,1,1
-9y-fZ3swSY_4,2.821,9,0.5078,0.5642,0.536,0,1,1,0,1,1
-9y-fZ3swSY_4,2.821,10,0.5642,0.6206,0.5924,0,1,1,0,1,1
-9y-fZ3swSY_4,2.821,11,0.6206,0.677,0.6488,0,1,1,0,1,1
-9y-fZ3swSY_4,2.821,12,0.677,0.7335,0.7053,1,1,1,1,1,1
-9y-fZ3swSY_4,2.821,13,0.7335,0.7899,0.7617,0,1,0,0,1,0
-9y-fZ3swSY_4,2.821,14,0.7899,0.8463,0.8181,0,1,1,0,1,1
-9y-fZ3swSY_4,2.821,15,0.8463,0.9027,0.8745,0,2,1,0,1,1
-9y-fZ3swSY_4,2.821,16,0.9027,0.9591,0.9309,0,1,1,0,1,1
-9y-fZ3swSY_4,2.821,17,0.9591,1.0156,0.9874,1,1,1,1,1,1
-9y-fZ3swSY_4,2.821,18,1.0156,1.072,1.0438,0,1,1,0,1,1
-9y-fZ3swSY_4,2.821,19,1.072,1.1284,1.1002,0,1,0,0,1,0
-9y-fZ3swSY_4,2.821,20,1.1284,1.1848,1.1566,0,1,1,0,1,1
-9y-fZ3swSY_4,2.821,21,1.1848,1.2412,1.213,0,1,1,0,1,1
-9y-fZ3swSY_4,2.821,22,1.2412,1.2977,1.2694,1,1,1,1,1,1
-9y-fZ3swSY_4,2.821,23,1.2977,1.3541,1.3259,0,2,1,0,1,1
-9y-fZ3swSY_4,2.821,24,1.3541,1.4105,1.3823,0,1,1,0,1,1
-9y-fZ3swSY_4,2.821,25,1.4105,1.4669,1.4387,0,1,1,0,1,1
-9y-fZ3swSY_4,2.821,26,1.4669,1.5233,1.4951,0,1,0,0,1,0
-9y-fZ3swSY_4,2.821,27,1.5233,1.5798,1.5516,1,1,1,1,1,1
-9y-fZ3swSY_4,2.821,28,1.5798,1.6362,1.608,0,1,1,0,1,1
-9y-fZ3swSY_4,2.821,29,1.6362,1.6926,1.6644,0,1,1,0,1,1
-9y-fZ3swSY_4,2.821,30,1.6926,1.749,1.7208,0,1,1,0,1,1
-9y-fZ3swSY_4,2.821,31,1.749,1.8054,1.7772,0,2,1,0,1,1
-9y-fZ3swSY_4,2.821,32,1.8054,1.8619,1.8337,1,1,0,1,1,0
-9y-fZ3swSY_4,2.821,33,1.8619,1.9183,1.8901,0,1,1,0,1,1
-9y-fZ3swSY_4,2.821,34,1.9183,1.9747,1.9465,0,1,1,0,1,1
-9y-fZ3swSY_4,2.821,35,1.9747,2.0311,2.0029,0,1,1,0,1,1
-9y-fZ3swSY_4,2.821,36,2.0311,2.0875,2.0593,0,1,1,0,1,1
-9y-fZ3swSY_4,2.821,37,2.0875,2.144,2.1158,1,1,1,1,1,1
-9y-fZ3swSY_4,2.821,38,2.144,2.2004,2.1722,0,2,1,0,1,1
-9y-fZ3swSY_4,2.821,39,2.2004,2.2568,2.2286,0,1,0,0,1,0
-9y-fZ3swSY_4,2.821,40,2.2568,2.3132,2.285,0,1,1,0,1,1
-9y-fZ3swSY_4,2.821,41,2.3132,2.3696,2.3414,0,1,1,0,1,1
-9y-fZ3swSY_4,2.821,42,2.3696,2.4261,2.3979,1,1,1,1,1,1
-9y-fZ3swSY_4,2.821,43,2.4261,2.4825,2.4543,0,1,1,0,1,1
-9y-fZ3swSY_4,2.821,44,2.4825,2.5389,2.5107,0,1,1,0,1,1
-9y-fZ3swSY_4,2.821,45,2.5389,2.5953,2.5671,0,1,0,0,1,0
-9y-fZ3swSY_4,2.821,46,2.5953,2.6517,2.6235,0,2,1,0,1,1
-9y-fZ3swSY_4,2.821,47,2.6517,2.7082,2.68,1,0,0,1,0,0
-9y-fZ3swSY_4,2.821,48,2.7082,2.7646,2.7364,0,0,0,0,0,0
-9y-fZ3swSY_4,2.821,49,2.7646,2.821,2.7928,0,0,1,0,0,1
-9y-fZ3swSY_8,4.989,0,0.0,0.0998,0.0499,0,2,2,0,1,1
-9y-fZ3swSY_8,4.989,1,0.0998,0.1996,0.1497,1,2,1,1,1,1
-9y-fZ3swSY_8,4.989,2,0.1996,0.2993,0.2495,0,2,2,0,1,1
-9y-fZ3swSY_8,4.989,3,0.2993,0.3991,0.3492,0,2,1,0,1,1
-9y-fZ3swSY_8,4.989,4,0.3991,0.4989,0.449,0,2,2,0,1,1
-9y-fZ3swSY_8,4.989,5,0.4989,0.5987,0.5488,1,2,1,1,1,1
-9y-fZ3swSY_8,4.989,6,0.5987,0.6985,0.6486,0,2,2,0,1,1
-9y-fZ3swSY_8,4.989,7,0.6985,0.7982,0.7483,0,2,1,0,1,1
-9y-fZ3swSY_8,4.989,8,0.7982,0.898,0.8481,0,2,2,0,1,1
-9y-fZ3swSY_8,4.989,9,0.898,0.9978,0.9479,1,2,1,1,1,1
-9y-fZ3swSY_8,4.989,10,0.9978,1.0976,1.0477,0,2,2,0,1,1
-9y-fZ3swSY_8,4.989,11,1.0976,1.1974,1.1475,0,2,1,0,1,1
-9y-fZ3swSY_8,4.989,12,1.1974,1.2971,1.2472,0,2,2,0,1,1
-9y-fZ3swSY_8,4.989,13,1.2971,1.3969,1.347,1,2,1,1,1,1
-9y-fZ3swSY_8,4.989,14,1.3969,1.4967,1.4468,0,2,2,0,1,1
-9y-fZ3swSY_8,4.989,15,1.4967,1.5965,1.5466,0,2,1,0,1,1
-9y-fZ3swSY_8,4.989,16,1.5965,1.6963,1.6464,0,2,2,0,1,1
-9y-fZ3swSY_8,4.989,17,1.6963,1.796,1.7461,1,2,1,1,1,1
-9y-fZ3swSY_8,4.989,18,1.796,1.8958,1.8459,0,2,2,0,1,1
-9y-fZ3swSY_8,4.989,19,1.8958,1.9956,1.9457,0,2,1,0,1,1
-9y-fZ3swSY_8,4.989,20,1.9956,2.0954,2.0455,0,2,2,0,1,1
-9y-fZ3swSY_8,4.989,21,2.0954,2.1952,2.1453,1,2,1,1,1,1
-9y-fZ3swSY_8,4.989,22,2.1952,2.2949,2.245,0,2,2,0,1,1
-9y-fZ3swSY_8,4.989,23,2.2949,2.3947,2.3448,0,2,1,0,1,1
-9y-fZ3swSY_8,4.989,24,2.3947,2.4945,2.4446,1,2,2,1,1,1
-9y-fZ3swSY_8,4.989,25,2.4945,2.5943,2.5444,0,2,1,0,1,1
-9y-fZ3swSY_8,4.989,26,2.5943,2.6941,2.6442,0,2,2,0,1,1
-9y-fZ3swSY_8,4.989,27,2.6941,2.7938,2.7439,0,2,1,0,1,1
-9y-fZ3swSY_8,4.989,28,2.7938,2.8936,2.8437,1,2,2,1,1,1
-9y-fZ3swSY_8,4.989,29,2.8936,2.9934,2.9435,0,2,1,0,1,1
-9y-fZ3swSY_8,4.989,30,2.9934,3.0932,3.0433,0,2,2,0,1,1
-9y-fZ3swSY_8,4.989,31,3.0932,3.193,3.1431,0,2,1,0,1,1
-9y-fZ3swSY_8,4.989,32,3.193,3.2927,3.2428,1,2,2,1,1,1
-9y-fZ3swSY_8,4.989,33,3.2927,3.3925,3.3426,0,2,1,0,1,1
-9y-fZ3swSY_8,4.989,34,3.3925,3.4923,3.4424,0,2,2,0,1,1
-9y-fZ3swSY_8,4.989,35,3.4923,3.5921,3.5422,0,2,1,0,1,1
-9y-fZ3swSY_8,4.989,36,3.5921,3.6919,3.642,1,2,2,1,1,1
-9y-fZ3swSY_8,4.989,37,3.6919,3.7916,3.7417,0,2,1,0,1,1
-9y-fZ3swSY_8,4.989,38,3.7916,3.8914,3.8415,0,2,2,0,1,1
-9y-fZ3swSY_8,4.989,39,3.8914,3.9912,3.9413,0,2,1,0,1,1
-9y-fZ3swSY_8,4.989,40,3.9912,4.091,4.0411,1,2,2,1,1,1
-9y-fZ3swSY_8,4.989,41,4.091,4.1908,4.1409,0,2,1,0,1,1
-9y-fZ3swSY_8,4.989,42,4.1908,4.2905,4.2407,0,2,2,0,1,1
-9y-fZ3swSY_8,4.989,43,4.2905,4.3903,4.3404,0,2,1,0,1,1
-9y-fZ3swSY_8,4.989,44,4.3903,4.4901,4.4402,1,2,2,1,1,1
-9y-fZ3swSY_8,4.989,45,4.4901,4.5899,4.54,0,2,1,0,1,1
-9y-fZ3swSY_8,4.989,46,4.5899,4.6897,4.6398,0,2,2,0,1,1
-9y-fZ3swSY_8,4.989,47,4.6897,4.7894,4.7395,0,2,1,0,1,1
-9y-fZ3swSY_8,4.989,48,4.7894,4.8892,4.8393,1,2,2,1,1,1
-9y-fZ3swSY_8,4.989,49,4.8892,4.989,4.9391,0,1,1,0,1,1
-AUZQgSxyPQ_2,22.511,0,0.0,0.4502,0.2251,1,10,7,1,1,1
-AUZQgSxyPQ_2,22.511,1,0.4502,0.9004,0.6753,1,9,7,1,1,1
-AUZQgSxyPQ_2,22.511,2,0.9004,1.3507,1.1256,1,9,7,1,1,1
-AUZQgSxyPQ_2,22.511,3,1.3507,1.8009,1.5758,1,9,7,1,1,1
-AUZQgSxyPQ_2,22.511,4,1.8009,2.2511,2.026,1,9,6,1,1,1
-AUZQgSxyPQ_2,22.511,5,2.2511,2.7013,2.4762,1,9,7,1,1,1
-AUZQgSxyPQ_2,22.511,6,2.7013,3.1515,2.9264,0,9,7,0,1,1
-AUZQgSxyPQ_2,22.511,7,3.1515,3.6018,3.3767,1,9,7,1,1,1
-AUZQgSxyPQ_2,22.511,8,3.6018,4.052,3.8269,1,9,6,1,1,1
-AUZQgSxyPQ_2,22.511,9,4.052,4.5022,4.2771,1,9,7,1,1,1
-AUZQgSxyPQ_2,22.511,10,4.5022,4.9524,4.7273,1,9,7,1,1,1
-AUZQgSxyPQ_2,22.511,11,4.9524,5.4026,5.1775,1,9,7,1,1,1
-AUZQgSxyPQ_2,22.511,12,5.4026,5.8529,5.6277,1,9,6,1,1,1
-AUZQgSxyPQ_2,22.511,13,5.8529,6.3031,6.078,1,9,7,1,1,1
-AUZQgSxyPQ_2,22.511,14,6.3031,6.7533,6.5282,1,9,7,1,1,1
-AUZQgSxyPQ_2,22.511,15,6.7533,7.2035,6.9784,1,9,7,1,1,1
-AUZQgSxyPQ_2,22.511,16,7.2035,7.6537,7.4286,1,9,6,1,1,1
-AUZQgSxyPQ_2,22.511,17,7.6537,8.104,7.8788,1,9,7,1,1,1
-AUZQgSxyPQ_2,22.511,18,8.104,8.5542,8.3291,0,9,7,0,1,1
-AUZQgSxyPQ_2,22.511,19,8.5542,9.0044,8.7793,1,9,7,1,1,1
-AUZQgSxyPQ_2,22.511,20,9.0044,9.4546,9.2295,1,9,6,1,1,1
-AUZQgSxyPQ_2,22.511,21,9.4546,9.9048,9.6797,1,9,7,1,1,1
-AUZQgSxyPQ_2,22.511,22,9.9048,10.3551,10.13,1,9,7,1,1,1
-AUZQgSxyPQ_2,22.511,23,10.3551,10.8053,10.5802,1,9,7,1,1,1
-AUZQgSxyPQ_2,22.511,24,10.8053,11.2555,11.0304,1,9,6,1,1,1
-AUZQgSxyPQ_2,22.511,25,11.2555,11.7057,11.4806,1,9,7,1,1,1
-AUZQgSxyPQ_2,22.511,26,11.7057,12.1559,11.9308,1,9,7,1,1,1
-AUZQgSxyPQ_2,22.511,27,12.1559,12.6062,12.3811,1,9,7,1,1,1
-AUZQgSxyPQ_2,22.511,28,12.6062,13.0564,12.8313,1,9,6,1,1,1
-AUZQgSxyPQ_2,22.511,29,13.0564,13.5066,13.2815,1,9,7,1,1,1
-AUZQgSxyPQ_2,22.511,30,13.5066,13.9568,13.7317,1,9,7,1,1,1
-AUZQgSxyPQ_2,22.511,31,13.9568,14.407,14.1819,0,9,7,0,1,1
-AUZQgSxyPQ_2,22.511,32,14.407,14.8573,14.6321,1,9,6,1,1,1
-AUZQgSxyPQ_2,22.511,33,14.8573,15.3075,15.0824,1,9,7,1,1,1
-AUZQgSxyPQ_2,22.511,34,15.3075,15.7577,15.5326,1,9,7,1,1,1
-AUZQgSxyPQ_2,22.511,35,15.7577,16.2079,15.9828,1,9,7,1,1,1
-AUZQgSxyPQ_2,22.511,36,16.2079,16.6581,16.433,1,9,6,1,1,1
-AUZQgSxyPQ_2,22.511,37,16.6581,17.1084,16.8833,1,9,7,1,1,1
-AUZQgSxyPQ_2,22.511,38,17.1084,17.5586,17.3335,1,9,7,1,1,1
-AUZQgSxyPQ_2,22.511,39,17.5586,18.0088,17.7837,1,9,7,1,1,1
-AUZQgSxyPQ_2,22.511,40,18.0088,18.459,18.2339,1,9,6,1,1,1
-AUZQgSxyPQ_2,22.511,41,18.459,18.9092,18.6841,1,9,7,1,1,1
-AUZQgSxyPQ_2,22.511,42,18.9092,19.3595,19.1344,1,9,7,1,1,1
-AUZQgSxyPQ_2,22.511,43,19.3595,19.8097,19.5846,0,9,7,0,1,1
-AUZQgSxyPQ_2,22.511,44,19.8097,20.2599,20.0348,1,9,6,1,1,1
-AUZQgSxyPQ_2,22.511,45,20.2599,20.7101,20.485,1,9,7,1,1,1
-AUZQgSxyPQ_2,22.511,46,20.7101,21.1603,20.9352,1,9,7,1,1,1
-AUZQgSxyPQ_2,22.511,47,21.1603,21.6106,21.3854,1,9,7,1,1,1
-AUZQgSxyPQ_2,22.511,48,21.6106,22.0608,21.8357,1,9,6,1,1,1
-AUZQgSxyPQ_2,22.511,49,22.0608,22.511,22.2859,1,7,7,1,1,1
-HeZS2-Prhc_2,8.262,0,0.0,0.1652,0.0826,0,4,3,0,1,1
-HeZS2-Prhc_2,8.262,1,0.1652,0.3305,0.2479,1,3,2,1,1,1
-HeZS2-Prhc_2,8.262,2,0.3305,0.4957,0.4131,0,3,3,0,1,1
-HeZS2-Prhc_2,8.262,3,0.4957,0.661,0.5783,0,4,2,0,1,1
-HeZS2-Prhc_2,8.262,4,0.661,0.8262,0.7436,1,3,3,1,1,1
-HeZS2-Prhc_2,8.262,5,0.8262,0.9914,0.9088,0,3,2,0,1,1
-HeZS2-Prhc_2,8.262,6,0.9914,1.1567,1.0741,0,4,3,0,1,1
-HeZS2-Prhc_2,8.262,7,1.1567,1.3219,1.2393,1,3,2,1,1,1
-HeZS2-Prhc_2,8.262,8,1.3219,1.4872,1.4045,0,3,3,0,1,1
-HeZS2-Prhc_2,8.262,9,1.4872,1.6524,1.5698,0,4,2,0,1,1
-HeZS2-Prhc_2,8.262,10,1.6524,1.8176,1.735,1,3,3,1,1,1
-HeZS2-Prhc_2,8.262,11,1.8176,1.9829,1.9003,0,3,2,0,1,1
-HeZS2-Prhc_2,8.262,12,1.9829,2.1481,2.0655,0,3,3,0,1,1
-HeZS2-Prhc_2,8.262,13,2.1481,2.3134,2.2307,1,4,2,1,1,1
-HeZS2-Prhc_2,8.262,14,2.3134,2.4786,2.396,0,3,3,0,1,1
-HeZS2-Prhc_2,8.262,15,2.4786,2.6438,2.5612,0,3,2,0,1,1
-HeZS2-Prhc_2,8.262,16,2.6438,2.8091,2.7265,1,4,3,1,1,1
-HeZS2-Prhc_2,8.262,17,2.8091,2.9743,2.8917,0,3,2,0,1,1
-HeZS2-Prhc_2,8.262,18,2.9743,3.1396,3.0569,0,3,3,0,1,1
-HeZS2-Prhc_2,8.262,19,3.1396,3.3048,3.2222,1,4,2,1,1,1
-HeZS2-Prhc_2,8.262,20,3.3048,3.47,3.3874,0,3,3,0,1,1
-HeZS2-Prhc_2,8.262,21,3.47,3.6353,3.5527,0,3,2,0,1,1
-HeZS2-Prhc_2,8.262,22,3.6353,3.8005,3.7179,1,4,3,1,1,1
-HeZS2-Prhc_2,8.262,23,3.8005,3.9658,3.8831,0,3,2,0,1,1
-HeZS2-Prhc_2,8.262,24,3.9658,4.131,4.0484,1,3,2,1,1,1
-HeZS2-Prhc_2,8.262,25,4.131,4.2962,4.2136,0,3,3,0,1,1
-HeZS2-Prhc_2,8.262,26,4.2962,4.4615,4.3789,0,4,2,0,1,1
-HeZS2-Prhc_2,8.262,27,4.4615,4.6267,4.5441,1,3,3,1,1,1
-HeZS2-Prhc_2,8.262,28,4.6267,4.792,4.7093,0,3,2,0,1,1
-HeZS2-Prhc_2,8.262,29,4.792,4.9572,4.8746,0,4,3,0,1,1
-HeZS2-Prhc_2,8.262,30,4.9572,5.1224,5.0398,1,3,2,1,1,1
-HeZS2-Prhc_2,8.262,31,5.1224,5.2877,5.2051,0,3,3,0,1,1
-HeZS2-Prhc_2,8.262,32,5.2877,5.4529,5.3703,0,4,2,0,1,1
-HeZS2-Prhc_2,8.262,33,5.4529,5.6182,5.5355,1,3,3,1,1,1
-HeZS2-Prhc_2,8.262,34,5.6182,5.7834,5.7008,0,3,2,0,1,1
-HeZS2-Prhc_2,8.262,35,5.7834,5.9486,5.866,0,3,3,0,1,1
-HeZS2-Prhc_2,8.262,36,5.9486,6.1139,6.0313,1,4,2,1,1,1
-HeZS2-Prhc_2,8.262,37,6.1139,6.2791,6.1965,0,3,3,0,1,1
-HeZS2-Prhc_2,8.262,38,6.2791,6.4444,6.3617,0,3,2,0,1,1
-HeZS2-Prhc_2,8.262,39,6.4444,6.6096,6.527,1,4,3,1,1,1
-HeZS2-Prhc_2,8.262,40,6.6096,6.7748,6.6922,0,3,2,0,1,1
-HeZS2-Prhc_2,8.262,41,6.7748,6.9401,6.8575,0,3,3,0,1,1
-HeZS2-Prhc_2,8.262,42,6.9401,7.1053,7.0227,1,4,2,1,1,1
-HeZS2-Prhc_2,8.262,43,7.1053,7.2706,7.1879,0,3,3,0,1,1
-HeZS2-Prhc_2,8.262,44,7.2706,7.4358,7.3532,0,3,2,0,1,1
-HeZS2-Prhc_2,8.262,45,7.4358,7.601,7.5184,1,4,3,1,1,1
-HeZS2-Prhc_2,8.262,46,7.601,7.7663,7.6837,0,3,2,0,1,1
-HeZS2-Prhc_2,8.262,47,7.7663,7.9315,7.8489,0,3,2,0,1,1
-HeZS2-Prhc_2,8.262,48,7.9315,8.0968,8.0141,1,3,3,1,1,1
-HeZS2-Prhc_2,8.262,49,8.0968,8.262,8.1794,0,2,2,0,1,1
-MeTTeMJBNc_0,9.3,0,0.0,0.186,0.093,0,4,3,0,1,1
-MeTTeMJBNc_0,9.3,1,0.186,0.372,0.279,1,4,3,1,1,1
-MeTTeMJBNc_0,9.3,2,0.372,0.558,0.465,0,4,3,0,1,1
-MeTTeMJBNc_0,9.3,3,0.558,0.744,0.651,1,3,3,1,1,1
-MeTTeMJBNc_0,9.3,4,0.744,0.93,0.837,0,4,2,0,1,1
-MeTTeMJBNc_0,9.3,5,0.93,1.116,1.023,1,4,3,1,1,1
-MeTTeMJBNc_0,9.3,6,1.116,1.302,1.209,0,4,3,0,1,1
-MeTTeMJBNc_0,9.3,7,1.302,1.488,1.395,1,3,3,1,1,1
-MeTTeMJBNc_0,9.3,8,1.488,1.674,1.581,0,4,3,0,1,1
-MeTTeMJBNc_0,9.3,9,1.674,1.86,1.767,1,4,2,1,1,1
-MeTTeMJBNc_0,9.3,10,1.86,2.046,1.953,0,3,3,0,1,1
-MeTTeMJBNc_0,9.3,11,2.046,2.232,2.139,1,4,3,1,1,1
-MeTTeMJBNc_0,9.3,12,2.232,2.418,2.325,1,4,3,1,1,1
-MeTTeMJBNc_0,9.3,13,2.418,2.604,2.511,0,4,3,0,1,1
-MeTTeMJBNc_0,9.3,14,2.604,2.79,2.697,1,3,2,1,1,1
-MeTTeMJBNc_0,9.3,15,2.79,2.976,2.883,0,4,3,0,1,1
-MeTTeMJBNc_0,9.3,16,2.976,3.162,3.069,1,4,3,1,1,1
-MeTTeMJBNc_0,9.3,17,3.162,3.348,3.255,0,3,3,0,1,1
-MeTTeMJBNc_0,9.3,18,3.348,3.534,3.441,1,4,3,1,1,1
-MeTTeMJBNc_0,9.3,19,3.534,3.72,3.627,0,4,2,0,1,1
-MeTTeMJBNc_0,9.3,20,3.72,3.906,3.813,1,4,3,1,1,1
-MeTTeMJBNc_0,9.3,21,3.906,4.092,3.999,0,3,3,0,1,1
-MeTTeMJBNc_0,9.3,22,4.092,4.278,4.185,1,4,3,1,1,1
-MeTTeMJBNc_0,9.3,23,4.278,4.464,4.371,0,4,2,0,1,1
-MeTTeMJBNc_0,9.3,24,4.464,4.65,4.557,0,3,3,0,1,1
-MeTTeMJBNc_0,9.3,25,4.65,4.836,4.743,1,4,3,1,1,1
-MeTTeMJBNc_0,9.3,26,4.836,5.022,4.929,1,4,3,1,1,1
-MeTTeMJBNc_0,9.3,27,5.022,5.208,5.115,0,4,3,0,1,1
-MeTTeMJBNc_0,9.3,28,5.208,5.394,5.301,0,3,2,0,1,1
-MeTTeMJBNc_0,9.3,29,5.394,5.58,5.487,1,4,3,1,1,1
-MeTTeMJBNc_0,9.3,30,5.58,5.766,5.673,1,4,3,1,1,1
-MeTTeMJBNc_0,9.3,31,5.766,5.952,5.859,0,4,3,0,1,1
-MeTTeMJBNc_0,9.3,32,5.952,6.138,6.045,0,3,3,0,1,1
-MeTTeMJBNc_0,9.3,33,6.138,6.324,6.231,1,4,2,1,1,1
-MeTTeMJBNc_0,9.3,34,6.324,6.51,6.417,0,4,3,0,1,1
-MeTTeMJBNc_0,9.3,35,6.51,6.696,6.603,1,3,3,1,1,1
-MeTTeMJBNc_0,9.3,36,6.696,6.882,6.789,1,4,3,1,1,1
-MeTTeMJBNc_0,9.3,37,6.882,7.068,6.975,0,4,3,0,1,1
-MeTTeMJBNc_0,9.3,38,7.068,7.254,7.161,0,4,2,0,1,1
-MeTTeMJBNc_0,9.3,39,7.254,7.44,7.347,1,3,3,1,1,1
-MeTTeMJBNc_0,9.3,40,7.44,7.626,7.533,1,4,3,1,1,1
-MeTTeMJBNc_0,9.3,41,7.626,7.812,7.719,0,4,3,0,1,1
-MeTTeMJBNc_0,9.3,42,7.812,7.998,7.905,0,3,2,0,1,1
-MeTTeMJBNc_0,9.3,43,7.998,8.184,8.091,1,4,3,1,1,1
-MeTTeMJBNc_0,9.3,44,8.184,8.37,8.277,1,4,3,1,1,1
-MeTTeMJBNc_0,9.3,45,8.37,8.556,8.463,0,4,3,0,1,1
-MeTTeMJBNc_0,9.3,46,8.556,8.742,8.649,1,3,3,1,1,1
-MeTTeMJBNc_0,9.3,47,8.742,8.928,8.835,0,4,2,0,1,1
-MeTTeMJBNc_0,9.3,48,8.928,9.114,9.021,0,4,3,0,1,1
-MeTTeMJBNc_0,9.3,49,9.114,9.3,9.207,1,2,3,1,1,1
-MeTTeMJBNc_13,5.43,0,0.0,0.1086,0.0543,0,3,2,0,1,1
-MeTTeMJBNc_13,5.43,1,0.1086,0.2172,0.1629,1,2,2,1,1,1
-MeTTeMJBNc_13,5.43,2,0.2172,0.3258,0.2715,0,2,1,0,1,1
-MeTTeMJBNc_13,5.43,3,0.3258,0.4344,0.3801,0,2,2,0,1,1
-MeTTeMJBNc_13,5.43,4,0.4344,0.543,0.4887,1,2,2,1,1,1
-MeTTeMJBNc_13,5.43,5,0.543,0.6516,0.5973,0,3,1,0,1,1
-MeTTeMJBNc_13,5.43,6,0.6516,0.7602,0.7059,0,2,2,0,1,1
-MeTTeMJBNc_13,5.43,7,0.7602,0.8688,0.8145,1,2,2,1,1,1
-MeTTeMJBNc_13,5.43,8,0.8688,0.9774,0.9231,0,2,1,0,1,1
-MeTTeMJBNc_13,5.43,9,0.9774,1.086,1.0317,0,2,2,0,1,1
-MeTTeMJBNc_13,5.43,10,1.086,1.1946,1.1403,1,2,1,1,1,1
-MeTTeMJBNc_13,5.43,11,1.1946,1.3032,1.2489,0,3,2,0,1,1
-MeTTeMJBNc_13,5.43,12,1.3032,1.4118,1.3575,0,2,2,0,1,1
-MeTTeMJBNc_13,5.43,13,1.4118,1.5204,1.4661,0,2,1,0,1,1
-MeTTeMJBNc_13,5.43,14,1.5204,1.629,1.5747,1,2,2,1,1,1
-MeTTeMJBNc_13,5.43,15,1.629,1.7376,1.6833,0,2,2,0,1,1
-MeTTeMJBNc_13,5.43,16,1.7376,1.8462,1.7919,0,2,1,0,1,1
-MeTTeMJBNc_13,5.43,17,1.8462,1.9548,1.9005,1,3,2,1,1,1
-MeTTeMJBNc_13,5.43,18,1.9548,2.0634,2.0091,0,2,1,0,1,1
-MeTTeMJBNc_13,5.43,19,2.0634,2.172,2.1177,0,2,2,0,1,1
-MeTTeMJBNc_13,5.43,20,2.172,2.2806,2.2263,1,2,2,1,1,1
-MeTTeMJBNc_13,5.43,21,2.2806,2.3892,2.3349,0,2,1,0,1,1
-MeTTeMJBNc_13,5.43,22,2.3892,2.4978,2.4435,0,2,2,0,1,1
-MeTTeMJBNc_13,5.43,23,2.4978,2.6064,2.5521,1,3,2,1,1,1
-MeTTeMJBNc_13,5.43,24,2.6064,2.715,2.6607,0,2,1,0,1,1
-MeTTeMJBNc_13,5.43,25,2.715,2.8236,2.7693,0,2,2,0,1,1
-MeTTeMJBNc_13,5.43,26,2.8236,2.9322,2.8779,1,2,1,1,1,1
-MeTTeMJBNc_13,5.43,27,2.9322,3.0408,2.9865,0,2,2,0,1,1
-MeTTeMJBNc_13,5.43,28,3.0408,3.1494,3.0951,0,2,2,0,1,1
-MeTTeMJBNc_13,5.43,29,3.1494,3.258,3.2037,1,3,1,1,1,1
-MeTTeMJBNc_13,5.43,30,3.258,3.3666,3.3123,0,2,2,0,1,1
-MeTTeMJBNc_13,5.43,31,3.3666,3.4752,3.4209,0,2,2,0,1,1
-MeTTeMJBNc_13,5.43,32,3.4752,3.5838,3.5295,1,2,1,1,1,1
-MeTTeMJBNc_13,5.43,33,3.5838,3.6924,3.6381,0,2,2,0,1,1
-MeTTeMJBNc_13,5.43,34,3.6924,3.801,3.7467,0,3,2,0,1,1
-MeTTeMJBNc_13,5.43,35,3.801,3.9096,3.8553,1,2,1,1,1,1
-MeTTeMJBNc_13,5.43,36,3.9096,4.0182,3.9639,0,2,2,0,1,1
-MeTTeMJBNc_13,5.43,37,4.0182,4.1268,4.0725,0,2,1,0,1,1
-MeTTeMJBNc_13,5.43,38,4.1268,4.2354,4.1811,0,2,2,0,1,1
-MeTTeMJBNc_13,5.43,39,4.2354,4.344,4.2897,1,2,2,1,1,1
-MeTTeMJBNc_13,5.43,40,4.344,4.4526,4.3983,0,3,1,0,1,1
-MeTTeMJBNc_13,5.43,41,4.4526,4.5612,4.5069,0,2,2,0,1,1
-MeTTeMJBNc_13,5.43,42,4.5612,4.6698,4.6155,1,2,2,1,1,1
-MeTTeMJBNc_13,5.43,43,4.6698,4.7784,4.7241,0,2,1,0,1,1
-MeTTeMJBNc_13,5.43,44,4.7784,4.887,4.8327,0,2,2,0,1,1
-MeTTeMJBNc_13,5.43,45,4.887,4.9956,4.9413,1,2,1,1,1,1
-MeTTeMJBNc_13,5.43,46,4.9956,5.1042,5.0499,0,3,2,0,1,1
-MeTTeMJBNc_13,5.43,47,5.1042,5.2128,5.1585,0,2,2,0,1,1
-MeTTeMJBNc_13,5.43,48,5.2128,5.3214,5.2671,1,1,0,1,1,0
-MeTTeMJBNc_13,5.43,49,5.3214,5.43,5.3757,0,0,1,0,0,1
-MeTTeMJBNc_7,10.517,0,0.0,0.2103,0.1052,1,5,4,1,1,1
-MeTTeMJBNc_7,10.517,1,0.2103,0.4207,0.3155,0,4,3,0,1,1
-MeTTeMJBNc_7,10.517,2,0.4207,0.631,0.5259,1,4,3,1,1,1
-MeTTeMJBNc_7,10.517,3,0.631,0.8414,0.7362,1,4,3,1,1,1
-MeTTeMJBNc_7,10.517,4,0.8414,1.0517,0.9465,0,5,3,0,1,1
-MeTTeMJBNc_7,10.517,5,1.0517,1.262,1.1569,1,4,3,1,1,1
-MeTTeMJBNc_7,10.517,6,1.262,1.4724,1.3672,1,4,4,1,1,1
-MeTTeMJBNc_7,10.517,7,1.4724,1.6827,1.5776,0,4,3,0,1,1
-MeTTeMJBNc_7,10.517,8,1.6827,1.8931,1.7879,1,4,3,1,1,1
-MeTTeMJBNc_7,10.517,9,1.8931,2.1034,1.9982,1,5,3,1,1,1
-MeTTeMJBNc_7,10.517,10,2.1034,2.3137,2.2086,0,4,3,0,1,1
-MeTTeMJBNc_7,10.517,11,2.3137,2.5241,2.4189,1,4,3,1,1,1
-MeTTeMJBNc_7,10.517,12,2.5241,2.7344,2.6292,1,4,4,1,1,1
-MeTTeMJBNc_7,10.517,13,2.7344,2.9448,2.8396,0,4,3,0,1,1
-MeTTeMJBNc_7,10.517,14,2.9448,3.1551,3.0499,1,5,3,1,1,1
-MeTTeMJBNc_7,10.517,15,3.1551,3.3654,3.2603,1,4,3,1,1,1
-MeTTeMJBNc_7,10.517,16,3.3654,3.5758,3.4706,0,4,3,0,1,1
-MeTTeMJBNc_7,10.517,17,3.5758,3.7861,3.681,1,4,3,1,1,1
-MeTTeMJBNc_7,10.517,18,3.7861,3.9965,3.8913,1,4,3,1,1,1
-MeTTeMJBNc_7,10.517,19,3.9965,4.2068,4.1016,0,5,4,0,1,1
-MeTTeMJBNc_7,10.517,20,4.2068,4.4171,4.312,1,4,3,1,1,1
-MeTTeMJBNc_7,10.517,21,4.4171,4.6275,4.5223,1,4,3,1,1,1
-MeTTeMJBNc_7,10.517,22,4.6275,4.8378,4.7326,0,4,3,0,1,1
-MeTTeMJBNc_7,10.517,23,4.8378,5.0482,4.943,1,4,3,1,1,1
-MeTTeMJBNc_7,10.517,24,5.0482,5.2585,5.1533,1,5,3,1,1,1
-MeTTeMJBNc_7,10.517,25,5.2585,5.4688,5.3637,0,4,4,0,1,1
-MeTTeMJBNc_7,10.517,26,5.4688,5.6792,5.574,1,4,3,1,1,1
-MeTTeMJBNc_7,10.517,27,5.6792,5.8895,5.7843,0,4,3,0,1,1
-MeTTeMJBNc_7,10.517,28,5.8895,6.0999,5.9947,1,4,3,1,1,1
-MeTTeMJBNc_7,10.517,29,6.0999,6.3102,6.205,1,5,3,1,1,1
-MeTTeMJBNc_7,10.517,30,6.3102,6.5205,6.4154,0,4,3,0,1,1
-MeTTeMJBNc_7,10.517,31,6.5205,6.7309,6.6257,1,4,3,1,1,1
-MeTTeMJBNc_7,10.517,32,6.7309,6.9412,6.8361,1,4,4,1,1,1
-MeTTeMJBNc_7,10.517,33,6.9412,7.1516,7.0464,0,5,3,0,1,1
-MeTTeMJBNc_7,10.517,34,7.1516,7.3619,7.2567,1,4,3,1,1,1
-MeTTeMJBNc_7,10.517,35,7.3619,7.5722,7.4671,1,4,3,1,1,1
-MeTTeMJBNc_7,10.517,36,7.5722,7.7826,7.6774,0,4,3,0,1,1
-MeTTeMJBNc_7,10.517,37,7.7826,7.9929,7.8878,1,4,3,1,1,1
-MeTTeMJBNc_7,10.517,38,7.9929,8.2033,8.0981,1,5,4,1,1,1
-MeTTeMJBNc_7,10.517,39,8.2033,8.4136,8.3084,0,4,3,0,1,1
-MeTTeMJBNc_7,10.517,40,8.4136,8.6239,8.5188,1,4,3,1,1,1
-MeTTeMJBNc_7,10.517,41,8.6239,8.8343,8.7291,1,4,3,1,1,1
-MeTTeMJBNc_7,10.517,42,8.8343,9.0446,8.9395,0,4,3,0,1,1
-MeTTeMJBNc_7,10.517,43,9.0446,9.255,9.1498,1,5,3,1,1,1
-MeTTeMJBNc_7,10.517,44,9.255,9.4653,9.3601,1,4,3,1,1,1
-MeTTeMJBNc_7,10.517,45,9.4653,9.6756,9.5705,0,4,4,0,1,1
-MeTTeMJBNc_7,10.517,46,9.6756,9.886,9.7808,1,4,3,1,1,1
-MeTTeMJBNc_7,10.517,47,9.886,10.0963,9.9912,1,4,3,1,1,1
-MeTTeMJBNc_7,10.517,48,10.0963,10.3067,10.2015,0,5,3,0,1,1
-MeTTeMJBNc_7,10.517,49,10.3067,10.517,10.4118,1,2,3,1,1,1
-RfYyzHpjk4_11,5.239,0,0.0,0.1048,0.0524,0,3,2,0,1,1
-RfYyzHpjk4_11,5.239,1,0.1048,0.2096,0.1572,1,2,2,1,1,1
-RfYyzHpjk4_11,5.239,2,0.2096,0.3143,0.262,0,2,1,0,1,1
-RfYyzHpjk4_11,5.239,3,0.3143,0.4191,0.3667,1,2,2,1,1,1
-RfYyzHpjk4_11,5.239,4,0.4191,0.5239,0.4715,0,2,1,0,1,1
-RfYyzHpjk4_11,5.239,5,0.5239,0.6287,0.5763,0,2,2,0,1,1
-RfYyzHpjk4_11,5.239,6,0.6287,0.7335,0.6811,1,2,2,1,1,1
-RfYyzHpjk4_11,5.239,7,0.7335,0.8382,0.7858,0,2,1,0,1,1
-RfYyzHpjk4_11,5.239,8,0.8382,0.943,0.8906,0,2,2,0,1,1
-RfYyzHpjk4_11,5.239,9,0.943,1.0478,0.9954,1,2,1,1,1,1
-RfYyzHpjk4_11,5.239,10,1.0478,1.1526,1.1002,0,3,2,0,1,1
-RfYyzHpjk4_11,5.239,11,1.1526,1.2574,1.205,1,2,1,1,1,1
-RfYyzHpjk4_11,5.239,12,1.2574,1.3621,1.3097,0,2,2,0,1,1
-RfYyzHpjk4_11,5.239,13,1.3621,1.4669,1.4145,0,2,2,0,1,1
-RfYyzHpjk4_11,5.239,14,1.4669,1.5717,1.5193,1,2,1,1,1,1
-RfYyzHpjk4_11,5.239,15,1.5717,1.6765,1.6241,0,2,2,0,1,1
-RfYyzHpjk4_11,5.239,16,1.6765,1.7813,1.7289,0,2,1,0,1,1
-RfYyzHpjk4_11,5.239,17,1.7813,1.886,1.8337,1,2,2,1,1,1
-RfYyzHpjk4_11,5.239,18,1.886,1.9908,1.9384,0,2,1,0,1,1
-RfYyzHpjk4_11,5.239,19,1.9908,2.0956,2.0432,1,2,2,1,1,1
-RfYyzHpjk4_11,5.239,20,2.0956,2.2004,2.148,0,3,2,0,1,1
-RfYyzHpjk4_11,5.239,21,2.2004,2.3052,2.2528,0,2,1,0,1,1
-RfYyzHpjk4_11,5.239,22,2.3052,2.4099,2.3575,1,2,2,1,1,1
-RfYyzHpjk4_11,5.239,23,2.4099,2.5147,2.4623,0,2,1,0,1,1
-RfYyzHpjk4_11,5.239,24,2.5147,2.6195,2.5671,1,2,2,1,1,1
-RfYyzHpjk4_11,5.239,25,2.6195,2.7243,2.6719,0,2,1,0,1,1
-RfYyzHpjk4_11,5.239,26,2.7243,2.8291,2.7767,0,2,2,0,1,1
-RfYyzHpjk4_11,5.239,27,2.8291,2.9338,2.8815,1,2,2,1,1,1
-RfYyzHpjk4_11,5.239,28,2.9338,3.0386,2.9862,0,2,1,0,1,1
-RfYyzHpjk4_11,5.239,29,3.0386,3.1434,3.091,0,2,2,0,1,1
-RfYyzHpjk4_11,5.239,30,3.1434,3.2482,3.1958,1,2,1,1,1,1
-RfYyzHpjk4_11,5.239,31,3.2482,3.353,3.3006,0,3,2,0,1,1
-RfYyzHpjk4_11,5.239,32,3.353,3.4577,3.4053,1,2,1,1,1,1
-RfYyzHpjk4_11,5.239,33,3.4577,3.5625,3.5101,0,2,2,0,1,1
-RfYyzHpjk4_11,5.239,34,3.5625,3.6673,3.6149,0,2,2,0,1,1
-RfYyzHpjk4_11,5.239,35,3.6673,3.7721,3.7197,1,2,1,1,1,1
-RfYyzHpjk4_11,5.239,36,3.7721,3.8769,3.8245,0,2,2,0,1,1
-RfYyzHpjk4_11,5.239,37,3.8769,3.9816,3.9292,0,2,1,0,1,1
-RfYyzHpjk4_11,5.239,38,3.9816,4.0864,4.034,1,2,2,1,1,1
-RfYyzHpjk4_11,5.239,39,4.0864,4.1912,4.1388,0,2,1,0,1,1
-RfYyzHpjk4_11,5.239,40,4.1912,4.296,4.2436,1,2,2,1,1,1
-RfYyzHpjk4_11,5.239,41,4.296,4.4008,4.3484,0,3,2,0,1,1
-RfYyzHpjk4_11,5.239,42,4.4008,4.5055,4.4531,0,2,1,0,1,1
-RfYyzHpjk4_11,5.239,43,4.5055,4.6103,4.5579,1,2,2,1,1,1
-RfYyzHpjk4_11,5.239,44,4.6103,4.7151,4.6627,0,2,1,0,1,1
-RfYyzHpjk4_11,5.239,45,4.7151,4.8199,4.7675,0,2,2,0,1,1
-RfYyzHpjk4_11,5.239,46,4.8199,4.9247,4.8723,1,2,1,1,1,1
-RfYyzHpjk4_11,5.239,47,4.9247,5.0294,4.9771,0,2,2,0,1,1
-RfYyzHpjk4_11,5.239,48,5.0294,5.1342,5.0818,1,1,1,1,1,1
-RfYyzHpjk4_11,5.239,49,5.1342,5.239,5.1866,0,0,1,0,0,1
-RfYyzHpjk4_8,4.589,0,0.0,0.0918,0.0459,0,2,2,0,1,1
-RfYyzHpjk4_8,4.589,1,0.0918,0.1836,0.1377,1,2,1,1,1,1
-RfYyzHpjk4_8,4.589,2,0.1836,0.2753,0.2295,0,2,2,0,1,1
-RfYyzHpjk4_8,4.589,3,0.2753,0.3671,0.3212,1,2,1,1,1,1
-RfYyzHpjk4_8,4.589,4,0.3671,0.4589,0.413,0,2,1,0,1,1
-RfYyzHpjk4_8,4.589,5,0.4589,0.5507,0.5048,0,2,2,0,1,1
-RfYyzHpjk4_8,4.589,6,0.5507,0.6425,0.5966,1,1,1,1,1,1
-RfYyzHpjk4_8,4.589,7,0.6425,0.7342,0.6884,0,2,2,0,1,1
-RfYyzHpjk4_8,4.589,8,0.7342,0.826,0.7801,1,2,1,1,1,1
-RfYyzHpjk4_8,4.589,9,0.826,0.9178,0.8719,0,2,1,0,1,1
-RfYyzHpjk4_8,4.589,10,0.9178,1.0096,0.9637,0,2,2,0,1,1
-RfYyzHpjk4_8,4.589,11,1.0096,1.1014,1.0555,1,2,1,1,1,1
-RfYyzHpjk4_8,4.589,12,1.1014,1.1931,1.1473,0,1,1,0,1,1
-RfYyzHpjk4_8,4.589,13,1.1931,1.2849,1.239,1,2,2,1,1,1
-RfYyzHpjk4_8,4.589,14,1.2849,1.3767,1.3308,0,2,1,0,1,1
-RfYyzHpjk4_8,4.589,15,1.3767,1.4685,1.4226,0,2,2,0,1,1
-RfYyzHpjk4_8,4.589,16,1.4685,1.5603,1.5144,1,2,1,1,1,1
-RfYyzHpjk4_8,4.589,17,1.5603,1.652,1.6062,0,2,1,0,1,1
-RfYyzHpjk4_8,4.589,18,1.652,1.7438,1.6979,1,1,2,1,1,1
-RfYyzHpjk4_8,4.589,19,1.7438,1.8356,1.7897,0,2,1,0,1,1
-RfYyzHpjk4_8,4.589,20,1.8356,1.9274,1.8815,0,2,1,0,1,1
-RfYyzHpjk4_8,4.589,21,1.9274,2.0192,1.9733,1,2,2,1,1,1
-RfYyzHpjk4_8,4.589,22,2.0192,2.1109,2.0651,0,2,1,0,1,1
-RfYyzHpjk4_8,4.589,23,2.1109,2.2027,2.1568,1,2,2,1,1,1
-RfYyzHpjk4_8,4.589,24,2.2027,2.2945,2.2486,0,1,1,0,1,1
-RfYyzHpjk4_8,4.589,25,2.2945,2.3863,2.3404,0,2,1,0,1,1
-RfYyzHpjk4_8,4.589,26,2.3863,2.4781,2.4322,1,2,2,1,1,1
-RfYyzHpjk4_8,4.589,27,2.4781,2.5698,2.524,0,2,1,0,1,1
-RfYyzHpjk4_8,4.589,28,2.5698,2.6616,2.6157,1,2,1,1,1,1
-RfYyzHpjk4_8,4.589,29,2.6616,2.7534,2.7075,0,2,2,0,1,1
-RfYyzHpjk4_8,4.589,30,2.7534,2.8452,2.7993,0,1,1,0,1,1
-RfYyzHpjk4_8,4.589,31,2.8452,2.937,2.8911,1,2,2,1,1,1
-RfYyzHpjk4_8,4.589,32,2.937,3.0287,2.9829,0,2,1,0,1,1
-RfYyzHpjk4_8,4.589,33,3.0287,3.1205,3.0746,1,2,1,1,1,1
-RfYyzHpjk4_8,4.589,34,3.1205,3.2123,3.1664,0,2,2,0,1,1
-RfYyzHpjk4_8,4.589,35,3.2123,3.3041,3.2582,0,2,1,0,1,1
-RfYyzHpjk4_8,4.589,36,3.3041,3.3959,3.35,1,1,1,1,1,1
-RfYyzHpjk4_8,4.589,37,3.3959,3.4876,3.4418,0,2,2,0,1,1
-RfYyzHpjk4_8,4.589,38,3.4876,3.5794,3.5335,1,2,1,1,1,1
-RfYyzHpjk4_8,4.589,39,3.5794,3.6712,3.6253,0,2,2,0,1,1
-RfYyzHpjk4_8,4.589,40,3.6712,3.763,3.7171,0,2,1,0,1,1
-RfYyzHpjk4_8,4.589,41,3.763,3.8548,3.8089,1,2,1,1,1,1
-RfYyzHpjk4_8,4.589,42,3.8548,3.9465,3.9007,0,1,2,0,1,1
-RfYyzHpjk4_8,4.589,43,3.9465,4.0383,3.9924,1,2,1,1,1,1
-RfYyzHpjk4_8,4.589,44,4.0383,4.1301,4.0842,0,2,1,0,1,1
-RfYyzHpjk4_8,4.589,45,4.1301,4.2219,4.176,0,2,2,0,1,1
-RfYyzHpjk4_8,4.589,46,4.2219,4.3137,4.2678,1,2,1,1,1,1
-RfYyzHpjk4_8,4.589,47,4.3137,4.4054,4.3596,0,2,2,0,1,1
-RfYyzHpjk4_8,4.589,48,4.4054,4.4972,4.4513,1,1,1,1,1,1
-RfYyzHpjk4_8,4.589,49,4.4972,4.589,4.5431,0,1,1,0,1,1
-RfYyzHpjk4_2,5.516,0,0.0,0.1103,0.0552,1,3,2,1,1,1
-RfYyzHpjk4_2,5.516,1,0.1103,0.2206,0.1655,0,2,2,0,1,1
-RfYyzHpjk4_2,5.516,2,0.2206,0.331,0.2758,1,2,1,1,1,1
-RfYyzHpjk4_2,5.516,3,0.331,0.4413,0.3861,0,2,2,0,1,1
-RfYyzHpjk4_2,5.516,4,0.4413,0.5516,0.4964,1,3,2,1,1,1
-RfYyzHpjk4_2,5.516,5,0.5516,0.6619,0.6068,0,2,1,0,1,1
-RfYyzHpjk4_2,5.516,6,0.6619,0.7722,0.7171,1,2,2,1,1,1
-RfYyzHpjk4_2,5.516,7,0.7722,0.8826,0.8274,0,2,2,0,1,1
-RfYyzHpjk4_2,5.516,8,0.8826,0.9929,0.9377,1,2,1,1,1,1
-RfYyzHpjk4_2,5.516,9,0.9929,1.1032,1.048,1,3,2,1,1,1
-RfYyzHpjk4_2,5.516,10,1.1032,1.2135,1.1584,0,2,2,0,1,1
-RfYyzHpjk4_2,5.516,11,1.2135,1.3238,1.2687,1,2,1,1,1,1
-RfYyzHpjk4_2,5.516,12,1.3238,1.4342,1.379,0,2,2,0,1,1
-RfYyzHpjk4_2,5.516,13,1.4342,1.5445,1.4893,1,2,2,1,1,1
-RfYyzHpjk4_2,5.516,14,1.5445,1.6548,1.5996,0,3,1,0,1,1
-RfYyzHpjk4_2,5.516,15,1.6548,1.7651,1.71,1,2,2,1,1,1
-RfYyzHpjk4_2,5.516,16,1.7651,1.8754,1.8203,1,2,2,1,1,1
-RfYyzHpjk4_2,5.516,17,1.8754,1.9858,1.9306,0,2,1,0,1,1
-RfYyzHpjk4_2,5.516,18,1.9858,2.0961,2.0409,1,2,2,1,1,1
-RfYyzHpjk4_2,5.516,19,2.0961,2.2064,2.1512,0,3,2,0,1,1
-RfYyzHpjk4_2,5.516,20,2.2064,2.3167,2.2616,1,2,1,1,1,1
-RfYyzHpjk4_2,5.516,21,2.3167,2.427,2.3719,0,2,2,0,1,1
-RfYyzHpjk4_2,5.516,22,2.427,2.5374,2.4822,1,2,2,1,1,1
-RfYyzHpjk4_2,5.516,23,2.5374,2.6477,2.5925,0,2,1,0,1,1
-RfYyzHpjk4_2,5.516,24,2.6477,2.758,2.7028,1,3,2,1,1,1
-RfYyzHpjk4_2,5.516,25,2.758,2.8683,2.8132,1,2,2,1,1,1
-RfYyzHpjk4_2,5.516,26,2.8683,2.9786,2.9235,0,2,1,0,1,1
-RfYyzHpjk4_2,5.516,27,2.9786,3.089,3.0338,1,2,2,1,1,1
-RfYyzHpjk4_2,5.516,28,3.089,3.1993,3.1441,0,2,1,0,1,1
-RfYyzHpjk4_2,5.516,29,3.1993,3.3096,3.2544,1,3,2,1,1,1
-RfYyzHpjk4_2,5.516,30,3.3096,3.4199,3.3648,0,2,2,0,1,1
-RfYyzHpjk4_2,5.516,31,3.4199,3.5302,3.4751,1,2,1,1,1,1
-RfYyzHpjk4_2,5.516,32,3.5302,3.6406,3.5854,0,2,2,0,1,1
-RfYyzHpjk4_2,5.516,33,3.6406,3.7509,3.6957,1,3,2,1,1,1
-RfYyzHpjk4_2,5.516,34,3.7509,3.8612,3.806,1,2,1,1,1,1
-RfYyzHpjk4_2,5.516,35,3.8612,3.9715,3.9164,0,2,2,0,1,1
-RfYyzHpjk4_2,5.516,36,3.9715,4.0818,4.0267,1,2,2,1,1,1
-RfYyzHpjk4_2,5.516,37,4.0818,4.1922,4.137,0,2,1,0,1,1
-RfYyzHpjk4_2,5.516,38,4.1922,4.3025,4.2473,1,3,2,1,1,1
-RfYyzHpjk4_2,5.516,39,4.3025,4.4128,4.3576,0,2,2,0,1,1
-RfYyzHpjk4_2,5.516,40,4.4128,4.5231,4.468,1,2,1,1,1,1
-RfYyzHpjk4_2,5.516,41,4.5231,4.6334,4.5783,1,2,2,1,1,1
-RfYyzHpjk4_2,5.516,42,4.6334,4.7438,4.6886,0,2,2,0,1,1
-RfYyzHpjk4_2,5.516,43,4.7438,4.8541,4.7989,1,3,1,1,1,1
-RfYyzHpjk4_2,5.516,44,4.8541,4.9644,4.9092,0,2,2,0,1,1
-RfYyzHpjk4_2,5.516,45,4.9644,5.0747,5.0196,1,2,2,1,1,1
-RfYyzHpjk4_2,5.516,46,5.0747,5.185,5.1299,0,2,1,0,1,1
-RfYyzHpjk4_2,5.516,47,5.185,5.2954,5.2402,1,2,2,1,1,1
-RfYyzHpjk4_2,5.516,48,5.2954,5.4057,5.3505,0,2,2,0,1,1
-RfYyzHpjk4_2,5.516,49,5.4057,5.516,5.4608,1,0,1,1,0,1
-UUCSKoHeMA_0,7.8,0,0.0,0.156,0.078,0,4,3,0,1,1
-UUCSKoHeMA_0,7.8,1,0.156,0.312,0.234,1,3,2,1,1,1
-UUCSKoHeMA_0,7.8,2,0.312,0.468,0.39,0,3,3,0,1,1
-UUCSKoHeMA_0,7.8,3,0.468,0.624,0.546,1,3,2,1,1,1
-UUCSKoHeMA_0,7.8,4,0.624,0.78,0.702,0,3,2,0,1,1
-UUCSKoHeMA_0,7.8,5,0.78,0.936,0.858,1,3,3,1,1,1
-UUCSKoHeMA_0,7.8,6,0.936,1.092,1.014,0,3,2,0,1,1
-UUCSKoHeMA_0,7.8,7,1.092,1.248,1.17,0,3,2,0,1,1
-UUCSKoHeMA_0,7.8,8,1.248,1.404,1.326,1,4,3,1,1,1
-UUCSKoHeMA_0,7.8,9,1.404,1.56,1.482,0,3,2,0,1,1
-UUCSKoHeMA_0,7.8,10,1.56,1.716,1.638,1,3,2,1,1,1
-UUCSKoHeMA_0,7.8,11,1.716,1.872,1.794,0,3,3,0,1,1
-UUCSKoHeMA_0,7.8,12,1.872,2.028,1.95,0,3,2,0,1,1
-UUCSKoHeMA_0,7.8,13,2.028,2.184,2.106,1,3,2,1,1,1
-UUCSKoHeMA_0,7.8,14,2.184,2.34,2.262,0,3,3,0,1,1
-UUCSKoHeMA_0,7.8,15,2.34,2.496,2.418,1,3,2,1,1,1
-UUCSKoHeMA_0,7.8,16,2.496,2.652,2.574,0,4,2,0,1,1
-UUCSKoHeMA_0,7.8,17,2.652,2.808,2.73,1,3,3,1,1,1
-UUCSKoHeMA_0,7.8,18,2.808,2.964,2.886,0,3,2,0,1,1
-UUCSKoHeMA_0,7.8,19,2.964,3.12,3.042,0,3,2,0,1,1
-UUCSKoHeMA_0,7.8,20,3.12,3.276,3.198,1,3,3,1,1,1
-UUCSKoHeMA_0,7.8,21,3.276,3.432,3.354,0,3,2,0,1,1
-UUCSKoHeMA_0,7.8,22,3.432,3.588,3.51,1,3,2,1,1,1
-UUCSKoHeMA_0,7.8,23,3.588,3.744,3.666,0,3,3,0,1,1
-UUCSKoHeMA_0,7.8,24,3.744,3.9,3.822,0,3,2,0,1,1
-UUCSKoHeMA_0,7.8,25,3.9,4.056,3.978,1,4,2,1,1,1
-UUCSKoHeMA_0,7.8,26,4.056,4.212,4.134,0,3,3,0,1,1
-UUCSKoHeMA_0,7.8,27,4.212,4.368,4.29,1,3,2,1,1,1
-UUCSKoHeMA_0,7.8,28,4.368,4.524,4.446,0,3,2,0,1,1
-UUCSKoHeMA_0,7.8,29,4.524,4.68,4.602,1,3,3,1,1,1
-UUCSKoHeMA_0,7.8,30,4.68,4.836,4.758,0,3,2,0,1,1
-UUCSKoHeMA_0,7.8,31,4.836,4.992,4.914,0,3,2,0,1,1
-UUCSKoHeMA_0,7.8,32,4.992,5.148,5.07,1,3,3,1,1,1
-UUCSKoHeMA_0,7.8,33,5.148,5.304,5.226,0,4,2,0,1,1
-UUCSKoHeMA_0,7.8,34,5.304,5.46,5.382,1,3,2,1,1,1
-UUCSKoHeMA_0,7.8,35,5.46,5.616,5.538,0,3,3,0,1,1
-UUCSKoHeMA_0,7.8,36,5.616,5.772,5.694,1,3,2,1,1,1
-UUCSKoHeMA_0,7.8,37,5.772,5.928,5.85,0,3,2,0,1,1
-UUCSKoHeMA_0,7.8,38,5.928,6.084,6.006,0,3,3,0,1,1
-UUCSKoHeMA_0,7.8,39,6.084,6.24,6.162,1,3,2,1,1,1
-UUCSKoHeMA_0,7.8,40,6.24,6.396,6.318,0,3,2,0,1,1
-UUCSKoHeMA_0,7.8,41,6.396,6.552,6.474,1,4,3,1,1,1
-UUCSKoHeMA_0,7.8,42,6.552,6.708,6.63,0,3,2,0,1,1
-UUCSKoHeMA_0,7.8,43,6.708,6.864,6.786,0,3,2,0,1,1
-UUCSKoHeMA_0,7.8,44,6.864,7.02,6.942,1,3,3,1,1,1
-UUCSKoHeMA_0,7.8,45,7.02,7.176,7.098,0,3,2,0,1,1
-UUCSKoHeMA_0,7.8,46,7.176,7.332,7.254,1,3,2,1,1,1
-UUCSKoHeMA_0,7.8,47,7.332,7.488,7.41,0,3,3,0,1,1
-UUCSKoHeMA_0,7.8,48,7.488,7.644,7.566,1,3,2,1,1,1
-UUCSKoHeMA_0,7.8,49,7.644,7.8,7.722,0,2,3,0,1,1
-ri04Z7vwnc_0,2.807,0,0.0,0.0561,0.0281,0,2,1,0,1,1
-ri04Z7vwnc_0,2.807,1,0.0561,0.1123,0.0842,0,1,1,0,1,1
-ri04Z7vwnc_0,2.807,2,0.1123,0.1684,0.1403,0,1,1,0,1,1
-ri04Z7vwnc_0,2.807,3,0.1684,0.2246,0.1965,1,1,1,1,1,1
-ri04Z7vwnc_0,2.807,4,0.2246,0.2807,0.2526,0,1,0,0,1,0
-ri04Z7vwnc_0,2.807,5,0.2807,0.3368,0.3088,0,1,2,0,1,1
-ri04Z7vwnc_0,2.807,6,0.3368,0.393,0.3649,0,1,0,0,1,0
-ri04Z7vwnc_0,2.807,7,0.393,0.4491,0.421,0,1,1,0,1,1
-ri04Z7vwnc_0,2.807,8,0.4491,0.5053,0.4772,0,2,1,0,1,1
-ri04Z7vwnc_0,2.807,9,0.5053,0.5614,0.5333,1,1,1,1,1,1
-ri04Z7vwnc_0,2.807,10,0.5614,0.6175,0.5895,0,1,0,0,1,0
-ri04Z7vwnc_0,2.807,11,0.6175,0.6737,0.6456,0,1,2,0,1,1
-ri04Z7vwnc_0,2.807,12,0.6737,0.7298,0.7017,0,1,0,0,1,0
-ri04Z7vwnc_0,2.807,13,0.7298,0.786,0.7579,0,1,1,0,1,1
-ri04Z7vwnc_0,2.807,14,0.786,0.8421,0.814,0,1,1,0,1,1
-ri04Z7vwnc_0,2.807,15,0.8421,0.8982,0.8702,1,1,1,1,1,1
-ri04Z7vwnc_0,2.807,16,0.8982,0.9544,0.9263,0,2,0,0,1,0
-ri04Z7vwnc_0,2.807,17,0.9544,1.0105,0.9824,0,1,2,0,1,1
-ri04Z7vwnc_0,2.807,18,1.0105,1.0667,1.0386,0,1,0,0,1,0
-ri04Z7vwnc_0,2.807,19,1.0667,1.1228,1.0947,0,1,1,0,1,1
-ri04Z7vwnc_0,2.807,20,1.1228,1.1789,1.1509,0,1,1,0,1,1
-ri04Z7vwnc_0,2.807,21,1.1789,1.2351,1.207,1,1,1,1,1,1
-ri04Z7vwnc_0,2.807,22,1.2351,1.2912,1.2631,0,1,0,0,1,0
-ri04Z7vwnc_0,2.807,23,1.2912,1.3474,1.3193,0,1,2,0,1,1
-ri04Z7vwnc_0,2.807,24,1.3474,1.4035,1.3754,0,2,0,0,1,0
-ri04Z7vwnc_0,2.807,25,1.4035,1.4596,1.4316,0,1,1,0,1,1
-ri04Z7vwnc_0,2.807,26,1.4596,1.5158,1.4877,0,1,1,0,1,1
-ri04Z7vwnc_0,2.807,27,1.5158,1.5719,1.5438,0,1,1,0,1,1
-ri04Z7vwnc_0,2.807,28,1.5719,1.6281,1.6,1,1,1,1,1,1
-ri04Z7vwnc_0,2.807,29,1.6281,1.6842,1.6561,0,1,1,0,1,1
-ri04Z7vwnc_0,2.807,30,1.6842,1.7403,1.7123,0,1,0,0,1,0
-ri04Z7vwnc_0,2.807,31,1.7403,1.7965,1.7684,0,1,1,0,1,1
-ri04Z7vwnc_0,2.807,32,1.7965,1.8526,1.8245,0,2,1,0,1,1
-ri04Z7vwnc_0,2.807,33,1.8526,1.9088,1.8807,0,1,1,0,1,1
-ri04Z7vwnc_0,2.807,34,1.9088,1.9649,1.9368,1,1,1,1,1,1
-ri04Z7vwnc_0,2.807,35,1.9649,2.021,1.993,0,1,1,0,1,1
-ri04Z7vwnc_0,2.807,36,2.021,2.0772,2.0491,0,1,0,0,1,0
-ri04Z7vwnc_0,2.807,37,2.0772,2.1333,2.1052,0,1,1,0,1,1
-ri04Z7vwnc_0,2.807,38,2.1333,2.1895,2.1614,0,1,1,0,1,1
-ri04Z7vwnc_0,2.807,39,2.1895,2.2456,2.2175,0,1,1,0,1,1
-ri04Z7vwnc_0,2.807,40,2.2456,2.3017,2.2737,1,2,1,1,1,1
-ri04Z7vwnc_0,2.807,41,2.3017,2.3579,2.3298,0,1,1,0,1,1
-ri04Z7vwnc_0,2.807,42,2.3579,2.414,2.3859,0,1,0,0,1,0
-ri04Z7vwnc_0,2.807,43,2.414,2.4702,2.4421,0,1,1,0,1,1
-ri04Z7vwnc_0,2.807,44,2.4702,2.5263,2.4982,0,1,1,0,1,1
-ri04Z7vwnc_0,2.807,45,2.5263,2.5824,2.5544,0,1,1,0,1,1
-ri04Z7vwnc_0,2.807,46,2.5824,2.6386,2.6105,1,1,1,1,1,1
-ri04Z7vwnc_0,2.807,47,2.6386,2.6947,2.6666,0,1,1,0,1,1
-ri04Z7vwnc_0,2.807,48,2.6947,2.7509,2.7228,0,2,0,0,1,0
-ri04Z7vwnc_0,2.807,49,2.7509,2.807,2.7789,0,0,1,0,0,1
-ri04Z7vwnc_2,6.027,0,0.0,0.1205,0.0603,0,3,2,0,1,1
-ri04Z7vwnc_2,6.027,1,0.1205,0.2411,0.1808,1,2,2,1,1,1
-ri04Z7vwnc_2,6.027,2,0.2411,0.3616,0.3014,0,3,2,0,1,1
-ri04Z7vwnc_2,6.027,3,0.3616,0.4822,0.4219,1,2,1,1,1,1
-ri04Z7vwnc_2,6.027,4,0.4822,0.6027,0.5424,0,3,2,0,1,1
-ri04Z7vwnc_2,6.027,5,0.6027,0.7232,0.663,1,2,2,1,1,1
-ri04Z7vwnc_2,6.027,6,0.7232,0.8438,0.7835,0,2,2,0,1,1
-ri04Z7vwnc_2,6.027,7,0.8438,0.9643,0.9041,1,3,2,1,1,1
-ri04Z7vwnc_2,6.027,8,0.9643,1.0849,1.0246,0,2,2,0,1,1
-ri04Z7vwnc_2,6.027,9,1.0849,1.2054,1.1451,0,3,1,0,1,1
-ri04Z7vwnc_2,6.027,10,1.2054,1.3259,1.2657,1,2,2,1,1,1
-ri04Z7vwnc_2,6.027,11,1.3259,1.4465,1.3862,0,2,2,0,1,1
-ri04Z7vwnc_2,6.027,12,1.4465,1.567,1.5068,1,3,2,1,1,1
-ri04Z7vwnc_2,6.027,13,1.567,1.6876,1.6273,0,2,2,0,1,1
-ri04Z7vwnc_2,6.027,14,1.6876,1.8081,1.7478,1,3,1,1,1,1
-ri04Z7vwnc_2,6.027,15,1.8081,1.9286,1.8684,0,2,2,0,1,1
-ri04Z7vwnc_2,6.027,16,1.9286,2.0492,1.9889,0,2,2,0,1,1
-ri04Z7vwnc_2,6.027,17,2.0492,2.1697,2.1095,1,3,2,1,1,1
-ri04Z7vwnc_2,6.027,18,2.1697,2.2903,2.23,0,2,1,0,1,1
-ri04Z7vwnc_2,6.027,19,2.2903,2.4108,2.3505,1,3,2,1,1,1
-ri04Z7vwnc_2,6.027,20,2.4108,2.5313,2.4711,0,2,2,0,1,1
-ri04Z7vwnc_2,6.027,21,2.5313,2.6519,2.5916,1,3,2,1,1,1
-ri04Z7vwnc_2,6.027,22,2.6519,2.7724,2.7122,0,2,2,0,1,1
-ri04Z7vwnc_2,6.027,23,2.7724,2.893,2.8327,1,2,2,1,1,1
-ri04Z7vwnc_2,6.027,24,2.893,3.0135,2.9532,0,3,2,0,1,1
-ri04Z7vwnc_2,6.027,25,3.0135,3.134,3.0738,0,2,1,0,1,1
-ri04Z7vwnc_2,6.027,26,3.134,3.2546,3.1943,1,3,2,1,1,1
-ri04Z7vwnc_2,6.027,27,3.2546,3.3751,3.3149,0,2,2,0,1,1
-ri04Z7vwnc_2,6.027,28,3.3751,3.4957,3.4354,1,2,1,1,1,1
-ri04Z7vwnc_2,6.027,29,3.4957,3.6162,3.5559,0,3,2,0,1,1
-ri04Z7vwnc_2,6.027,30,3.6162,3.7367,3.6765,1,2,2,1,1,1
-ri04Z7vwnc_2,6.027,31,3.7367,3.8573,3.797,0,3,2,0,1,1
-ri04Z7vwnc_2,6.027,32,3.8573,3.9778,3.9176,1,2,2,1,1,1
-ri04Z7vwnc_2,6.027,33,3.9778,4.0984,4.0381,0,2,2,0,1,1
-ri04Z7vwnc_2,6.027,34,4.0984,4.2189,4.1586,0,3,2,0,1,1
-ri04Z7vwnc_2,6.027,35,4.2189,4.3394,4.2792,1,2,2,1,1,1
-ri04Z7vwnc_2,6.027,36,4.3394,4.46,4.3997,0,3,1,0,1,1
-ri04Z7vwnc_2,6.027,37,4.46,4.5805,4.5203,1,2,2,1,1,1
-ri04Z7vwnc_2,6.027,38,4.5805,4.7011,4.6408,0,3,2,0,1,1
-ri04Z7vwnc_2,6.027,39,4.7011,4.8216,4.7613,1,2,1,1,1,1
-ri04Z7vwnc_2,6.027,40,4.8216,4.9421,4.8819,0,2,2,0,1,1
-ri04Z7vwnc_2,6.027,41,4.9421,5.0627,5.0024,0,3,2,0,1,1
-ri04Z7vwnc_2,6.027,42,5.0627,5.1832,5.123,1,2,2,1,1,1
-ri04Z7vwnc_2,6.027,43,5.1832,5.3038,5.2435,0,3,2,0,1,1
-ri04Z7vwnc_2,6.027,44,5.3038,5.4243,5.364,1,2,2,1,1,1
-ri04Z7vwnc_2,6.027,45,5.4243,5.5448,5.4846,0,2,1,0,1,1
-ri04Z7vwnc_2,6.027,46,5.5448,5.6654,5.6051,1,3,2,1,1,1
-ri04Z7vwnc_2,6.027,47,5.6654,5.7859,5.7257,0,2,2,0,1,1
-ri04Z7vwnc_2,6.027,48,5.7859,5.9065,5.8462,1,3,2,1,1,1
-ri04Z7vwnc_2,6.027,49,5.9065,6.027,5.9667,0,0,1,0,0,1
-ri04Z7vwnc_5,3.545,0,0.0,0.0709,0.0355,0,2,1,0,1,1
-ri04Z7vwnc_5,3.545,1,0.0709,0.1418,0.1064,0,1,1,0,1,1
-ri04Z7vwnc_5,3.545,2,0.1418,0.2127,0.1773,1,2,2,1,1,1
-ri04Z7vwnc_5,3.545,3,0.2127,0.2836,0.2482,0,1,0,0,1,0
-ri04Z7vwnc_5,3.545,4,0.2836,0.3545,0.3191,0,2,2,0,1,1
-ri04Z7vwnc_5,3.545,5,0.3545,0.4254,0.39,0,1,1,0,1,1
-ri04Z7vwnc_5,3.545,6,0.4254,0.4963,0.4608,0,1,0,0,1,0
-ri04Z7vwnc_5,3.545,7,0.4963,0.5672,0.5318,1,2,2,1,1,1
-ri04Z7vwnc_5,3.545,8,0.5672,0.6381,0.6027,0,1,1,0,1,1
-ri04Z7vwnc_5,3.545,9,0.6381,0.709,0.6736,0,2,1,0,1,1
-ri04Z7vwnc_5,3.545,10,0.709,0.7799,0.7445,0,1,1,0,1,1
-ri04Z7vwnc_5,3.545,11,0.7799,0.8508,0.8154,0,2,1,0,1,1
-ri04Z7vwnc_5,3.545,12,0.8508,0.9217,0.8862,1,1,1,1,1,1
-ri04Z7vwnc_5,3.545,13,0.9217,0.9926,0.9572,0,1,1,0,1,1
-ri04Z7vwnc_5,3.545,14,0.9926,1.0635,1.0281,0,2,1,0,1,1
-ri04Z7vwnc_5,3.545,15,1.0635,1.1344,1.099,0,1,1,0,1,1
-ri04Z7vwnc_5,3.545,16,1.1344,1.2053,1.1699,0,2,1,0,1,1
-ri04Z7vwnc_5,3.545,17,1.2053,1.2762,1.2408,1,1,1,1,1,1
-ri04Z7vwnc_5,3.545,18,1.2762,1.3471,1.3117,0,1,2,0,1,1
-ri04Z7vwnc_5,3.545,19,1.3471,1.418,1.3826,0,2,0,0,1,0
-ri04Z7vwnc_5,3.545,20,1.418,1.4889,1.4535,0,1,1,0,1,1
-ri04Z7vwnc_5,3.545,21,1.4889,1.5598,1.5244,0,2,2,0,1,1
-ri04Z7vwnc_5,3.545,22,1.5598,1.6307,1.5953,1,1,1,1,1,1
-ri04Z7vwnc_5,3.545,23,1.6307,1.7016,1.6662,0,2,1,0,1,1
-ri04Z7vwnc_5,3.545,24,1.7016,1.7725,1.737,0,1,1,0,1,1
-ri04Z7vwnc_5,3.545,25,1.7725,1.8434,1.808,0,1,1,0,1,1
-ri04Z7vwnc_5,3.545,26,1.8434,1.9143,1.8789,0,2,1,0,1,1
-ri04Z7vwnc_5,3.545,27,1.9143,1.9852,1.9498,1,1,1,1,1,1
-ri04Z7vwnc_5,3.545,28,1.9852,2.0561,2.0207,0,2,1,0,1,1
-ri04Z7vwnc_5,3.545,29,2.0561,2.127,2.0916,0,1,1,0,1,1
-ri04Z7vwnc_5,3.545,30,2.127,2.1979,2.1625,0,1,1,0,1,1
-ri04Z7vwnc_5,3.545,31,2.1979,2.2688,2.2334,0,2,1,0,1,1
-ri04Z7vwnc_5,3.545,32,2.2688,2.3397,2.3043,1,1,2,1,1,1
-ri04Z7vwnc_5,3.545,33,2.3397,2.4106,2.3752,0,2,0,0,1,0
-ri04Z7vwnc_5,3.545,34,2.4106,2.4815,2.4461,0,1,1,0,1,1
-ri04Z7vwnc_5,3.545,35,2.4815,2.5524,2.517,0,2,2,0,1,1
-ri04Z7vwnc_5,3.545,36,2.5524,2.6233,2.5878,0,1,0,0,1,0
-ri04Z7vwnc_5,3.545,37,2.6233,2.6942,2.6588,1,1,2,1,1,1
-ri04Z7vwnc_5,3.545,38,2.6942,2.7651,2.7297,0,2,1,0,1,1
-ri04Z7vwnc_5,3.545,39,2.7651,2.836,2.8006,0,1,0,0,1,0
-ri04Z7vwnc_5,3.545,40,2.836,2.9069,2.8715,0,2,2,0,1,1
-ri04Z7vwnc_5,3.545,41,2.9069,2.9778,2.9424,0,1,1,0,1,1
-ri04Z7vwnc_5,3.545,42,2.9778,3.0487,3.0133,1,1,1,1,1,1
-ri04Z7vwnc_5,3.545,43,3.0487,3.1196,3.0842,0,2,1,0,1,1
-ri04Z7vwnc_5,3.545,44,3.1196,3.1905,3.1551,0,1,1,0,1,1
-ri04Z7vwnc_5,3.545,45,3.1905,3.2614,3.226,0,2,1,0,1,1
-ri04Z7vwnc_5,3.545,46,3.2614,3.3323,3.2969,0,1,1,0,1,1
-ri04Z7vwnc_5,3.545,47,3.3323,3.4032,3.3678,1,2,1,1,1,1
-ri04Z7vwnc_5,3.545,48,3.4032,3.4741,3.4386,0,0,1,0,0,1
-ri04Z7vwnc_5,3.545,49,3.4741,3.545,3.5095,0,0,0,0,0,0
-s9qJ7ATP7w_1,4.792,0,0.0,0.0958,0.0479,0,2,2,0,1,1
-s9qJ7ATP7w_1,4.792,1,0.0958,0.1917,0.1438,0,2,1,0,1,1
-s9qJ7ATP7w_1,4.792,2,0.1917,0.2875,0.2396,1,2,2,1,1,1
-s9qJ7ATP7w_1,4.792,3,0.2875,0.3834,0.3354,0,2,1,0,1,1
-s9qJ7ATP7w_1,4.792,4,0.3834,0.4792,0.4313,0,2,2,0,1,1
-s9qJ7ATP7w_1,4.792,5,0.4792,0.575,0.5271,0,2,1,0,1,1
-s9qJ7ATP7w_1,4.792,6,0.575,0.6709,0.623,1,2,2,1,1,1
-s9qJ7ATP7w_1,4.792,7,0.6709,0.7667,0.7188,0,2,1,0,1,1
-s9qJ7ATP7w_1,4.792,8,0.7667,0.8626,0.8146,0,2,1,0,1,1
-s9qJ7ATP7w_1,4.792,9,0.8626,0.9584,0.9105,0,2,2,0,1,1
-s9qJ7ATP7w_1,4.792,10,0.9584,1.0542,1.0063,1,2,1,1,1,1
-s9qJ7ATP7w_1,4.792,11,1.0542,1.1501,1.1022,0,2,2,0,1,1
-s9qJ7ATP7w_1,4.792,12,1.1501,1.2459,1.198,0,1,1,0,1,1
-s9qJ7ATP7w_1,4.792,13,1.2459,1.3418,1.2938,0,2,2,0,1,1
-s9qJ7ATP7w_1,4.792,14,1.3418,1.4376,1.3897,1,2,1,1,1,1
-s9qJ7ATP7w_1,4.792,15,1.4376,1.5334,1.4855,0,2,2,0,1,1
-s9qJ7ATP7w_1,4.792,16,1.5334,1.6293,1.5814,0,2,1,0,1,1
-s9qJ7ATP7w_1,4.792,17,1.6293,1.7251,1.6772,0,2,1,0,1,1
-s9qJ7ATP7w_1,4.792,18,1.7251,1.821,1.773,1,2,2,1,1,1
-s9qJ7ATP7w_1,4.792,19,1.821,1.9168,1.8689,0,2,1,0,1,1
-s9qJ7ATP7w_1,4.792,20,1.9168,2.0126,1.9647,0,2,2,0,1,1
-s9qJ7ATP7w_1,4.792,21,2.0126,2.1085,2.0606,0,2,1,0,1,1
-s9qJ7ATP7w_1,4.792,22,2.1085,2.2043,2.1564,1,2,2,1,1,1
-s9qJ7ATP7w_1,4.792,23,2.2043,2.3002,2.2522,0,2,1,0,1,1
-s9qJ7ATP7w_1,4.792,24,2.3002,2.396,2.3481,0,1,1,0,1,1
-s9qJ7ATP7w_1,4.792,25,2.396,2.4918,2.4439,0,2,2,0,1,1
-s9qJ7ATP7w_1,4.792,26,2.4918,2.5877,2.5398,0,2,1,0,1,1
-s9qJ7ATP7w_1,4.792,27,2.5877,2.6835,2.6356,1,2,2,1,1,1
-s9qJ7ATP7w_1,4.792,28,2.6835,2.7794,2.7314,0,2,1,0,1,1
-s9qJ7ATP7w_1,4.792,29,2.7794,2.8752,2.8273,0,2,2,0,1,1
-s9qJ7ATP7w_1,4.792,30,2.8752,2.971,2.9231,0,2,1,0,1,1
-s9qJ7ATP7w_1,4.792,31,2.971,3.0669,3.019,1,2,2,1,1,1
-s9qJ7ATP7w_1,4.792,32,3.0669,3.1627,3.1148,0,2,1,0,1,1
-s9qJ7ATP7w_1,4.792,33,3.1627,3.2586,3.2106,0,2,1,0,1,1
-s9qJ7ATP7w_1,4.792,34,3.2586,3.3544,3.3065,0,2,2,0,1,1
-s9qJ7ATP7w_1,4.792,35,3.3544,3.4502,3.4023,1,2,1,1,1,1
-s9qJ7ATP7w_1,4.792,36,3.4502,3.5461,3.4982,0,1,2,0,1,1
-s9qJ7ATP7w_1,4.792,37,3.5461,3.6419,3.594,0,2,1,0,1,1
-s9qJ7ATP7w_1,4.792,38,3.6419,3.7378,3.6898,0,2,2,0,1,1
-s9qJ7ATP7w_1,4.792,39,3.7378,3.8336,3.7857,1,2,1,1,1,1
-s9qJ7ATP7w_1,4.792,40,3.8336,3.9294,3.8815,0,2,1,0,1,1
-s9qJ7ATP7w_1,4.792,41,3.9294,4.0253,3.9774,0,2,2,0,1,1
-s9qJ7ATP7w_1,4.792,42,4.0253,4.1211,4.0732,0,2,1,0,1,1
-s9qJ7ATP7w_1,4.792,43,4.1211,4.217,4.169,1,2,2,1,1,1
-s9qJ7ATP7w_1,4.792,44,4.217,4.3128,4.2649,0,2,1,0,1,1
-s9qJ7ATP7w_1,4.792,45,4.3128,4.4086,4.3607,0,2,2,0,1,1
-s9qJ7ATP7w_1,4.792,46,4.4086,4.5045,4.4566,0,2,1,0,1,1
-s9qJ7ATP7w_1,4.792,47,4.5045,4.6003,4.5524,1,2,2,1,1,1
-s9qJ7ATP7w_1,4.792,48,4.6003,4.6962,4.6482,0,0,0,0,0,0
-s9qJ7ATP7w_1,4.792,49,4.6962,4.792,4.7441,0,0,1,0,0,1
-s9qJ7ATP7w_0,6.8,0,0.0,0.136,0.068,1,3,3,1,1,1
-s9qJ7ATP7w_0,6.8,1,0.136,0.272,0.204,0,3,2,0,1,1
-s9qJ7ATP7w_0,6.8,2,0.272,0.408,0.34,1,3,2,1,1,1
-s9qJ7ATP7w_0,6.8,3,0.408,0.544,0.476,0,2,2,0,1,1
-s9qJ7ATP7w_0,6.8,4,0.544,0.68,0.612,1,3,2,1,1,1
-s9qJ7ATP7w_0,6.8,5,0.68,0.816,0.748,0,3,2,0,1,1
-s9qJ7ATP7w_0,6.8,6,0.816,0.952,0.884,1,3,2,1,1,1
-s9qJ7ATP7w_0,6.8,7,0.952,1.088,1.02,0,2,2,0,1,1
-s9qJ7ATP7w_0,6.8,8,1.088,1.224,1.156,1,3,2,1,1,1
-s9qJ7ATP7w_0,6.8,9,1.224,1.36,1.292,1,3,2,1,1,1
-s9qJ7ATP7w_0,6.8,10,1.36,1.496,1.428,0,2,2,0,1,1
-s9qJ7ATP7w_0,6.8,11,1.496,1.632,1.564,1,3,2,1,1,1
-s9qJ7ATP7w_0,6.8,12,1.632,1.768,1.7,0,3,2,0,1,1
-s9qJ7ATP7w_0,6.8,13,1.768,1.904,1.836,1,3,2,1,1,1
-s9qJ7ATP7w_0,6.8,14,1.904,2.04,1.972,0,2,2,0,1,1
-s9qJ7ATP7w_0,6.8,15,2.04,2.176,2.108,1,3,2,1,1,1
-s9qJ7ATP7w_0,6.8,16,2.176,2.312,2.244,1,3,2,1,1,1
-s9qJ7ATP7w_0,6.8,17,2.312,2.448,2.38,0,2,2,0,1,1
-s9qJ7ATP7w_0,6.8,18,2.448,2.584,2.516,1,3,2,1,1,1
-s9qJ7ATP7w_0,6.8,19,2.584,2.72,2.652,0,3,2,0,1,1
-s9qJ7ATP7w_0,6.8,20,2.72,2.856,2.788,1,3,2,1,1,1
-s9qJ7ATP7w_0,6.8,21,2.856,2.992,2.924,0,2,2,0,1,1
-s9qJ7ATP7w_0,6.8,22,2.992,3.128,3.06,1,3,2,1,1,1
-s9qJ7ATP7w_0,6.8,23,3.128,3.264,3.196,0,3,2,0,1,1
-s9qJ7ATP7w_0,6.8,24,3.264,3.4,3.332,1,2,2,1,1,1
-s9qJ7ATP7w_0,6.8,25,3.4,3.536,3.468,1,3,3,1,1,1
-s9qJ7ATP7w_0,6.8,26,3.536,3.672,3.604,0,3,2,0,1,1
-s9qJ7ATP7w_0,6.8,27,3.672,3.808,3.74,1,3,2,1,1,1
-s9qJ7ATP7w_0,6.8,28,3.808,3.944,3.876,0,2,2,0,1,1
-s9qJ7ATP7w_0,6.8,29,3.944,4.08,4.012,1,3,2,1,1,1
-s9qJ7ATP7w_0,6.8,30,4.08,4.216,4.148,0,3,2,0,1,1
-s9qJ7ATP7w_0,6.8,31,4.216,4.352,4.284,1,3,2,1,1,1
-s9qJ7ATP7w_0,6.8,32,4.352,4.488,4.42,0,2,2,0,1,1
-s9qJ7ATP7w_0,6.8,33,4.488,4.624,4.556,1,3,2,1,1,1
-s9qJ7ATP7w_0,6.8,34,4.624,4.76,4.692,1,3,2,1,1,1
-s9qJ7ATP7w_0,6.8,35,4.76,4.896,4.828,0,2,2,0,1,1
-s9qJ7ATP7w_0,6.8,36,4.896,5.032,4.964,1,3,2,1,1,1
-s9qJ7ATP7w_0,6.8,37,5.032,5.168,5.1,0,3,2,0,1,1
-s9qJ7ATP7w_0,6.8,38,5.168,5.304,5.236,1,3,2,1,1,1
-s9qJ7ATP7w_0,6.8,39,5.304,5.44,5.372,0,2,2,0,1,1
-s9qJ7ATP7w_0,6.8,40,5.44,5.576,5.508,1,3,2,1,1,1
-s9qJ7ATP7w_0,6.8,41,5.576,5.712,5.644,1,3,2,1,1,1
-s9qJ7ATP7w_0,6.8,42,5.712,5.848,5.78,0,2,2,0,1,1
-s9qJ7ATP7w_0,6.8,43,5.848,5.984,5.916,1,3,2,1,1,1
-s9qJ7ATP7w_0,6.8,44,5.984,6.12,6.052,0,3,2,0,1,1
-s9qJ7ATP7w_0,6.8,45,6.12,6.256,6.188,1,3,2,1,1,1
-s9qJ7ATP7w_0,6.8,46,6.256,6.392,6.324,0,2,2,0,1,1
-s9qJ7ATP7w_0,6.8,47,6.392,6.528,6.46,1,3,2,1,1,1
-s9qJ7ATP7w_0,6.8,48,6.528,6.664,6.596,0,3,2,0,1,1
-s9qJ7ATP7w_0,6.8,49,6.664,6.8,6.732,1,1,3,1,1,1
-s9qJ7ATP7w_5,8.561,0,0.0,0.1712,0.0856,0,4,3,0,1,1
-s9qJ7ATP7w_5,8.561,1,0.1712,0.3424,0.2568,1,3,3,1,1,1
-s9qJ7ATP7w_5,8.561,2,0.3424,0.5137,0.4281,0,4,2,0,1,1
-s9qJ7ATP7w_5,8.561,3,0.5137,0.6849,0.5993,1,3,3,1,1,1
-s9qJ7ATP7w_5,8.561,4,0.6849,0.8561,0.7705,0,4,2,0,1,1
-s9qJ7ATP7w_5,8.561,5,0.8561,1.0273,0.9417,0,3,3,0,1,1
-s9qJ7ATP7w_5,8.561,6,1.0273,1.1985,1.1129,1,3,2,1,1,1
-s9qJ7ATP7w_5,8.561,7,1.1985,1.3698,1.2842,0,4,3,0,1,1
-s9qJ7ATP7w_5,8.561,8,1.3698,1.541,1.4554,1,3,3,1,1,1
-s9qJ7ATP7w_5,8.561,9,1.541,1.7122,1.6266,0,4,2,0,1,1
-s9qJ7ATP7w_5,8.561,10,1.7122,1.8834,1.7978,0,3,3,0,1,1
-s9qJ7ATP7w_5,8.561,11,1.8834,2.0546,1.969,1,4,2,1,1,1
-s9qJ7ATP7w_5,8.561,12,2.0546,2.2259,2.1402,0,3,3,0,1,1
-s9qJ7ATP7w_5,8.561,13,2.2259,2.3971,2.3115,1,3,2,1,1,1
-s9qJ7ATP7w_5,8.561,14,2.3971,2.5683,2.4827,0,4,3,0,1,1
-s9qJ7ATP7w_5,8.561,15,2.5683,2.7395,2.6539,0,3,3,0,1,1
-s9qJ7ATP7w_5,8.561,16,2.7395,2.9107,2.8251,1,4,2,1,1,1
-s9qJ7ATP7w_5,8.561,17,2.9107,3.082,2.9964,0,3,3,0,1,1
-s9qJ7ATP7w_5,8.561,18,3.082,3.2532,3.1676,1,4,2,1,1,1
-s9qJ7ATP7w_5,8.561,19,3.2532,3.4244,3.3388,0,3,3,0,1,1
-s9qJ7ATP7w_5,8.561,20,3.4244,3.5956,3.51,0,3,2,0,1,1
-s9qJ7ATP7w_5,8.561,21,3.5956,3.7668,3.6812,1,4,3,1,1,1
-s9qJ7ATP7w_5,8.561,22,3.7668,3.9381,3.8525,0,3,3,0,1,1
-s9qJ7ATP7w_5,8.561,23,3.9381,4.1093,4.0237,1,4,2,1,1,1
-s9qJ7ATP7w_5,8.561,24,4.1093,4.2805,4.1949,0,3,3,0,1,1
-s9qJ7ATP7w_5,8.561,25,4.2805,4.4517,4.3661,0,4,2,0,1,1
-s9qJ7ATP7w_5,8.561,26,4.4517,4.6229,4.5373,1,3,3,1,1,1
-s9qJ7ATP7w_5,8.561,27,4.6229,4.7942,4.7086,0,3,2,0,1,1
-s9qJ7ATP7w_5,8.561,28,4.7942,4.9654,4.8798,1,4,3,1,1,1
-s9qJ7ATP7w_5,8.561,29,4.9654,5.1366,5.051,0,3,3,0,1,1
-s9qJ7ATP7w_5,8.561,30,5.1366,5.3078,5.2222,0,4,2,0,1,1
-s9qJ7ATP7w_5,8.561,31,5.3078,5.479,5.3934,1,3,3,1,1,1
-s9qJ7ATP7w_5,8.561,32,5.479,5.6503,5.5647,0,4,2,0,1,1
-s9qJ7ATP7w_5,8.561,33,5.6503,5.8215,5.7359,1,3,3,1,1,1
-s9qJ7ATP7w_5,8.561,34,5.8215,5.9927,5.9071,0,3,2,0,1,1
-s9qJ7ATP7w_5,8.561,35,5.9927,6.1639,6.0783,0,4,3,0,1,1
-s9qJ7ATP7w_5,8.561,36,6.1639,6.3351,6.2495,1,3,3,1,1,1
-s9qJ7ATP7w_5,8.561,37,6.3351,6.5064,6.4207,0,4,2,0,1,1
-s9qJ7ATP7w_5,8.561,38,6.5064,6.6776,6.592,1,3,3,1,1,1
-s9qJ7ATP7w_5,8.561,39,6.6776,6.8488,6.7632,0,3,2,0,1,1
-s9qJ7ATP7w_5,8.561,40,6.8488,7.02,6.9344,0,4,3,0,1,1
-s9qJ7ATP7w_5,8.561,41,7.02,7.1912,7.1056,1,3,2,1,1,1
-s9qJ7ATP7w_5,8.561,42,7.1912,7.3625,7.2769,0,4,3,0,1,1
-s9qJ7ATP7w_5,8.561,43,7.3625,7.5337,7.4481,1,3,3,1,1,1
-s9qJ7ATP7w_5,8.561,44,7.5337,7.7049,7.6193,0,4,2,0,1,1
-s9qJ7ATP7w_5,8.561,45,7.7049,7.8761,7.7905,0,3,3,0,1,1
-s9qJ7ATP7w_5,8.561,46,7.8761,8.0473,7.9617,1,3,2,1,1,1
-s9qJ7ATP7w_5,8.561,47,8.0473,8.2186,8.133,0,4,3,0,1,1
-s9qJ7ATP7w_5,8.561,48,8.2186,8.3898,8.3042,1,3,2,1,1,1
-s9qJ7ATP7w_5,8.561,49,8.3898,8.561,8.4754,0,0,1,0,0,1
-s9qJ7ATP7w_4,4.427,0,0.0,0.0885,0.0443,0,2,2,0,1,1
-s9qJ7ATP7w_4,4.427,1,0.0885,0.1771,0.1328,0,2,1,0,1,1
-s9qJ7ATP7w_4,4.427,2,0.1771,0.2656,0.2213,1,2,1,1,1,1
-s9qJ7ATP7w_4,4.427,3,0.2656,0.3542,0.3099,0,2,2,0,1,1
-s9qJ7ATP7w_4,4.427,4,0.3542,0.4427,0.3984,0,1,1,0,1,1
-s9qJ7ATP7w_4,4.427,5,0.4427,0.5312,0.487,0,2,1,0,1,1
-s9qJ7ATP7w_4,4.427,6,0.5312,0.6198,0.5755,0,2,2,0,1,1
-s9qJ7ATP7w_4,4.427,7,0.6198,0.7083,0.6641,1,2,1,1,1,1
-s9qJ7ATP7w_4,4.427,8,0.7083,0.7969,0.7526,0,1,1,0,1,1
-s9qJ7ATP7w_4,4.427,9,0.7969,0.8854,0.8411,0,2,2,0,1,1
-s9qJ7ATP7w_4,4.427,10,0.8854,0.9739,0.9297,0,2,1,0,1,1
-s9qJ7ATP7w_4,4.427,11,0.9739,1.0625,1.0182,0,2,1,0,1,1
-s9qJ7ATP7w_4,4.427,12,1.0625,1.151,1.1067,1,2,2,1,1,1
-s9qJ7ATP7w_4,4.427,13,1.151,1.2396,1.1953,0,1,1,0,1,1
-s9qJ7ATP7w_4,4.427,14,1.2396,1.3281,1.2838,0,2,1,0,1,1
-s9qJ7ATP7w_4,4.427,15,1.3281,1.4166,1.3724,0,2,2,0,1,1
-s9qJ7ATP7w_4,4.427,16,1.4166,1.5052,1.4609,0,2,1,0,1,1
-s9qJ7ATP7w_4,4.427,17,1.5052,1.5937,1.5494,1,1,1,1,1,1
-s9qJ7ATP7w_4,4.427,18,1.5937,1.6823,1.638,0,2,2,0,1,1
-s9qJ7ATP7w_4,4.427,19,1.6823,1.7708,1.7265,0,2,1,0,1,1
-s9qJ7ATP7w_4,4.427,20,1.7708,1.8593,1.8151,0,2,1,0,1,1
-s9qJ7ATP7w_4,4.427,21,1.8593,1.9479,1.9036,0,1,2,0,1,1
-s9qJ7ATP7w_4,4.427,22,1.9479,2.0364,1.9921,1,2,1,1,1,1
-s9qJ7ATP7w_4,4.427,23,2.0364,2.125,2.0807,0,2,1,0,1,1
-s9qJ7ATP7w_4,4.427,24,2.125,2.2135,2.1692,0,2,2,0,1,1
-s9qJ7ATP7w_4,4.427,25,2.2135,2.302,2.2578,0,2,1,0,1,1
-s9qJ7ATP7w_4,4.427,26,2.302,2.3906,2.3463,0,1,1,0,1,1
-s9qJ7ATP7w_4,4.427,27,2.3906,2.4791,2.4348,1,2,2,1,1,1
-s9qJ7ATP7w_4,4.427,28,2.4791,2.5677,2.5234,0,2,1,0,1,1
-s9qJ7ATP7w_4,4.427,29,2.5677,2.6562,2.6119,0,2,1,0,1,1
-s9qJ7ATP7w_4,4.427,30,2.6562,2.7447,2.7005,0,1,2,0,1,1
-s9qJ7ATP7w_4,4.427,31,2.7447,2.8333,2.789,0,2,1,0,1,1
-s9qJ7ATP7w_4,4.427,32,2.8333,2.9218,2.8775,1,2,1,1,1,1
-s9qJ7ATP7w_4,4.427,33,2.9218,3.0104,2.9661,0,2,2,0,1,1
-s9qJ7ATP7w_4,4.427,34,3.0104,3.0989,3.0546,0,1,1,0,1,1
-s9qJ7ATP7w_4,4.427,35,3.0989,3.1874,3.1432,0,2,1,0,1,1
-s9qJ7ATP7w_4,4.427,36,3.1874,3.276,3.2317,0,2,2,0,1,1
-s9qJ7ATP7w_4,4.427,37,3.276,3.3645,3.3202,1,2,1,1,1,1
-s9qJ7ATP7w_4,4.427,38,3.3645,3.4531,3.4088,0,2,1,0,1,1
-s9qJ7ATP7w_4,4.427,39,3.4531,3.5416,3.4973,0,1,2,0,1,1
-s9qJ7ATP7w_4,4.427,40,3.5416,3.6301,3.5859,0,2,1,0,1,1
-s9qJ7ATP7w_4,4.427,41,3.6301,3.7187,3.6744,0,2,1,0,1,1
-s9qJ7ATP7w_4,4.427,42,3.7187,3.8072,3.7629,1,2,2,1,1,1
-s9qJ7ATP7w_4,4.427,43,3.8072,3.8958,3.8515,0,1,1,0,1,1
-s9qJ7ATP7w_4,4.427,44,3.8958,3.9843,3.94,0,2,1,0,1,1
-s9qJ7ATP7w_4,4.427,45,3.9843,4.0728,4.0286,0,2,2,0,1,1
-s9qJ7ATP7w_4,4.427,46,4.0728,4.1614,4.1171,0,2,1,0,1,1
-s9qJ7ATP7w_4,4.427,47,4.1614,4.2499,4.2056,1,1,1,1,1,1
-s9qJ7ATP7w_4,4.427,48,4.2499,4.3385,4.2942,0,0,0,0,0,0
-s9qJ7ATP7w_4,4.427,49,4.3385,4.427,4.3827,0,0,1,0,0,1
-s9qJ7ATP7w_7,6.966,0,0.0,0.1393,0.0697,1,3,3,1,1,1
-s9qJ7ATP7w_7,6.966,1,0.1393,0.2786,0.209,0,3,2,0,1,1
-s9qJ7ATP7w_7,6.966,2,0.2786,0.418,0.3483,1,3,2,1,1,1
-s9qJ7ATP7w_7,6.966,3,0.418,0.5573,0.4876,1,3,2,1,1,1
-s9qJ7ATP7w_7,6.966,4,0.5573,0.6966,0.6269,0,2,2,0,1,1
-s9qJ7ATP7w_7,6.966,5,0.6966,0.8359,0.7663,1,3,2,1,1,1
-s9qJ7ATP7w_7,6.966,6,0.8359,0.9752,0.9056,1,3,2,1,1,1
-s9qJ7ATP7w_7,6.966,7,0.9752,1.1146,1.0449,1,3,2,1,1,1
-s9qJ7ATP7w_7,6.966,8,1.1146,1.2539,1.1842,0,3,2,0,1,1
-s9qJ7ATP7w_7,6.966,9,1.2539,1.3932,1.3235,1,2,2,1,1,1
-s9qJ7ATP7w_7,6.966,10,1.3932,1.5325,1.4629,1,3,2,1,1,1
-s9qJ7ATP7w_7,6.966,11,1.5325,1.6718,1.6022,0,3,3,0,1,1
-s9qJ7ATP7w_7,6.966,12,1.6718,1.8112,1.7415,1,3,2,1,1,1
-s9qJ7ATP7w_7,6.966,13,1.8112,1.9505,1.8808,1,3,2,1,1,1
-s9qJ7ATP7w_7,6.966,14,1.9505,2.0898,2.0201,0,2,2,0,1,1
-s9qJ7ATP7w_7,6.966,15,2.0898,2.2291,2.1595,1,3,2,1,1,1
-s9qJ7ATP7w_7,6.966,16,2.2291,2.3684,2.2988,1,3,2,1,1,1
-s9qJ7ATP7w_7,6.966,17,2.3684,2.5078,2.4381,1,3,2,1,1,1
-s9qJ7ATP7w_7,6.966,18,2.5078,2.6471,2.5774,0,2,2,0,1,1
-s9qJ7ATP7w_7,6.966,19,2.6471,2.7864,2.7167,1,3,2,1,1,1
-s9qJ7ATP7w_7,6.966,20,2.7864,2.9257,2.8561,1,3,2,1,1,1
-s9qJ7ATP7w_7,6.966,21,2.9257,3.065,2.9954,0,3,2,0,1,1
-s9qJ7ATP7w_7,6.966,22,3.065,3.2044,3.1347,1,3,3,1,1,1
-s9qJ7ATP7w_7,6.966,23,3.2044,3.3437,3.274,1,2,2,1,1,1
-s9qJ7ATP7w_7,6.966,24,3.3437,3.483,3.4133,0,3,2,0,1,1
-s9qJ7ATP7w_7,6.966,25,3.483,3.6223,3.5527,1,3,2,1,1,1
-s9qJ7ATP7w_7,6.966,26,3.6223,3.7616,3.692,1,3,2,1,1,1
-s9qJ7ATP7w_7,6.966,27,3.7616,3.901,3.8313,1,3,2,1,1,1
-s9qJ7ATP7w_7,6.966,28,3.901,4.0403,3.9706,0,2,2,0,1,1
-s9qJ7ATP7w_7,6.966,29,4.0403,4.1796,4.1099,1,3,2,1,1,1
-s9qJ7ATP7w_7,6.966,30,4.1796,4.3189,4.2493,1,3,2,1,1,1
-s9qJ7ATP7w_7,6.966,31,4.3189,4.4582,4.3886,0,3,2,0,1,1
-s9qJ7ATP7w_7,6.966,32,4.4582,4.5976,4.5279,1,2,2,1,1,1
-s9qJ7ATP7w_7,6.966,33,4.5976,4.7369,4.6672,1,3,3,1,1,1
-s9qJ7ATP7w_7,6.966,34,4.7369,4.8762,4.8065,0,3,2,0,1,1
-s9qJ7ATP7w_7,6.966,35,4.8762,5.0155,4.9459,1,3,2,1,1,1
-s9qJ7ATP7w_7,6.966,36,5.0155,5.1548,5.0852,1,3,2,1,1,1
-s9qJ7ATP7w_7,6.966,37,5.1548,5.2942,5.2245,1,2,2,1,1,1
-s9qJ7ATP7w_7,6.966,38,5.2942,5.4335,5.3638,0,3,2,0,1,1
-s9qJ7ATP7w_7,6.966,39,5.4335,5.5728,5.5031,1,3,2,1,1,1
-s9qJ7ATP7w_7,6.966,40,5.5728,5.7121,5.6425,1,3,2,1,1,1
-s9qJ7ATP7w_7,6.966,41,5.7121,5.8514,5.7818,0,3,2,0,1,1
-s9qJ7ATP7w_7,6.966,42,5.8514,5.9908,5.9211,1,2,2,1,1,1
-s9qJ7ATP7w_7,6.966,43,5.9908,6.1301,6.0604,1,3,2,1,1,1
-s9qJ7ATP7w_7,6.966,44,6.1301,6.2694,6.1997,0,3,3,0,1,1
-s9qJ7ATP7w_7,6.966,45,6.2694,6.4087,6.3391,1,3,2,1,1,1
-s9qJ7ATP7w_7,6.966,46,6.4087,6.548,6.4784,1,2,2,1,1,1
-s9qJ7ATP7w_7,6.966,47,6.548,6.6874,6.6177,1,3,2,1,1,1
-s9qJ7ATP7w_7,6.966,48,6.6874,6.8267,6.757,0,3,2,0,1,1
-s9qJ7ATP7w_7,6.966,49,6.8267,6.966,6.8963,1,0,1,1,0,1
-s9qJ7ATP7w_6,2.475,0,0.0,0.0495,0.0248,0,1,1,0,1,1
-s9qJ7ATP7w_6,2.475,1,0.0495,0.099,0.0743,0,1,1,0,1,1
-s9qJ7ATP7w_6,2.475,2,0.099,0.1485,0.1238,0,1,1,0,1,1
-s9qJ7ATP7w_6,2.475,3,0.1485,0.198,0.1733,0,1,0,0,1,0
-s9qJ7ATP7w_6,2.475,4,0.198,0.2475,0.2228,0,1,1,0,1,1
-s9qJ7ATP7w_6,2.475,5,0.2475,0.297,0.2722,1,1,1,1,1,1
-s9qJ7ATP7w_6,2.475,6,0.297,0.3465,0.3218,0,1,1,0,1,1
-s9qJ7ATP7w_6,2.475,7,0.3465,0.396,0.3713,0,1,0,0,1,0
-s9qJ7ATP7w_6,2.475,8,0.396,0.4455,0.4208,0,1,1,0,1,1
-s9qJ7ATP7w_6,2.475,9,0.4455,0.495,0.4703,0,1,1,0,1,1
-s9qJ7ATP7w_6,2.475,10,0.495,0.5445,0.5197,0,1,1,0,1,1
-s9qJ7ATP7w_6,2.475,11,0.5445,0.594,0.5693,0,1,0,0,1,0
-s9qJ7ATP7w_6,2.475,12,0.594,0.6435,0.6188,0,1,1,0,1,1
-s9qJ7ATP7w_6,2.475,13,0.6435,0.693,0.6683,0,1,1,0,1,1
-s9qJ7ATP7w_6,2.475,14,0.693,0.7425,0.7178,0,1,1,0,1,1
-s9qJ7ATP7w_6,2.475,15,0.7425,0.792,0.7672,1,1,0,1,1,0
-s9qJ7ATP7w_6,2.475,16,0.792,0.8415,0.8168,0,1,1,0,1,1
-s9qJ7ATP7w_6,2.475,17,0.8415,0.891,0.8662,0,1,1,0,1,1
-s9qJ7ATP7w_6,2.475,18,0.891,0.9405,0.9158,0,1,1,0,1,1
-s9qJ7ATP7w_6,2.475,19,0.9405,0.99,0.9652,0,1,0,0,1,0
-s9qJ7ATP7w_6,2.475,20,0.99,1.0395,1.0148,0,1,1,0,1,1
-s9qJ7ATP7w_6,2.475,21,1.0395,1.089,1.0642,0,1,1,0,1,1
-s9qJ7ATP7w_6,2.475,22,1.089,1.1385,1.1138,0,1,1,0,1,1
-s9qJ7ATP7w_6,2.475,23,1.1385,1.188,1.1633,0,1,0,0,1,0
-s9qJ7ATP7w_6,2.475,24,1.188,1.2375,1.2128,1,1,1,1,1,1
-s9qJ7ATP7w_6,2.475,25,1.2375,1.287,1.2623,0,1,1,0,1,1
-s9qJ7ATP7w_6,2.475,26,1.287,1.3365,1.3117,0,1,1,0,1,1
-s9qJ7ATP7w_6,2.475,27,1.3365,1.386,1.3613,0,1,0,0,1,0
-s9qJ7ATP7w_6,2.475,28,1.386,1.4355,1.4108,0,1,1,0,1,1
-s9qJ7ATP7w_6,2.475,29,1.4355,1.485,1.4603,0,1,1,0,1,1
-s9qJ7ATP7w_6,2.475,30,1.485,1.5345,1.5097,0,1,1,0,1,1
-s9qJ7ATP7w_6,2.475,31,1.5345,1.584,1.5593,0,1,0,0,1,0
-s9qJ7ATP7w_6,2.475,32,1.584,1.6335,1.6088,0,1,1,0,1,1
-s9qJ7ATP7w_6,2.475,33,1.6335,1.683,1.6583,0,1,1,0,1,1
-s9qJ7ATP7w_6,2.475,34,1.683,1.7325,1.7078,1,1,0,1,1,0
-s9qJ7ATP7w_6,2.475,35,1.7325,1.782,1.7572,0,1,1,0,1,1
-s9qJ7ATP7w_6,2.475,36,1.782,1.8315,1.8068,0,1,1,0,1,1
-s9qJ7ATP7w_6,2.475,37,1.8315,1.881,1.8563,0,1,1,0,1,1
-s9qJ7ATP7w_6,2.475,38,1.881,1.9305,1.9058,0,1,0,0,1,0
-s9qJ7ATP7w_6,2.475,39,1.9305,1.98,1.9552,0,1,1,0,1,1
-s9qJ7ATP7w_6,2.475,40,1.98,2.0295,2.0048,0,1,1,0,1,1
-s9qJ7ATP7w_6,2.475,41,2.0295,2.079,2.0543,0,1,1,0,1,1
-s9qJ7ATP7w_6,2.475,42,2.079,2.1285,2.1038,0,1,0,0,1,0
-s9qJ7ATP7w_6,2.475,43,2.1285,2.178,2.1532,0,1,1,0,1,1
-s9qJ7ATP7w_6,2.475,44,2.178,2.2275,2.2027,1,1,1,1,1,1
-s9qJ7ATP7w_6,2.475,45,2.2275,2.277,2.2523,0,1,1,0,1,1
-s9qJ7ATP7w_6,2.475,46,2.277,2.3265,2.3018,0,1,0,0,1,0
-s9qJ7ATP7w_6,2.475,47,2.3265,2.376,2.3513,0,0,0,0,0,0
-s9qJ7ATP7w_6,2.475,48,2.376,2.4255,2.4008,0,0,0,0,0,0
-s9qJ7ATP7w_6,2.475,49,2.4255,2.475,2.4503,0,0,1,0,0,1
-s9qJ7ATP7w_8,3.295,0,0.0,0.0659,0.033,0,2,1,0,1,1
-s9qJ7ATP7w_8,3.295,1,0.0659,0.1318,0.0988,1,1,1,1,1,1
-s9qJ7ATP7w_8,3.295,2,0.1318,0.1977,0.1648,0,1,1,0,1,1
-s9qJ7ATP7w_8,3.295,3,0.1977,0.2636,0.2306,0,2,1,0,1,1
-s9qJ7ATP7w_8,3.295,4,0.2636,0.3295,0.2965,1,1,1,1,1,1
-s9qJ7ATP7w_8,3.295,5,0.3295,0.3954,0.3624,0,1,1,0,1,1
-s9qJ7ATP7w_8,3.295,6,0.3954,0.4613,0.4284,0,2,1,0,1,1
-s9qJ7ATP7w_8,3.295,7,0.4613,0.5272,0.4942,1,1,1,1,1,1
-s9qJ7ATP7w_8,3.295,8,0.5272,0.5931,0.5601,0,1,1,0,1,1
-s9qJ7ATP7w_8,3.295,9,0.5931,0.659,0.626,0,2,1,0,1,1
-s9qJ7ATP7w_8,3.295,10,0.659,0.7249,0.692,1,1,1,1,1,1
-s9qJ7ATP7w_8,3.295,11,0.7249,0.7908,0.7578,0,1,1,0,1,1
-s9qJ7ATP7w_8,3.295,12,0.7908,0.8567,0.8237,0,2,1,0,1,1
-s9qJ7ATP7w_8,3.295,13,0.8567,0.9226,0.8897,1,1,1,1,1,1
-s9qJ7ATP7w_8,3.295,14,0.9226,0.9885,0.9556,0,1,1,0,1,1
-s9qJ7ATP7w_8,3.295,15,0.9885,1.0544,1.0214,0,2,1,0,1,1
-s9qJ7ATP7w_8,3.295,16,1.0544,1.1203,1.0874,1,1,1,1,1,1
-s9qJ7ATP7w_8,3.295,17,1.1203,1.1862,1.1532,0,1,1,0,1,1
-s9qJ7ATP7w_8,3.295,18,1.1862,1.2521,1.2191,0,2,1,0,1,1
-s9qJ7ATP7w_8,3.295,19,1.2521,1.318,1.2851,1,1,1,1,1,1
-s9qJ7ATP7w_8,3.295,20,1.318,1.3839,1.351,0,1,1,0,1,1
-s9qJ7ATP7w_8,3.295,21,1.3839,1.4498,1.4168,0,1,1,0,1,1
-s9qJ7ATP7w_8,3.295,22,1.4498,1.5157,1.4828,1,2,1,1,1,1
-s9qJ7ATP7w_8,3.295,23,1.5157,1.5816,1.5486,0,1,1,0,1,1
-s9qJ7ATP7w_8,3.295,24,1.5816,1.6475,1.6145,1,1,1,1,1,1
-s9qJ7ATP7w_8,3.295,25,1.6475,1.7134,1.6804,0,2,1,0,1,1
-s9qJ7ATP7w_8,3.295,26,1.7134,1.7793,1.7464,0,1,1,0,1,1
-s9qJ7ATP7w_8,3.295,27,1.7793,1.8452,1.8123,1,1,1,1,1,1
-s9qJ7ATP7w_8,3.295,28,1.8452,1.9111,1.8781,0,2,1,0,1,1
-s9qJ7ATP7w_8,3.295,29,1.9111,1.977,1.9441,0,1,1,0,1,1
-s9qJ7ATP7w_8,3.295,30,1.977,2.0429,2.0099,1,1,1,1,1,1
-s9qJ7ATP7w_8,3.295,31,2.0429,2.1088,2.0758,0,2,1,0,1,1
-s9qJ7ATP7w_8,3.295,32,2.1088,2.1747,2.1418,0,1,1,0,1,1
-s9qJ7ATP7w_8,3.295,33,2.1747,2.2406,2.2077,1,1,1,1,1,1
-s9qJ7ATP7w_8,3.295,34,2.2406,2.3065,2.2736,0,2,1,0,1,1
-s9qJ7ATP7w_8,3.295,35,2.3065,2.3724,2.3395,0,1,1,0,1,1
-s9qJ7ATP7w_8,3.295,36,2.3724,2.4383,2.4053,1,1,1,1,1,1
-s9qJ7ATP7w_8,3.295,37,2.4383,2.5042,2.4712,0,2,1,0,1,1
-s9qJ7ATP7w_8,3.295,38,2.5042,2.5701,2.5372,0,1,1,0,1,1
-s9qJ7ATP7w_8,3.295,39,2.5701,2.636,2.6031,1,1,1,1,1,1
-s9qJ7ATP7w_8,3.295,40,2.636,2.7019,2.669,0,2,1,0,1,1
-s9qJ7ATP7w_8,3.295,41,2.7019,2.7678,2.7348,0,1,1,0,1,1
-s9qJ7ATP7w_8,3.295,42,2.7678,2.8337,2.8007,1,1,1,1,1,1
-s9qJ7ATP7w_8,3.295,43,2.8337,2.8996,2.8666,0,1,1,0,1,1
-s9qJ7ATP7w_8,3.295,44,2.8996,2.9655,2.9325,0,2,1,0,1,1
-s9qJ7ATP7w_8,3.295,45,2.9655,3.0314,2.9985,1,1,1,1,1,1
-s9qJ7ATP7w_8,3.295,46,3.0314,3.0973,3.0644,0,1,1,0,1,1
-s9qJ7ATP7w_8,3.295,47,3.0973,3.1632,3.1303,0,2,1,0,1,1
-s9qJ7ATP7w_8,3.295,48,3.1632,3.2291,3.1961,1,0,0,1,0,0
-s9qJ7ATP7w_8,3.295,49,3.2291,3.295,3.262,0,0,1,0,0,1
-yRb-Jum7EQ_1,29.288,0,0.0,0.5858,0.2929,1,12,9,1,1,1
-yRb-Jum7EQ_1,29.288,1,0.5858,1.1715,0.8786,1,12,9,1,1,1
-yRb-Jum7EQ_1,29.288,2,1.1715,1.7573,1.4644,1,12,9,1,1,1
-yRb-Jum7EQ_1,29.288,3,1.7573,2.343,2.0502,1,11,9,1,1,1
-yRb-Jum7EQ_1,29.288,4,2.343,2.9288,2.6359,1,12,8,1,1,1
-yRb-Jum7EQ_1,29.288,5,2.9288,3.5146,3.2217,2,12,9,1,1,1
-yRb-Jum7EQ_1,29.288,6,3.5146,4.1003,3.8074,1,12,9,1,1,1
-yRb-Jum7EQ_1,29.288,7,4.1003,4.6861,4.3932,1,11,9,1,1,1
-yRb-Jum7EQ_1,29.288,8,4.6861,5.2718,4.979,1,12,9,1,1,1
-yRb-Jum7EQ_1,29.288,9,5.2718,5.8576,5.5647,1,12,8,1,1,1
-yRb-Jum7EQ_1,29.288,10,5.8576,6.4434,6.1505,1,11,9,1,1,1
-yRb-Jum7EQ_1,29.288,11,6.4434,7.0291,6.7362,1,12,9,1,1,1
-yRb-Jum7EQ_1,29.288,12,7.0291,7.6149,7.322,1,12,9,1,1,1
-yRb-Jum7EQ_1,29.288,13,7.6149,8.2006,7.9078,1,12,9,1,1,1
-yRb-Jum7EQ_1,29.288,14,8.2006,8.7864,8.4935,1,11,8,1,1,1
-yRb-Jum7EQ_1,29.288,15,8.7864,9.3722,9.0793,2,12,9,1,1,1
-yRb-Jum7EQ_1,29.288,16,9.3722,9.9579,9.665,1,12,9,1,1,1
-yRb-Jum7EQ_1,29.288,17,9.9579,10.5437,10.2508,1,11,9,1,1,1
-yRb-Jum7EQ_1,29.288,18,10.5437,11.1294,10.8366,1,12,8,1,1,1
-yRb-Jum7EQ_1,29.288,19,11.1294,11.7152,11.4223,1,12,9,1,1,1
-yRb-Jum7EQ_1,29.288,20,11.7152,12.301,12.0081,1,12,9,1,1,1
-yRb-Jum7EQ_1,29.288,21,12.301,12.8867,12.5938,1,11,9,1,1,1
-yRb-Jum7EQ_1,29.288,22,12.8867,13.4725,13.1796,1,12,9,1,1,1
-yRb-Jum7EQ_1,29.288,23,13.4725,14.0582,13.7654,1,12,8,1,1,1
-yRb-Jum7EQ_1,29.288,24,14.0582,14.644,14.3511,1,11,9,1,1,1
-yRb-Jum7EQ_1,29.288,25,14.644,15.2298,14.9369,2,12,9,1,1,1
-yRb-Jum7EQ_1,29.288,26,15.2298,15.8155,15.5226,1,12,9,1,1,1
-yRb-Jum7EQ_1,29.288,27,15.8155,16.4013,16.1084,1,12,9,1,1,1
-yRb-Jum7EQ_1,29.288,28,16.4013,16.987,16.6942,1,11,8,1,1,1
-yRb-Jum7EQ_1,29.288,29,16.987,17.5728,17.2799,1,12,9,1,1,1
-yRb-Jum7EQ_1,29.288,30,17.5728,18.1586,17.8657,1,12,9,1,1,1
-yRb-Jum7EQ_1,29.288,31,18.1586,18.7443,18.4514,1,11,9,1,1,1
-yRb-Jum7EQ_1,29.288,32,18.7443,19.3301,19.0372,1,12,8,1,1,1
-yRb-Jum7EQ_1,29.288,33,19.3301,19.9158,19.623,1,12,9,1,1,1
-yRb-Jum7EQ_1,29.288,34,19.9158,20.5016,20.2087,1,12,9,1,1,1
-yRb-Jum7EQ_1,29.288,35,20.5016,21.0874,20.7945,2,11,9,1,1,1
-yRb-Jum7EQ_1,29.288,36,21.0874,21.6731,21.3802,1,12,9,1,1,1
-yRb-Jum7EQ_1,29.288,37,21.6731,22.2589,21.966,1,12,8,1,1,1
-yRb-Jum7EQ_1,29.288,38,22.2589,22.8446,22.5518,1,11,9,1,1,1
-yRb-Jum7EQ_1,29.288,39,22.8446,23.4304,23.1375,1,12,9,1,1,1
-yRb-Jum7EQ_1,29.288,40,23.4304,24.0162,23.7233,1,12,9,1,1,1
-yRb-Jum7EQ_1,29.288,41,24.0162,24.6019,24.309,1,12,9,1,1,1
-yRb-Jum7EQ_1,29.288,42,24.6019,25.1877,24.8948,1,11,8,1,1,1
-yRb-Jum7EQ_1,29.288,43,25.1877,25.7734,25.4806,1,12,9,1,1,1
-yRb-Jum7EQ_1,29.288,44,25.7734,26.3592,26.0663,1,12,9,1,1,1
-yRb-Jum7EQ_1,29.288,45,26.3592,26.945,26.6521,2,11,9,1,1,1
-yRb-Jum7EQ_1,29.288,46,26.945,27.5307,27.2378,1,12,8,1,1,1
-yRb-Jum7EQ_1,29.288,47,27.5307,28.1165,27.8236,1,12,9,1,1,1
-yRb-Jum7EQ_1,29.288,48,28.1165,28.7022,28.4094,1,12,9,1,1,1
-yRb-Jum7EQ_1,29.288,49,28.7022,29.288,28.9951,1,8,7,1,1,1
-yRb-Jum7EQ_5,13.169,0,0.0,0.2634,0.1317,1,6,4,1,1,1
-yRb-Jum7EQ_5,13.169,1,0.2634,0.5268,0.3951,0,5,4,0,1,1
-yRb-Jum7EQ_5,13.169,2,0.5268,0.7901,0.6584,1,5,4,1,1,1
-yRb-Jum7EQ_5,13.169,3,0.7901,1.0535,0.9218,0,6,4,0,1,1
-yRb-Jum7EQ_5,13.169,4,1.0535,1.3169,1.1852,1,5,4,1,1,1
-yRb-Jum7EQ_5,13.169,5,1.3169,1.5803,1.4486,0,5,4,0,1,1
-yRb-Jum7EQ_5,13.169,6,1.5803,1.8437,1.712,1,5,4,1,1,1
-yRb-Jum7EQ_5,13.169,7,1.8437,2.107,1.9754,1,6,4,1,1,1
-yRb-Jum7EQ_5,13.169,8,2.107,2.3704,2.2387,0,5,4,0,1,1
-yRb-Jum7EQ_5,13.169,9,2.3704,2.6338,2.5021,1,5,4,1,1,1
-yRb-Jum7EQ_5,13.169,10,2.6338,2.8972,2.7655,0,5,4,0,1,1
-yRb-Jum7EQ_5,13.169,11,2.8972,3.1606,3.0289,1,6,4,1,1,1
-yRb-Jum7EQ_5,13.169,12,3.1606,3.4239,3.2923,1,5,4,1,1,1
-yRb-Jum7EQ_5,13.169,13,3.4239,3.6873,3.5556,0,5,4,0,1,1
-yRb-Jum7EQ_5,13.169,14,3.6873,3.9507,3.819,1,6,4,1,1,1
-yRb-Jum7EQ_5,13.169,15,3.9507,4.2141,4.0824,0,5,4,0,1,1
-yRb-Jum7EQ_5,13.169,16,4.2141,4.4775,4.3458,1,5,4,1,1,1
-yRb-Jum7EQ_5,13.169,17,4.4775,4.7408,4.6091,0,5,4,0,1,1
-yRb-Jum7EQ_5,13.169,18,4.7408,5.0042,4.8725,1,6,4,1,1,1
-yRb-Jum7EQ_5,13.169,19,5.0042,5.2676,5.1359,1,5,4,1,1,1
-yRb-Jum7EQ_5,13.169,20,5.2676,5.531,5.3993,0,5,3,0,1,1
-yRb-Jum7EQ_5,13.169,21,5.531,5.7944,5.6627,1,5,4,1,1,1
-yRb-Jum7EQ_5,13.169,22,5.7944,6.0577,5.9261,0,6,4,0,1,1
-yRb-Jum7EQ_5,13.169,23,6.0577,6.3211,6.1894,1,5,4,1,1,1
-yRb-Jum7EQ_5,13.169,24,6.3211,6.5845,6.4528,0,5,4,0,1,1
-yRb-Jum7EQ_5,13.169,25,6.5845,6.8479,6.7162,1,5,4,1,1,1
-yRb-Jum7EQ_5,13.169,26,6.8479,7.1113,6.9796,1,6,4,1,1,1
-yRb-Jum7EQ_5,13.169,27,7.1113,7.3746,7.243,0,5,4,0,1,1
-yRb-Jum7EQ_5,13.169,28,7.3746,7.638,7.5063,1,5,4,1,1,1
-yRb-Jum7EQ_5,13.169,29,7.638,7.9014,7.7697,0,6,4,0,1,1
-yRb-Jum7EQ_5,13.169,30,7.9014,8.1648,8.0331,1,5,4,1,1,1
-yRb-Jum7EQ_5,13.169,31,8.1648,8.4282,8.2965,1,5,4,1,1,1
-yRb-Jum7EQ_5,13.169,32,8.4282,8.6915,8.5599,0,5,4,0,1,1
-yRb-Jum7EQ_5,13.169,33,8.6915,8.9549,8.8232,1,6,4,1,1,1
-yRb-Jum7EQ_5,13.169,34,8.9549,9.2183,9.0866,0,5,4,0,1,1
-yRb-Jum7EQ_5,13.169,35,9.2183,9.4817,9.35,1,5,4,1,1,1
-yRb-Jum7EQ_5,13.169,36,9.4817,9.7451,9.6134,0,5,4,0,1,1
-yRb-Jum7EQ_5,13.169,37,9.7451,10.0084,9.8768,1,6,4,1,1,1
-yRb-Jum7EQ_5,13.169,38,10.0084,10.2718,10.1401,1,5,4,1,1,1
-yRb-Jum7EQ_5,13.169,39,10.2718,10.5352,10.4035,0,5,4,0,1,1
-yRb-Jum7EQ_5,13.169,40,10.5352,10.7986,10.6669,1,5,3,1,1,1
-yRb-Jum7EQ_5,13.169,41,10.7986,11.062,10.9303,0,6,4,0,1,1
-yRb-Jum7EQ_5,13.169,42,11.062,11.3253,11.1937,1,5,4,1,1,1
-yRb-Jum7EQ_5,13.169,43,11.3253,11.5887,11.457,1,5,4,1,1,1
-yRb-Jum7EQ_5,13.169,44,11.5887,11.8521,11.7204,0,6,4,0,1,1
-yRb-Jum7EQ_5,13.169,45,11.8521,12.1155,11.9838,1,5,4,1,1,1
-yRb-Jum7EQ_5,13.169,46,12.1155,12.3789,12.2472,0,5,4,0,1,1
-yRb-Jum7EQ_5,13.169,47,12.3789,12.6422,12.5106,1,5,4,1,1,1
-yRb-Jum7EQ_5,13.169,48,12.6422,12.9056,12.7739,0,6,4,0,1,1
-yRb-Jum7EQ_5,13.169,49,12.9056,13.169,13.0373,1,2,4,1,1,1
-yRb-Jum7EQ_6,11.226,0,0.0,0.2245,0.1123,0,5,4,0,1,1
-yRb-Jum7EQ_6,11.226,1,0.2245,0.449,0.3368,1,4,3,1,1,1
-yRb-Jum7EQ_6,11.226,2,0.449,0.6736,0.5613,0,5,4,0,1,1
-yRb-Jum7EQ_6,11.226,3,0.6736,0.8981,0.7858,1,4,3,1,1,1
-yRb-Jum7EQ_6,11.226,4,0.8981,1.1226,1.0103,0,5,3,0,1,1
-yRb-Jum7EQ_6,11.226,5,1.1226,1.3471,1.2349,1,4,4,1,1,1
-yRb-Jum7EQ_6,11.226,6,1.3471,1.5716,1.4594,0,5,3,0,1,1
-yRb-Jum7EQ_6,11.226,7,1.5716,1.7962,1.6839,1,4,3,1,1,1
-yRb-Jum7EQ_6,11.226,8,1.7962,2.0207,1.9084,0,5,4,0,1,1
-yRb-Jum7EQ_6,11.226,9,2.0207,2.2452,2.1329,0,4,3,0,1,1
-yRb-Jum7EQ_6,11.226,10,2.2452,2.4697,2.3575,1,5,4,1,1,1
-yRb-Jum7EQ_6,11.226,11,2.4697,2.6942,2.582,0,4,3,0,1,1
-yRb-Jum7EQ_6,11.226,12,2.6942,2.9188,2.8065,1,5,3,1,1,1
-yRb-Jum7EQ_6,11.226,13,2.9188,3.1433,3.031,0,4,4,0,1,1
-yRb-Jum7EQ_6,11.226,14,3.1433,3.3678,3.2555,1,5,3,1,1,1
-yRb-Jum7EQ_6,11.226,15,3.3678,3.5923,3.4801,0,4,3,0,1,1
-yRb-Jum7EQ_6,11.226,16,3.5923,3.8168,3.7046,0,5,4,0,1,1
-yRb-Jum7EQ_6,11.226,17,3.8168,4.0414,3.9291,1,4,3,1,1,1
-yRb-Jum7EQ_6,11.226,18,4.0414,4.2659,4.1536,0,5,3,0,1,1
-yRb-Jum7EQ_6,11.226,19,4.2659,4.4904,4.3781,1,4,4,1,1,1
-yRb-Jum7EQ_6,11.226,20,4.4904,4.7149,4.6027,0,5,3,0,1,1
-yRb-Jum7EQ_6,11.226,21,4.7149,4.9394,4.8272,1,4,4,1,1,1
-yRb-Jum7EQ_6,11.226,22,4.9394,5.164,5.0517,0,5,3,0,1,1
-yRb-Jum7EQ_6,11.226,23,5.164,5.3885,5.2762,1,4,3,1,1,1
-yRb-Jum7EQ_6,11.226,24,5.3885,5.613,5.5007,0,5,4,0,1,1
-yRb-Jum7EQ_6,11.226,25,5.613,5.8375,5.7253,0,4,3,0,1,1
-yRb-Jum7EQ_6,11.226,26,5.8375,6.062,5.9498,1,5,3,1,1,1
-yRb-Jum7EQ_6,11.226,27,6.062,6.2866,6.1743,0,4,4,0,1,1
-yRb-Jum7EQ_6,11.226,28,6.2866,6.5111,6.3988,1,5,3,1,1,1
-yRb-Jum7EQ_6,11.226,29,6.5111,6.7356,6.6233,0,4,4,0,1,1
-yRb-Jum7EQ_6,11.226,30,6.7356,6.9601,6.8479,1,5,3,1,1,1
-yRb-Jum7EQ_6,11.226,31,6.9601,7.1846,7.0724,0,4,3,0,1,1
-yRb-Jum7EQ_6,11.226,32,7.1846,7.4092,7.2969,1,5,4,1,1,1
-yRb-Jum7EQ_6,11.226,33,7.4092,7.6337,7.5214,0,4,3,0,1,1
-yRb-Jum7EQ_6,11.226,34,7.6337,7.8582,7.7459,0,5,3,0,1,1
-yRb-Jum7EQ_6,11.226,35,7.8582,8.0827,7.9705,1,4,4,1,1,1
-yRb-Jum7EQ_6,11.226,36,8.0827,8.3072,8.195,0,5,3,0,1,1
-yRb-Jum7EQ_6,11.226,37,8.3072,8.5318,8.4195,1,4,3,1,1,1
-yRb-Jum7EQ_6,11.226,38,8.5318,8.7563,8.644,0,5,4,0,1,1
-yRb-Jum7EQ_6,11.226,39,8.7563,8.9808,8.8685,1,4,3,1,1,1
-yRb-Jum7EQ_6,11.226,40,8.9808,9.2053,9.0931,0,5,4,0,1,1
-yRb-Jum7EQ_6,11.226,41,9.2053,9.4298,9.3176,0,4,3,0,1,1
-yRb-Jum7EQ_6,11.226,42,9.4298,9.6544,9.5421,1,5,3,1,1,1
-yRb-Jum7EQ_6,11.226,43,9.6544,9.8789,9.7666,0,4,4,0,1,1
-yRb-Jum7EQ_6,11.226,44,9.8789,10.1034,9.9911,1,5,3,1,1,1
-yRb-Jum7EQ_6,11.226,45,10.1034,10.3279,10.2157,0,4,3,0,1,1
-yRb-Jum7EQ_6,11.226,46,10.3279,10.5524,10.4402,1,5,4,1,1,1
-yRb-Jum7EQ_6,11.226,47,10.5524,10.777,10.6647,0,4,3,0,1,1
-yRb-Jum7EQ_6,11.226,48,10.777,11.0015,10.8892,1,5,4,1,1,1
-yRb-Jum7EQ_6,11.226,49,11.0015,11.226,11.1137,0,4,2,0,1,1
