[2026-09-23 15:58:03] [INFO] [系统] 随机种子已固定: 42
[2026-09-23 15:58:03] [INFO] 检测到 FFmpeg: ffmpeg version 9.0.2-full_build-www.gyan.dev Copyright (c) 2000-2026 the FFmpeg developers
[2026-09-23 15:58:04] [INFO] [数据] 加载标注表: 0 条样本, 列名: ['-3nNcZdcdvU', 5, 'ity to you and to the school district in which you', 'Noncompliance can result in legal liabil', 'are employed.', 0, 'Neutral']
[2026-09-23 15:58:04] [INFO] [系统] 正在初始化三模态提取器...
[2026-09-23 15:58:04] [INFO] [文本] 正在加载模型: roberta-base ...
[2026-09-23 15:59:22] [INFO] [文本] 模型加载完成，运行于 cpu
[2026-09-23 15:59:22] [INFO] [音频] 初始化提取器: sr=16000, hop=512, win=1024, n_mfcc=20, target_dim=74
[2026-09-23 15:59:22] [INFO] [视觉] 初始化设备=cpu, 抽帧fps=25, 人脸尺寸=160
[2026-09-23 15:59:22] [INFO] [视觉] 加载 MTCNN 人脸检测器...
[2026-09-23 15:59:22] [INFO] [视觉] 加载 ResNet-50 特征提取器...
[2026-09-23 15:59:39] [INFO] [系统] 提取器初始化完成，开始批量处理...
[2026-09-23 15:59:39] [INFO] 
============================================================
[2026-09-23 15:59:39] [INFO] [完成] 全部样本处理完毕，正在生成汇总表...
[2026-09-23 15:59:39] [INFO] [汇总] 已生成汇总表: D:\23届建模\data\output_features\feature_summary.csv, 共 0 条
[2026-09-23 16:18:02] [INFO] [系统] 随机种子已固定: 42
[2026-09-23 16:18:02] [INFO] 检测到 FFmpeg: ffmpeg version 9.0.2-full_build-www.gyan.dev Copyright (c) 2000-2026 the FFmpeg developers
[2026-09-23 16:18:03] [INFO] [数据] 加载标注表: 0 条样本, 列名: ['-3nNcZdcdvU', 5, 'ity to you and to the school district in which you', 'Noncompliance can result in legal liabil', 'are employed.', 0, 'Neutral']
[2026-09-23 16:18:03] [INFO] [系统] 正在初始化三模态提取器...
[2026-09-23 16:18:03] [INFO] [文本] 正在加载模型: roberta-base ...
[2026-09-23 16:18:10] [INFO] [文本] 模型加载完成，运行于 cpu
[2026-09-23 16:18:10] [INFO] [音频] 初始化提取器: sr=16000, hop=512, win=1024, n_mfcc=20, target_dim=74
[2026-09-23 16:18:10] [INFO] [视觉] 初始化设备=cpu, 抽帧fps=25, 人脸尺寸=160
[2026-09-23 16:18:10] [INFO] [视觉] 加载 MTCNN 人脸检测器...
[2026-09-23 16:18:10] [INFO] [视觉] 加载 ResNet-50 特征提取器...
[2026-09-23 16:18:11] [INFO] [系统] 提取器初始化完成，开始批量处理...
[2026-09-23 16:18:11] [INFO] 
============================================================
[2026-09-23 16:18:11] [INFO] [完成] 全部样本处理完毕，正在生成汇总表...
[2026-09-23 16:24:00] [WARNING] [数据] 检测到0行数据，尝试无表头模式读取...
[2026-09-23 16:24:00] [INFO] [数据] 加载标注表: 1 条样本, 列名: ['video_id', 'clip_id', 'label', 'annotation', 'text']
[2026-09-23 16:24:00] [INFO] [路径] 回退搜索找到视频: D:/23届建模/data/attachment1\video_0001\5.mp4 (标准路径不存在: D:/23届建模/data/attachment1\-3nNcZdcdvU\5.mp4)
[2026-09-23 16:25:16] [INFO] [系统] 随机种子已固定: 42
[2026-09-23 16:25:16] [INFO] 检测到 FFmpeg: ffmpeg version 9.0.2-full_build-www.gyan.dev Copyright (c) 2000-2026 the FFmpeg developers
[2026-09-23 16:25:16] [WARNING] [数据] 检测到0行数据，尝试无表头模式读取...
[2026-09-23 16:25:16] [INFO] [数据] 加载标注表: 1 条样本, 列名: ['video_id', 'clip_id', 'label', 'annotation', 'text']
[2026-09-23 16:25:16] [INFO] [系统] 正在初始化三模态提取器...
[2026-09-23 16:25:16] [INFO] [文本] 正在加载模型: roberta-base ...
[2026-09-23 16:25:23] [INFO] [文本] 模型加载完成，运行于 cpu
[2026-09-23 16:25:23] [INFO] [音频] 初始化提取器: sr=16000, hop=512, win=1024, n_mfcc=20, target_dim=74
[2026-09-23 16:25:23] [INFO] [视觉] 初始化设备=cpu, 抽帧fps=25, 人脸尺寸=160
[2026-09-23 16:25:23] [INFO] [视觉] 加载 MTCNN 人脸检测器...
[2026-09-23 16:25:23] [INFO] [视觉] 加载 ResNet-50 特征提取器...
[2026-09-23 16:25:23] [INFO] [系统] 提取器初始化完成，开始批量处理...
[2026-09-23 16:25:23] [INFO] 
============================================================
[2026-09-23 16:25:23] [INFO] [进度] 1/1
[2026-09-23 16:25:23] [INFO] ============================================================
[2026-09-23 16:25:23] [INFO] [处理] 开始: -3nNcZdcdvU/5
[2026-09-23 16:25:23] [INFO] [路径] 回退搜索找到视频: D:\23届建模\data\attachment1\video_0001\5.mp4 (标准路径不存在: D:\23届建模\data\attachment1\-3nNcZdcdvU\5.mp4)
[2026-09-23 16:25:23] [INFO] [信息] 视频时长: 10.933s, 路径: D:\23届建模\data\attachment1\video_0001\5.mp4
[2026-09-23 16:25:24] [INFO] [成功] 提取音频: D:\23届建模\data\temp_audio\5.wav
[2026-09-23 16:26:00] [INFO] [保存] 特征文件: D:\23届建模\data\output_features\-3nNcZdcdvU_5.pkl
[2026-09-23 16:26:00] [INFO] 
============================================================
[2026-09-23 16:26:00] [INFO] [完成] 全部样本处理完毕，正在生成汇总表...
[2026-09-23 16:26:00] [INFO] [汇总] 已生成汇总表: D:\23届建模\data\output_features\feature_summary.csv, 共 1 条
[2026-09-23 16:37:00] [INFO] [系统] 随机种子已固定: 42
[2026-09-23 16:37:00] [INFO] 检测到 FFmpeg: ffmpeg version 9.0.2-full_build-www.gyan.dev Copyright (c) 2000-2026 the FFmpeg developers
[2026-09-23 16:37:00] [WARNING] [数据] 检测到0行数据，尝试无表头模式读取...
[2026-09-23 16:37:00] [INFO] [数据] 加载标注表: 1 条样本, 列名: ['video_id', 'clip_id', 'label', 'annotation', 'text']
[2026-09-23 16:37:00] [INFO] [系统] 正在初始化三模态提取器...
[2026-09-23 16:37:00] [INFO] [文本] 正在加载模型: roberta-base ...
[2026-09-23 16:37:08] [INFO] [文本] 模型加载完成，运行于 cpu
[2026-09-23 16:37:08] [INFO] [音频] 初始化提取器: sr=16000, hop=512, win=1024, n_mfcc=20, target_dim=74
[2026-09-23 16:37:08] [INFO] [视觉] 初始化设备=cpu, 抽帧fps=25, 人脸尺寸=160
[2026-09-23 16:37:08] [INFO] [视觉] 加载 MTCNN 人脸检测器...
[2026-09-23 16:37:08] [INFO] [视觉] 加载 ResNet-50 特征提取器...
[2026-09-23 16:37:08] [INFO] [系统] 提取器初始化完成，开始批量处理...
[2026-09-23 16:37:08] [INFO] 
============================================================
[2026-09-23 16:37:08] [INFO] [进度] 1/1
[2026-09-23 16:37:08] [INFO] ============================================================
[2026-09-23 16:37:08] [INFO] [处理] 开始: -3nNcZdcdvU/5
[2026-09-23 16:37:08] [INFO] [路径] 回退搜索找到视频: D:\23届建模\data\attachment1\video_0001\5.mp4 (标准路径不存在: D:\23届建模\data\attachment1\-3nNcZdcdvU\5.mp4)
[2026-09-23 16:37:08] [INFO] [信息] 视频时长: 10.933s, 路径: D:\23届建模\data\attachment1\video_0001\5.mp4
[2026-09-23 16:37:08] [INFO] [跳过] 特征文件已存在: D:\23届建模\data\output_features\-3nNcZdcdvU_5.pkl
[2026-09-23 16:37:08] [INFO] 
============================================================
[2026-09-23 16:37:08] [INFO] [完成] 全部样本处理完毕，正在生成汇总表...
[2026-09-23 16:37:08] [INFO] [汇总] 已生成汇总表: D:\23届建模\data\output_features\feature_summary.csv, 共 0 条
[2026-09-23 16:39:33] [INFO] [可视化] 图片已保存: D:\23届建模\data\output_features\verify_-3nNcZdcdvU_5.png
[2026-09-23 16:48:19] [INFO] [可视化] 图片已保存: D:\23届建模\data\output_features\verify_-3nNcZdcdvU_5.png
[2026-09-23 16:48:19] [INFO] [对照表] 已保存: D:\23届建模\data\output_features\correspondence_-3nNcZdcdvU_5.csv
[2026-09-23 16:53:31] [INFO] [可视化] 图片已保存: D:\23届建模\data\output_features\verify_-3nNcZdcdvU_5.png
[2026-09-23 17:16:08] [INFO] [系统] 随机种子已固定: 42
[2026-09-23 17:16:08] [ERROR] 未检测到 FFmpeg，请检查安装与环境变量。错误: [WinError 2] 系统找不到指定的文件。
[2026-09-23 17:16:08] [ERROR] [致命] 未检测到 FFmpeg，请安装并配置环境变量后重试。
[2026-09-23 17:21:37] [INFO] [系统] 随机种子已固定: 42
[2026-09-23 17:21:38] [INFO] 检测到 FFmpeg: ffmpeg version 9.0.2-full_build-www.gyan.dev Copyright (c) 2000-2026 the FFmpeg developers
[2026-09-23 17:21:38] [WARNING] [数据] 检测到0行数据，尝试无表头模式读取...
[2026-09-23 17:21:38] [INFO] [数据] 加载标注表: 1 条样本, 列名: ['video_id', 'clip_id', 'label', 'annotation', 'text']
[2026-09-23 17:21:38] [INFO] [系统] 正在初始化三模态提取器...
[2026-09-23 17:21:38] [INFO] [文本] 正在加载模型: roberta-base ...
[2026-09-23 17:21:47] [INFO] [文本] 模型加载完成，运行于 cpu
[2026-09-23 17:21:47] [INFO] [音频] 初始化提取器: sr=16000, hop=512, win=1024, n_mfcc=20, target_dim=74
[2026-09-23 17:21:47] [INFO] [视觉] 初始化设备=cpu, 抽帧fps=25, 人脸尺寸=160
[2026-09-23 17:21:47] [INFO] [视觉] 加载 MTCNN 人脸检测器...
[2026-09-23 17:21:47] [INFO] [视觉] 加载 ResNet-50 特征提取器...
[2026-09-23 17:21:48] [INFO] [系统] 提取器初始化完成，开始批量处理...
[2026-09-23 17:21:48] [INFO] 
============================================================
[2026-09-23 17:21:48] [INFO] [进度] 1/1
[2026-09-23 17:21:48] [INFO] ============================================================
[2026-09-23 17:21:48] [INFO] [处理] 开始: -3nNcZdcdvU/5
[2026-09-23 17:21:48] [INFO] [路径] 回退搜索找到视频: D:\23届建模\data\attachment1\video_0001\5.mp4 (标准路径不存在: D:\23届建模\data\attachment1\-3nNcZdcdvU\5.mp4)
[2026-09-23 17:21:48] [INFO] [信息] 视频时长: 10.933s, 路径: D:\23届建模\data\attachment1\video_0001\5.mp4
[2026-09-23 17:21:48] [INFO] [成功] 提取音频: D:\23届建模\data\temp_audio\5.wav
[2026-09-23 17:21:51] [ERROR] [音频] 提取异常 (-3nNcZdcdvU/5): name 'frame_times' is not defined
[2026-09-23 17:22:21] [INFO] [保存] 特征文件: D:\23届建模\data\output_features\-3nNcZdcdvU_5.pkl
[2026-09-23 17:22:21] [INFO] 
============================================================
[2026-09-23 17:22:21] [INFO] [完成] 全部样本处理完毕，正在生成汇总表...
[2026-09-23 17:22:21] [INFO] [汇总] 已生成汇总表: D:\23届建模\data\output_features\feature_summary.csv, 共 1 条
[2026-09-23 17:22:22] [INFO] [报告] 已生成可复现性报告: D:\23届建模\data\output_features\processing_report.txt
[2026-09-23 17:25:42] [INFO] [系统] 随机种子已固定: 42
[2026-09-23 17:25:42] [ERROR] 未检测到 FFmpeg，请检查安装与环境变量。错误: [WinError 2] 系统找不到指定的文件。
[2026-09-23 17:25:42] [ERROR] [致命] 未检测到 FFmpeg，请安装并配置环境变量后重试。
[2026-09-23 17:31:26] [INFO] [系统] 随机种子已固定: 42
[2026-09-23 17:31:26] [INFO] 检测到 FFmpeg: ffmpeg version 9.0.2-full_build-www.gyan.dev Copyright (c) 2000-2026 the FFmpeg developers
[2026-09-23 17:31:26] [WARNING] [数据] 检测到0行数据，尝试无表头模式读取...
[2026-09-23 17:31:26] [INFO] [数据] 加载标注表: 1 条样本, 列名: ['video_id', 'clip_id', 'label', 'annotation', 'text']
[2026-09-23 17:31:26] [INFO] [系统] 正在初始化三模态提取器...
[2026-09-23 17:31:26] [INFO] [文本] 正在加载模型: roberta-base ...
[2026-09-23 17:31:54] [INFO] [文本] 模型加载完成，运行于 cpu
[2026-09-23 17:31:54] [INFO] [音频] 初始化提取器: sr=16000, hop=512, win=1024, n_mfcc=20, target_dim=74
[2026-09-23 17:31:54] [INFO] [视觉] 初始化设备=cpu, 抽帧fps=25, 人脸尺寸=160
[2026-09-23 17:31:54] [INFO] [视觉] 加载 MTCNN 人脸检测器...
[2026-09-23 17:31:54] [INFO] [视觉] 加载 ResNet-50 特征提取器...
[2026-09-23 17:31:54] [INFO] [系统] 提取器初始化完成，开始批量处理...
[2026-09-23 17:31:54] [INFO] 
============================================================
[2026-09-23 17:31:54] [INFO] [进度] 1/1
[2026-09-23 17:31:54] [INFO] ============================================================
[2026-09-23 17:31:54] [INFO] [处理] 开始: -3nNcZdcdvU/5
[2026-09-23 17:31:54] [INFO] [路径] 回退搜索找到视频: D:\23届建模\data\attachment1\video_0001\5.mp4 (标准路径不存在: D:\23届建模\data\attachment1\-3nNcZdcdvU\5.mp4)
[2026-09-23 17:31:54] [INFO] [信息] 视频时长: 10.933s, 路径: D:\23届建模\data\attachment1\video_0001\5.mp4
[2026-09-23 17:31:55] [INFO] [成功] 提取音频: D:\23届建模\data\temp_audio\5.wav
[2026-09-23 17:31:57] [ERROR] [音频] 提取异常 (-3nNcZdcdvU/5): name 'frame_times' is not defined
[2026-09-23 17:32:30] [INFO] [保存] 特征文件: D:\23届建模\data\output_features\-3nNcZdcdvU_5.pkl
[2026-09-23 17:32:30] [INFO] 
============================================================
[2026-09-23 17:32:30] [INFO] [完成] 全部样本处理完毕，正在生成汇总表...
[2026-09-24 03:20:58] [INFO] [文本] 加载预训练模型 roberta-base (device=cpu)
[2026-09-24 03:21:16] [INFO] [文本] 加载预训练模型 roberta-base (device=cpu)
[2026-09-24 03:21:19] [WARNING] [文本] 转写文本为空，返回零特征并标记文本模态失效
[2026-09-24 03:21:48] [INFO] [音频] 初始化: sr=16000, hop=512, win=1024, n_mfcc=20, dim=74, vad=True
[2026-09-24 03:23:27] [INFO] [系统] 随机种子已固定: 42
[2026-09-24 03:23:27] [INFO] [数据] 已读取工作表 'label': 100 行
[2026-09-24 03:23:27] [INFO] [数据] 加载标注表: 100 条样本, 列名: ['video_id', 'clip_id', 'text', 'label', 'annotation']
[2026-09-24 03:23:27] [INFO] [文本] 加载预训练模型 roberta-base (device=cpu)
[2026-09-24 03:23:30] [INFO] [音频] 初始化: sr=16000, hop=512, win=1024, n_mfcc=20, dim=74, vad=True
[2026-09-24 03:23:30] [INFO] [视觉] 初始化: device=cpu, 抽帧fps=25, 人脸尺寸=160, 2048→35维(随机投影, seed=42)
[2026-09-24 03:23:30] [INFO] [处理] 开始: -mJ2ud6oKI8/6
[2026-09-24 03:23:30] [INFO] [信息] 视频时长: 2.636s, 路径: D:\23届建模\data\attachment1\exercise\附件1-数据集原始多模态样本\MOSEI数据集部分原始视频-100条\-mJ2ud6oKI8\6.mp4
[2026-09-24 03:23:30] [INFO] [成功] 提取音频: D:\23届建模\data\temp_audio\6.wav
[2026-09-24 03:23:43] [INFO] [保存] 特征文件: D:\23届建模\data\output_features\-mJ2ud6oKI8_6.pkl
[2026-09-24 03:27:15] [INFO] [可视化] 图片已保存: D:\23届建模\data\output_features\verify_-mJ2ud6oKI8_6.png
[2026-09-24 03:27:15] [INFO] [数据] 已读取工作表 'label': 100 行
[2026-09-24 03:27:15] [INFO] [数据] 加载标注表: 100 条样本, 列名: ['video_id', 'clip_id', 'text', 'label', 'annotation']
[2026-09-24 03:27:15] [INFO] [对照表] 已保存: D:\23届建模\data\output_features\correspondence_-mJ2ud6oKI8_6.csv
[2026-09-24 03:27:30] [INFO] [可视化] 图片已保存: D:\23届建模\data\output_features\verify_-mJ2ud6oKI8_6.png
[2026-09-24 03:27:30] [INFO] [数据] 已读取工作表 'label': 100 行
[2026-09-24 03:27:30] [INFO] [数据] 加载标注表: 100 条样本, 列名: ['video_id', 'clip_id', 'text', 'label', 'annotation']
[2026-09-24 03:27:30] [INFO] [对照表] 已保存: D:\23届建模\data\output_features\correspondence_-mJ2ud6oKI8_6.csv
[2026-09-24 03:28:11] [INFO] [系统] 随机种子已固定: 42
[2026-09-24 03:28:11] [INFO] [数据] 已读取工作表 'label': 100 行
[2026-09-24 03:28:11] [INFO] [数据] 加载标注表: 100 条样本, 列名: ['video_id', 'clip_id', 'text', 'label', 'annotation']
[2026-09-24 03:28:11] [INFO] [文本] 加载预训练模型 roberta-base (device=cpu)
[2026-09-24 03:28:14] [INFO] [音频] 初始化: sr=16000, hop=512, win=1024, n_mfcc=20, dim=74, vad=True
[2026-09-24 03:28:14] [INFO] [视觉] 初始化: device=cpu, 抽帧fps=25, 人脸尺寸=160, 2048→35维(随机投影, seed=42)
[2026-09-24 03:28:14] [INFO] [处理] 开始: -mJ2ud6oKI8/6
[2026-09-24 03:28:15] [INFO] [信息] 视频时长: 2.636s, 路径: D:\23届建模\data\attachment1\exercise\附件1-数据集原始多模态样本\MOSEI数据集部分原始视频-100条\-mJ2ud6oKI8\6.mp4
[2026-09-24 03:28:15] [INFO] [跳过] 特征文件已存在: D:\23届建模\data\output_features\-mJ2ud6oKI8_6.pkl
[2026-09-24 03:28:15] [INFO] [处理] 开始: -ri04Z7vwnc/0
[2026-09-24 03:28:15] [INFO] [信息] 视频时长: 3.295s, 路径: D:\23届建模\data\attachment1\exercise\附件1-数据集原始多模态样本\MOSEI数据集部分原始视频-100条\-ri04Z7vwnc\0.mp4
[2026-09-24 03:28:15] [INFO] [成功] 提取音频: D:\23届建模\data\temp_audio\0.wav
[2026-09-24 03:28:21] [INFO] [保存] 特征文件: D:\23届建模\data\output_features\-ri04Z7vwnc_0.pkl
[2026-09-24 03:28:21] [INFO] [处理] 开始: -wny0OAz3g8/0
[2026-09-24 03:28:21] [INFO] [信息] 视频时长: 3.333s, 路径: D:\23届建模\data\attachment1\exercise\附件1-数据集原始多模态样本\MOSEI数据集部分原始视频-100条\-wny0OAz3g8\0.mp4
[2026-09-24 03:28:21] [INFO] [跳过] 音频已存在: D:\23届建模\data\temp_audio\0.wav
[2026-09-24 03:28:49] [INFO] [保存] 特征文件: D:\23届建模\data\output_features\-wny0OAz3g8_0.pkl
[2026-09-24 03:28:49] [INFO] [汇总] 已生成汇总表: D:\23届建模\data\output_features\test_summary.csv, 共 3 条
[2026-09-24 03:28:59] [INFO] [数据] 已读取工作表 'label': 100 行
[2026-09-24 03:28:59] [INFO] [数据] 加载标注表: 100 条样本, 列名: ['video_id', 'clip_id', 'text', 'label', 'annotation']
[2026-09-24 03:29:31] [INFO] [汇总] 已生成汇总表: D:\23届建模\data\output_features\test_summary.csv, 共 3 条
[2026-09-24 03:35:33] [INFO] [系统] 随机种子已固定: 42
[2026-09-24 03:35:33] [INFO] 检测到 FFmpeg: ffmpeg version 9.0.2-full_build-www.gyan.dev Copyright (c) 2000-2026 the FFmpeg developers
[2026-09-24 03:35:33] [INFO] [数据] 已读取工作表 'label': 100 行
[2026-09-24 03:35:33] [INFO] [数据] 加载标注表: 100 条样本, 列名: ['video_id', 'clip_id', 'text', 'label', 'annotation']
[2026-09-24 03:35:49] [INFO] [系统] 随机种子已固定: 42
[2026-09-24 03:35:49] [INFO] 检测到 FFmpeg: ffmpeg version 9.0.2-full_build-www.gyan.dev Copyright (c) 2000-2026 the FFmpeg developers
[2026-09-24 03:35:49] [INFO] [数据] 已读取工作表 'label': 100 行
[2026-09-24 03:35:49] [INFO] [数据] 加载标注表: 100 条样本, 列名: ['video_id', 'clip_id', 'text', 'label', 'annotation']
[2026-09-24 03:36:03] [INFO] [数据] 已读取工作表 'label': 100 行
[2026-09-24 03:36:03] [INFO] [数据] 加载标注表: 100 条样本, 列名: ['video_id', 'clip_id', 'text', 'label', 'annotation']
[2026-09-24 03:36:21] [INFO] [系统] 随机种子已固定: 42
[2026-09-24 03:36:21] [INFO] 检测到 FFmpeg: ffmpeg version 9.0.2-full_build-www.gyan.dev Copyright (c) 2000-2026 the FFmpeg developers
[2026-09-24 03:36:21] [INFO] [数据] 已读取工作表 'label': 100 行
[2026-09-24 03:36:21] [INFO] [数据] 加载标注表: 100 条样本, 列名: ['video_id', 'clip_id', 'text', 'label', 'annotation']
[2026-09-24 03:36:21] [INFO] [选择] 本次只处理 3 条样本（子集: _vid3）
[2026-09-24 03:36:21] [INFO] [选择] 样本编号: -ri04Z7vwnc_0, -ri04Z7vwnc_2, -ri04Z7vwnc_5
[2026-09-24 03:36:21] [INFO] [系统] 正在初始化三模态提取器...
[2026-09-24 03:36:21] [INFO] [文本] 加载预训练模型 roberta-base (device=cpu)
[2026-09-24 03:36:26] [INFO] [音频] 初始化: sr=16000, hop=512, win=1024, n_mfcc=20, dim=74, vad=True
[2026-09-24 03:36:26] [INFO] [视觉] 初始化: device=cpu, 抽帧fps=25, 人脸尺寸=160, 2048→35维(随机投影, seed=42)
[2026-09-24 03:36:27] [INFO] [系统] 提取器初始化完成，开始批量处理...
[2026-09-24 03:36:27] [INFO] 
============================================================
[2026-09-24 03:36:27] [INFO] [进度] 1/3  样本: -ri04Z7vwnc_0
[2026-09-24 03:36:27] [INFO] ============================================================
[2026-09-24 03:36:27] [INFO] [处理] 开始: -ri04Z7vwnc/0
[2026-09-24 03:36:27] [INFO] [信息] 视频时长: 3.295s, 路径: D:\23届建模\data\attachment1\exercise\附件1-数据集原始多模态样本\MOSEI数据集部分原始视频-100条\-ri04Z7vwnc\0.mp4
[2026-09-24 03:36:27] [INFO] [跳过] 特征文件已存在: D:\23届建模\data\output_features\-ri04Z7vwnc_0.pkl
[2026-09-24 03:36:27] [INFO] 
============================================================
[2026-09-24 03:36:27] [INFO] [进度] 2/3  样本: -ri04Z7vwnc_2
[2026-09-24 03:36:27] [INFO] ============================================================
[2026-09-24 03:36:27] [INFO] [处理] 开始: -ri04Z7vwnc/2
[2026-09-24 03:36:27] [INFO] [信息] 视频时长: 6.924s, 路径: D:\23届建模\data\attachment1\exercise\附件1-数据集原始多模态样本\MOSEI数据集部分原始视频-100条\-ri04Z7vwnc\2.mp4
[2026-09-24 03:36:27] [INFO] [成功] 提取音频: D:\23届建模\data\temp_audio\2.wav
[2026-09-24 03:36:45] [INFO] [保存] 特征文件: D:\23届建模\data\output_features\-ri04Z7vwnc_2.pkl
[2026-09-24 03:36:45] [INFO] 
============================================================
[2026-09-24 03:36:45] [INFO] [进度] 3/3  样本: -ri04Z7vwnc_5
[2026-09-24 03:36:45] [INFO] ============================================================
[2026-09-24 03:36:45] [INFO] [处理] 开始: -ri04Z7vwnc/5
[2026-09-24 03:36:45] [INFO] [信息] 视频时长: 5.923s, 路径: D:\23届建模\data\attachment1\exercise\附件1-数据集原始多模态样本\MOSEI数据集部分原始视频-100条\-ri04Z7vwnc\5.mp4
[2026-09-24 03:36:45] [INFO] [跳过] 音频已存在: D:\23届建模\data\temp_audio\5.wav
[2026-09-24 03:37:02] [INFO] [保存] 特征文件: D:\23届建模\data\output_features\-ri04Z7vwnc_5.pkl
[2026-09-24 03:37:02] [INFO] [汇总] 本次为子集运行，汇总表写入 D:\23届建模\data\output_features\feature_summary_subset.csv（不覆盖全量 D:\23届建模\data\output_features\feature_summary.csv）
[2026-09-24 03:37:02] [INFO] 
============================================================
[2026-09-24 03:37:02] [INFO] [完成] 样本处理完毕，正在生成汇总表...
[2026-09-24 03:37:02] [INFO] [汇总] 已生成汇总表: D:\23届建模\data\output_features\feature_summary_subset.csv, 共 3 条
[2026-09-24 03:37:03] [INFO] [报告] 已生成可复现性报告: D:\23届建模\data\output_features\processing_report_vid3.txt
[2026-09-24 04:05:51] [INFO] [文本] 读取标注表: D:\23届建模\data\attachment1\exercise\附件1-数据集原始多模态样本\MOSEI数据集部分原始视频-100条\label-100.xlsx → 工作表 'label' → 文本列 'text'
[2026-09-24 04:05:51] [INFO] [文本] 已读取 100 条样本（文本列 'text'），其中空文本 0 条
[2026-09-24 04:06:07] [INFO] [文本] config 中的策略 'word_interpolate' 已按本模块要求解释为 'word_zero_fill'（缺口补0）；如需插值请显式传 strategy='word_interpolate'
[2026-09-24 04:06:07] [INFO] [文本] 加载预训练模型 roberta-base (device=cpu, strategy=word_zero_fill)
[2026-09-24 04:06:13] [INFO] [文本] 读取标注表: D:\23届建模\data\attachment1\exercise\附件1-数据集原始多模态样本\MOSEI数据集部分原始视频-100条\label-100.xlsx → 工作表 'label' → 文本列 'text'
[2026-09-24 04:06:13] [INFO] [文本] 已读取 100 条样本（文本列 'text'），其中空文本 0 条
[2026-09-24 04:06:36] [INFO] [文本] config 中的策略 'word_interpolate' 已按本模块要求解释为 'word_zero_fill'（缺口补0）；如需插值请显式传 strategy='word_interpolate'
[2026-09-24 04:06:36] [INFO] [文本] 加载预训练模型 roberta-base (device=cpu, strategy=word_zero_fill)
[2026-09-24 04:06:57] [INFO] [系统] 随机种子已固定: 42
[2026-09-24 04:06:58] [INFO] 检测到 FFmpeg: ffmpeg version 9.0.2-full_build-www.gyan.dev Copyright (c) 2000-2026 the FFmpeg developers
[2026-09-24 04:06:58] [INFO] [数据] 已读取工作表 'label': 100 行
[2026-09-24 04:06:58] [INFO] [数据] 加载标注表: 100 条样本, 列名: ['video_id', 'clip_id', 'text', 'label', 'annotation']
[2026-09-24 04:06:58] [INFO] [选择] 本次只处理 1 条样本（子集: _sel1）
[2026-09-24 04:06:58] [INFO] [选择] 样本编号: -mJ2ud6oKI8_6
[2026-09-24 04:06:58] [INFO] [系统] 正在初始化三模态提取器...
[2026-09-24 04:06:58] [INFO] [文本] config 中的策略 'word_interpolate' 已按本模块要求解释为 'word_zero_fill'（缺口补0）；如需插值请显式传 strategy='word_interpolate'
[2026-09-24 04:06:58] [INFO] [文本] 加载预训练模型 roberta-base (device=cpu, strategy=word_zero_fill)
[2026-09-24 04:07:03] [INFO] [音频] 初始化: sr=16000, hop=512, win=1024, n_mfcc=20, dim=74, vad=True
[2026-09-24 04:07:03] [INFO] [视觉] 初始化: device=cpu, 抽帧fps=25, 人脸尺寸=160, 2048→35维(随机投影, seed=42)
[2026-09-24 04:07:04] [INFO] [系统] 提取器初始化完成，开始批量处理...
[2026-09-24 04:07:04] [INFO] 
============================================================
[2026-09-24 04:07:04] [INFO] [进度] 1/1  样本: -mJ2ud6oKI8_6
[2026-09-24 04:07:04] [INFO] ============================================================
[2026-09-24 04:07:04] [INFO] [处理] 开始: -mJ2ud6oKI8/6
[2026-09-24 04:07:04] [INFO] [信息] 视频时长: 2.636s, 路径: D:\23届建模\data\attachment1\exercise\附件1-数据集原始多模态样本\MOSEI数据集部分原始视频-100条\-mJ2ud6oKI8\6.mp4
[2026-09-24 04:07:04] [INFO] [成功] 提取音频: D:\23届建模\data\temp_audio\6.wav
[2026-09-24 04:07:17] [INFO] [保存] 特征文件: D:\23届建模\data\output_features\-mJ2ud6oKI8_6.pkl
[2026-09-24 04:07:17] [INFO] [汇总] 本次为子集运行，汇总表写入 D:\23届建模\data\output_features\feature_summary_subset.csv（不覆盖全量 D:\23届建模\data\output_features\feature_summary.csv）
[2026-09-24 04:07:17] [INFO] 
============================================================
[2026-09-24 04:07:17] [INFO] [完成] 样本处理完毕，正在生成汇总表...
[2026-09-24 04:07:17] [INFO] [汇总] 已生成汇总表: D:\23届建模\data\output_features\feature_summary_subset.csv, 共 1 条
[2026-09-24 04:07:17] [INFO] [报告] 已生成可复现性报告: D:\23届建模\data\output_features\processing_report_sel1.txt
[2026-09-24 04:07:45] [INFO] [系统] 随机种子已固定: 42
[2026-09-24 04:07:45] [INFO] 检测到 FFmpeg: ffmpeg version 9.0.2-full_build-www.gyan.dev Copyright (c) 2000-2026 the FFmpeg developers
[2026-09-24 04:07:45] [INFO] [数据] 已读取工作表 'label': 100 行
[2026-09-24 04:07:45] [INFO] [数据] 加载标注表: 100 条样本, 列名: ['video_id', 'clip_id', 'text', 'label', 'annotation']
[2026-09-24 04:07:45] [INFO] [选择] 本次只处理 1 条样本（子集: _sel1）
[2026-09-24 04:07:45] [INFO] [选择] 样本编号: -mJ2ud6oKI8_6
[2026-09-24 04:07:45] [INFO] [系统] 正在初始化三模态提取器...
[2026-09-24 04:07:45] [INFO] [文本] config 中的策略 'word_interpolate' 已按本模块要求解释为 'word_zero_fill'（缺口补0）；如需插值请显式传 strategy='word_interpolate'
[2026-09-24 04:07:45] [INFO] [文本] 加载预训练模型 roberta-base (device=cpu, strategy=word_zero_fill)
[2026-09-24 04:07:49] [INFO] [音频] 初始化: sr=16000, hop=512, win=1024, n_mfcc=20, dim=74, vad=True
[2026-09-24 04:07:49] [INFO] [视觉] 初始化: device=cpu, 抽帧fps=25, 人脸尺寸=160, 2048→35维(随机投影, seed=42)
[2026-09-24 04:07:50] [INFO] [系统] 提取器初始化完成，开始批量处理...
[2026-09-24 04:07:50] [INFO] 
============================================================
[2026-09-24 04:07:50] [INFO] [进度] 1/1  样本: -mJ2ud6oKI8_6
[2026-09-24 04:07:50] [INFO] ============================================================
[2026-09-24 04:07:50] [INFO] [处理] 开始: -mJ2ud6oKI8/6
[2026-09-24 04:07:50] [INFO] [信息] 视频时长: 2.636s, 路径: D:\23届建模\data\attachment1\exercise\附件1-数据集原始多模态样本\MOSEI数据集部分原始视频-100条\-mJ2ud6oKI8\6.mp4
[2026-09-24 04:07:50] [INFO] [成功] 提取音频: D:\23届建模\data\temp_audio\6.wav
[2026-09-24 04:08:02] [INFO] [保存] 特征文件: D:\23届建模\data\output_features\-mJ2ud6oKI8_6.pkl
[2026-09-24 04:08:02] [INFO] [汇总] 本次为子集运行，汇总表写入 D:\23届建模\data\output_features\feature_summary_subset.csv（不覆盖全量 D:\23届建模\data\output_features\feature_summary.csv）
[2026-09-24 04:08:02] [INFO] 
============================================================
[2026-09-24 04:08:02] [INFO] [完成] 样本处理完毕，正在生成汇总表...
[2026-09-24 04:08:02] [INFO] [汇总] 已生成汇总表: D:\23届建模\data\output_features\feature_summary_subset.csv, 共 1 条
[2026-09-24 04:08:02] [INFO] [报告] 已生成可复现性报告: D:\23届建模\data\output_features\processing_report_sel1.txt
[2026-09-24 04:08:16] [INFO] [文本] 加载预训练模型 roberta-base (device=cpu, strategy=word_interpolate)
[2026-09-24 04:08:33] [INFO] [文本] config 中的策略 'word_interpolate' 已按本模块要求解释为 'word_zero_fill'（缺口补0）；如需插值请显式传 strategy='word_interpolate'
[2026-09-24 04:08:33] [INFO] [文本] 加载预训练模型 roberta-base (device=cpu, strategy=word_zero_fill)
[2026-09-24 04:09:10] [INFO] [文本] config 中的策略 'word_interpolate' 已按本模块要求解释为 'word_zero_fill'（缺口补0）；如需插值请显式传 strategy='word_interpolate'
[2026-09-24 04:09:10] [INFO] [文本] 加载预训练模型 roberta-base (device=cpu, strategy=word_zero_fill)
[2026-09-24 04:09:24] [INFO] [文本] 加载预训练模型 roberta-base (device=cpu, strategy=word_interpolate)
[2026-09-24 04:09:41] [INFO] [文本] config 中的策略 'word_interpolate' 已按本模块要求解释为 'word_zero_fill'（缺口补0）；如需插值请显式传 strategy='word_interpolate'
[2026-09-24 04:09:41] [INFO] [文本] 加载预训练模型 roberta-base (device=cpu, strategy=word_zero_fill)
[2026-09-24 04:09:59] [INFO] [系统] 随机种子已固定: 42
[2026-09-24 04:09:59] [INFO] 检测到 FFmpeg: ffmpeg version 9.0.2-full_build-www.gyan.dev Copyright (c) 2000-2026 the FFmpeg developers
[2026-09-24 04:09:59] [INFO] [数据] 已读取工作表 'label': 100 行
[2026-09-24 04:09:59] [INFO] [数据] 加载标注表: 100 条样本, 列名: ['video_id', 'clip_id', 'text', 'label', 'annotation']
[2026-09-24 04:09:59] [INFO] [选择] 本次只处理 1 条样本（子集: _sel1）
[2026-09-24 04:09:59] [INFO] [选择] 样本编号: -mJ2ud6oKI8_6
[2026-09-24 04:09:59] [INFO] [系统] 正在初始化三模态提取器...
[2026-09-24 04:09:59] [INFO] [文本] config 中的策略 'word_interpolate' 已按本模块要求解释为 'word_zero_fill'（缺口补0）；如需插值请显式传 strategy='word_interpolate'
[2026-09-24 04:09:59] [INFO] [文本] 加载预训练模型 roberta-base (device=cpu, strategy=word_zero_fill)
[2026-09-24 04:10:02] [INFO] [音频] 初始化: sr=16000, hop=512, win=1024, n_mfcc=20, dim=74, vad=True
[2026-09-24 04:10:02] [INFO] [视觉] 初始化: device=cpu, 抽帧fps=25, 人脸尺寸=160, 2048→35维(随机投影, seed=42)
[2026-09-24 04:10:03] [INFO] [系统] 提取器初始化完成，开始批量处理...
[2026-09-24 04:10:03] [INFO] 
============================================================
[2026-09-24 04:10:03] [INFO] [进度] 1/1  样本: -mJ2ud6oKI8_6
[2026-09-24 04:10:03] [INFO] ============================================================
[2026-09-24 04:10:03] [INFO] [处理] 开始: -mJ2ud6oKI8/6
[2026-09-24 04:10:03] [INFO] [信息] 视频时长: 2.636s, 路径: D:\23届建模\data\attachment1\exercise\附件1-数据集原始多模态样本\MOSEI数据集部分原始视频-100条\-mJ2ud6oKI8\6.mp4
[2026-09-24 04:10:03] [INFO] [成功] 提取音频: D:\23届建模\data\temp_audio\6.wav
[2026-09-24 04:10:16] [INFO] [保存] 特征文件: D:\23届建模\data\output_features\-mJ2ud6oKI8_6.pkl
[2026-09-24 04:10:16] [INFO] [汇总] 本次为子集运行，汇总表写入 D:\23届建模\data\output_features\feature_summary_subset.csv（不覆盖全量 D:\23届建模\data\output_features\feature_summary.csv）
[2026-09-24 04:10:16] [INFO] 
============================================================
[2026-09-24 04:10:16] [INFO] [完成] 样本处理完毕，正在生成汇总表...
[2026-09-24 04:10:16] [INFO] [汇总] 已生成汇总表: D:\23届建模\data\output_features\feature_summary_subset.csv, 共 1 条
[2026-09-24 04:10:16] [INFO] [报告] 已生成可复现性报告: D:\23届建模\data\output_features\processing_report_sel1.txt
[2026-09-24 04:15:59] [INFO] [文本] config 中的策略 'word_interpolate' 已按本模块默认值解释为 'word_repeat_dense'（稠密铺满，不补0/不插值）；如需其他口径请显式传 strategy='word_zero_fill' 等
[2026-09-24 04:15:59] [INFO] [文本] 加载预训练模型 roberta-base (device=cpu, strategy=word_repeat_dense)
[2026-09-24 04:16:24] [INFO] [文本] config 中的策略 'word_interpolate' 已按本模块默认值解释为 'word_repeat_dense'（稠密铺满，不补0/不插值）；如需其他口径请显式传 strategy='word_zero_fill' 等
[2026-09-24 04:16:24] [INFO] [文本] 加载预训练模型 roberta-base (device=cpu, strategy=word_repeat_dense)
[2026-09-24 04:16:46] [INFO] [文本] config 中的策略 'word_interpolate' 已按本模块默认值解释为 'word_repeat_dense'（稠密铺满，不补0/不插值）；如需其他口径请显式传 strategy='word_zero_fill' 等
[2026-09-24 04:16:46] [INFO] [文本] 加载预训练模型 roberta-base (device=cpu, strategy=word_repeat_dense)
[2026-09-24 04:16:54] [INFO] [文本] 读取标注表: D:\23届建模\data\attachment1\exercise\附件1-数据集原始多模态样本\MOSEI数据集部分原始视频-100条\label-100.xlsx → 工作表 'label' → 文本列 'text'
[2026-09-24 04:16:54] [INFO] [文本] 已读取 100 条样本（文本列 'text'），其中空文本 0 条
[2026-09-24 04:17:11] [INFO] [文本] 读取标注表: D:\23届建模\data\attachment1\exercise\附件1-数据集原始多模态样本\MOSEI数据集部分原始视频-100条\label-100.xlsx → 工作表 'label' → 文本列 'text'
[2026-09-24 04:17:11] [INFO] [文本] 已读取 100 条样本（文本列 'text'），其中空文本 0 条
[2026-09-24 04:17:11] [INFO] [文本] config 中的策略 'word_interpolate' 已按本模块默认值解释为 'word_repeat_dense'（稠密铺满，不补0/不插值）；如需其他口径请显式传 strategy='word_zero_fill' 等
[2026-09-24 04:17:11] [INFO] [文本] 加载预训练模型 roberta-base (device=cpu, strategy=word_repeat_dense)
[2026-09-24 04:17:35] [INFO] [系统] 随机种子已固定: 42
[2026-09-24 04:17:35] [INFO] 检测到 FFmpeg: ffmpeg version 9.0.2-full_build-www.gyan.dev Copyright (c) 2000-2026 the FFmpeg developers
[2026-09-24 04:17:36] [INFO] [数据] 已读取工作表 'label': 100 行
[2026-09-24 04:17:36] [INFO] [数据] 加载标注表: 100 条样本, 列名: ['video_id', 'clip_id', 'text', 'label', 'annotation']
[2026-09-24 04:17:36] [INFO] [选择] 本次只处理 1 条样本（子集: _sel1）
[2026-09-24 04:17:36] [INFO] [选择] 样本编号: -mJ2ud6oKI8_6
[2026-09-24 04:17:36] [INFO] [系统] 正在初始化三模态提取器...
[2026-09-24 04:17:36] [INFO] [文本] config 中的策略 'word_interpolate' 已按本模块默认值解释为 'word_repeat_dense'（稠密铺满，不补0/不插值）；如需其他口径请显式传 strategy='word_zero_fill' 等
[2026-09-24 04:17:36] [INFO] [文本] 加载预训练模型 roberta-base (device=cpu, strategy=word_repeat_dense)
[2026-09-24 04:17:41] [INFO] [音频] 初始化: sr=16000, hop=512, win=1024, n_mfcc=20, dim=74, vad=True
[2026-09-24 04:17:41] [INFO] [视觉] 初始化: device=cpu, 抽帧fps=25, 人脸尺寸=160, 2048→35维(随机投影, seed=42)
[2026-09-24 04:17:41] [INFO] [系统] 提取器初始化完成，开始批量处理...
[2026-09-24 04:17:41] [INFO] 
============================================================
[2026-09-24 04:17:41] [INFO] [进度] 1/1  样本: -mJ2ud6oKI8_6
[2026-09-24 04:17:41] [INFO] ============================================================
[2026-09-24 04:17:41] [INFO] [处理] 开始: -mJ2ud6oKI8/6
[2026-09-24 04:17:41] [INFO] [信息] 视频时长: 2.636s, 路径: D:\23届建模\data\attachment1\exercise\附件1-数据集原始多模态样本\MOSEI数据集部分原始视频-100条\-mJ2ud6oKI8\6.mp4
[2026-09-24 04:17:42] [INFO] [成功] 提取音频: D:\23届建模\data\temp_audio\6.wav
[2026-09-24 04:17:55] [INFO] [保存] 特征文件: D:\23届建模\data\output_features\-mJ2ud6oKI8_6.pkl
[2026-09-24 04:17:55] [INFO] [汇总] 本次为子集运行，汇总表写入 D:\23届建模\data\output_features\feature_summary_subset.csv（不覆盖全量 D:\23届建模\data\output_features\feature_summary.csv）
[2026-09-24 04:17:55] [INFO] 
============================================================
[2026-09-24 04:17:55] [INFO] [完成] 样本处理完毕，正在生成汇总表...
[2026-09-24 04:17:55] [INFO] [汇总] 已生成汇总表: D:\23届建模\data\output_features\feature_summary_subset.csv, 共 1 条
[2026-09-24 04:17:55] [INFO] [报告] 已生成可复现性报告: D:\23届建模\data\output_features\processing_report_sel1.txt
[2026-09-24 04:18:05] [INFO] [文本] 加载预训练模型 roberta-base (device=cpu, strategy=word_zero_fill)
[2026-09-24 04:20:43] [INFO] [文本] 读取标注表: D:\23届建模\data\attachment1\exercise\附件1-数据集原始多模态样本\MOSEI数据集部分原始视频-100条\label-100.xlsx → 工作表 'label' → 文本列 'text'
[2026-09-24 04:20:43] [INFO] [文本] 已读取 100 条样本（文本列 'text'），其中空文本 0 条
[2026-09-24 04:20:59] [INFO] [文本] 读取标注表: D:\23届建模\data\attachment1\exercise\附件1-数据集原始多模态样本\MOSEI数据集部分原始视频-100条\label-100.xlsx → 工作表 'label' → 文本列 'text'
[2026-09-24 04:20:59] [INFO] [文本] 已读取 100 条样本（文本列 'text'），其中空文本 0 条
[2026-09-24 04:21:19] [INFO] [文本] 读取标注表: D:\23届建模\data\attachment1\exercise\附件1-数据集原始多模态样本\MOSEI数据集部分原始视频-100条\label-100.xlsx → 工作表 'label' → 文本列 'text'
[2026-09-24 04:21:19] [INFO] [文本] 已读取 100 条样本（文本列 'text'），其中空文本 0 条
[2026-09-24 04:23:18] [INFO] [文本] 读取标注表: D:\23届建模\data\attachment1\exercise\附件1-数据集原始多模态样本\MOSEI数据集部分原始视频-100条\label-100.xlsx → 工作表 'label' → 文本列 'text'
[2026-09-24 04:23:18] [INFO] [文本] 已读取 100 条样本（文本列 'text'），其中空文本 0 条
[2026-09-24 04:23:18] [INFO] [文本] config 中的策略 'word_interpolate' 已按本模块默认值解释为 'word_repeat_dense'（稠密铺满，不补0/不插值）；如需其他口径请显式传 strategy='word_zero_fill' 等
[2026-09-24 04:23:18] [INFO] [文本] 加载预训练模型 roberta-base (device=cpu, strategy=word_repeat_dense)
[2026-09-24 04:24:38] [INFO] [文本] config 中的策略 'word_interpolate' 已按本模块默认值解释为 'word_repeat_dense'（稠密铺满，不补0/不插值）；如需其他口径请显式传 strategy='word_zero_fill' 等
[2026-09-24 04:24:38] [INFO] [文本] 加载预训练模型 roberta-base (device=cpu, strategy=word_repeat_dense)
[2026-09-24 04:24:43] [INFO] [文本] 读取标注表: D:\23届建模\data\attachment1\exercise\附件1-数据集原始多模态样本\MOSEI数据集部分原始视频-100条\label-100.xlsx → 工作表 'label' → 文本列 'text'
[2026-09-24 04:24:43] [INFO] [文本] 已读取 100 条样本（文本列 'text'），其中空文本 0 条
[2026-09-24 04:24:57] [INFO] [文本] config 中的策略 'word_interpolate' 已按本模块默认值解释为 'word_repeat_dense'（稠密铺满，不补0/不插值）；如需其他口径请显式传 strategy='word_zero_fill' 等
[2026-09-24 04:24:57] [INFO] [文本] 加载预训练模型 roberta-base (device=cpu, strategy=word_repeat_dense)
[2026-09-24 05:18:30] [INFO] [数据] 已读取工作表 'label': 100 行
[2026-09-24 05:18:30] [INFO] [数据] 加载标注表: 100 条样本, 列名: ['video_id', 'clip_id', 'text', 'label', 'annotation']
[2026-09-24 05:18:30] [INFO] [文本] 待处理样本 2 条
[2026-09-24 05:18:45] [INFO] [文本] 模型就绪 roberta-base（hidden=768, device=cpu, max_length=512）
[2026-09-24 05:18:45] [INFO] [文本] (1/2) -3g5yACwYnA_13 -> (W=17, D=768) 时长=5.51s
[2026-09-24 05:18:45] [INFO] [文本] (2/2) -3g5yACwYnA_3 -> (W=34, D=768) 时长=14.39s
[2026-09-24 05:18:45] [INFO] [文本] 完成：成功 2 / 跳过 0 / 失败 0（输出目录 D:\data\unaligned_features\text）
[2026-09-24 05:19:04] [INFO] [数据] 已读取工作表 'label': 100 行
[2026-09-24 05:19:04] [INFO] [数据] 加载标注表: 100 条样本, 列名: ['video_id', 'clip_id', 'text', 'label', 'annotation']
[2026-09-24 05:19:18] [INFO] [文本] 模型就绪 roberta-base（hidden=768, device=cpu, max_length=512）
[2026-09-24 05:19:19] [INFO] [文本] (1/2) -3g5yACwYnA_13 -> (W=17, D=768) 时长=5.51s
[2026-09-24 05:19:19] [INFO] [文本] (2/2) -3g5yACwYnA_3 -> (W=34, D=768) 时长=14.39s
[2026-09-24 05:19:19] [INFO] [文本] 完成：成功 2 / 跳过 0 / 失败 0（输出目录 D:\23届建模\data\unaligned_features\text）
[2026-09-24 05:19:49] [INFO] [数据] 已读取工作表 'label': 100 行
[2026-09-24 05:19:49] [INFO] [数据] 加载标注表: 100 条样本, 列名: ['video_id', 'clip_id', 'text', 'label', 'annotation']
[2026-09-24 05:19:49] [INFO] [音频] 待处理样本 3 条
[2026-09-24 05:19:49] [INFO] [音频] 逐帧 74 维，帧率 20.0 Hz（sr=16000, hop=800=50.0 ms, win=1024, n_mfcc=20）
[2026-09-24 05:19:51] [ERROR] [音频] (1/3) 失败 -3g5yACwYnA_13: ParameterError: Since S.shape[-2] is 513, frame_length is expected to be 1024 or 1025; found 2048
[2026-09-24 05:19:51] [ERROR] [音频] (2/3) 失败 -3g5yACwYnA_3: ParameterError: Since S.shape[-2] is 513, frame_length is expected to be 1024 or 1025; found 2048
[2026-09-24 05:19:51] [ERROR] [音频] (3/3) 失败 -3g5yACwYnA_2: ParameterError: Since S.shape[-2] is 513, frame_length is expected to be 1024 or 1025; found 2048
[2026-09-24 05:19:51] [INFO] [音频] 完成：成功 0 / 跳过 0 / 失败 3（输出目录 D:\23届建模\data\unaligned_features\audio）
[2026-09-24 05:20:03] [INFO] [数据] 已读取工作表 'label': 100 行
[2026-09-24 05:20:03] [INFO] [数据] 加载标注表: 100 条样本, 列名: ['video_id', 'clip_id', 'text', 'label', 'annotation']
[2026-09-24 05:20:03] [INFO] [音频] 待处理样本 3 条
[2026-09-24 05:20:03] [INFO] [音频] 逐帧 74 维，帧率 20.0 Hz（sr=16000, hop=800=50.0 ms, win=1024, n_mfcc=20）
[2026-09-24 05:20:05] [ERROR] [音频] (1/3) 失败 -3g5yACwYnA_13: ParameterError: Since S.shape[-2] is 513, frame_length is expected to be 1024 or 1025; found 2048
[2026-09-24 05:20:05] [ERROR] [音频] (2/3) 失败 -3g5yACwYnA_3: ParameterError: Since S.shape[-2] is 513, frame_length is expected to be 1024 or 1025; found 2048
[2026-09-24 05:20:05] [ERROR] [音频] (3/3) 失败 -3g5yACwYnA_2: ParameterError: Since S.shape[-2] is 513, frame_length is expected to be 1024 or 1025; found 2048
[2026-09-24 05:20:05] [INFO] [音频] 完成：成功 0 / 跳过 0 / 失败 3（输出目录 D:\23届建模\data\unaligned_features\audio）
[2026-09-24 05:20:21] [INFO] [数据] 已读取工作表 'label': 100 行
[2026-09-24 05:20:21] [INFO] [数据] 加载标注表: 100 条样本, 列名: ['video_id', 'clip_id', 'text', 'label', 'annotation']
[2026-09-24 05:20:21] [INFO] [音频] 待处理样本 3 条
[2026-09-24 05:20:21] [INFO] [音频] 逐帧 74 维，帧率 20.0 Hz（sr=16000, hop=800=50.0 ms, win=1024, n_mfcc=20）
[2026-09-24 05:20:23] [ERROR] [音频] (1/3) 失败 -3g5yACwYnA_13: RuntimeError: 音频维度核算错误：得到 73，应为 74。通道长度 [20, 20, 20, 1, 1, 1, 1, 1, 1, 1, 1, 4, 1]
[2026-09-24 05:20:23] [ERROR] [音频] (2/3) 失败 -3g5yACwYnA_3: RuntimeError: 音频维度核算错误：得到 73，应为 74。通道长度 [20, 20, 20, 1, 1, 1, 1, 1, 1, 1, 1, 4, 1]
[2026-09-24 05:20:23] [ERROR] [音频] (3/3) 失败 -3g5yACwYnA_2: RuntimeError: 音频维度核算错误：得到 73，应为 74。通道长度 [20, 20, 20, 1, 1, 1, 1, 1, 1, 1, 1, 4, 1]
[2026-09-24 05:20:23] [INFO] [音频] 完成：成功 0 / 跳过 0 / 失败 3（输出目录 D:\23届建模\data\unaligned_features\audio）
[2026-09-24 05:20:37] [INFO] [数据] 已读取工作表 'label': 100 行
[2026-09-24 05:20:37] [INFO] [数据] 加载标注表: 100 条样本, 列名: ['video_id', 'clip_id', 'text', 'label', 'annotation']
[2026-09-24 05:20:37] [INFO] [音频] 待处理样本 3 条
[2026-09-24 05:20:37] [INFO] [音频] 逐帧 74 维，帧率 20.0 Hz（sr=16000, hop=800=50.0 ms, win=1024, n_mfcc=20）
[2026-09-24 05:20:39] [INFO] [音频] (1/3) -3g5yACwYnA_13 -> (T=108, D=74) 音频=5.40s 浊音占比=0.34
[2026-09-24 05:20:39] [INFO] [音频] (2/3) -3g5yACwYnA_3 -> (T=287, D=74) 音频=14.33s 浊音占比=0.28
[2026-09-24 05:20:40] [INFO] [音频] (3/3) -3g5yACwYnA_2 -> (T=185, D=74) 音频=9.23s 浊音占比=0.48
[2026-09-24 05:20:40] [INFO] [音频] 完成：成功 3 / 跳过 0 / 失败 0（输出目录 D:\23届建模\data\unaligned_features\audio）
[2026-09-24 05:21:35] [INFO] [数据] 已读取工作表 'label': 100 行
[2026-09-24 05:21:35] [INFO] [数据] 加载标注表: 100 条样本, 列名: ['video_id', 'clip_id', 'text', 'label', 'annotation']
[2026-09-24 05:21:35] [INFO] [视觉] 待处理样本 2 条
[2026-09-24 05:21:37] [INFO] [视觉] 逐帧 35 维（ResNet-50 2048 维 → 随机投影，seed=42, md5=992b29b9）
[2026-09-24 05:21:37] [INFO] [视觉] 采样率 15.0 Hz，人脸尺寸 160，device=cpu
[2026-09-24 05:21:50] [INFO] [视觉] (1/2) -3g5yACwYnA_13 -> (T=83, D=35) 人脸率=1.00 实测帧率=15.18 时长=5.47s
[2026-09-24 05:22:24] [INFO] [视觉] (2/2) -3g5yACwYnA_3 -> (T=216, D=35) 人脸率=1.00 实测帧率=15.07 时长=14.33s
[2026-09-24 05:22:24] [INFO] [视觉] 完成：成功 2 / 跳过 0 / 失败 0（输出目录 D:\23届建模\data\unaligned_features\vision）
[2026-09-24 05:23:29] [INFO] [数据] 已读取工作表 'label': 100 行
[2026-09-24 05:23:29] [INFO] [数据] 加载标注表: 100 条样本, 列名: ['video_id', 'clip_id', 'text', 'label', 'annotation']
[2026-09-24 05:23:29] [INFO] [文本] 待处理样本 3 条
[2026-09-24 05:23:39] [INFO] [文本] 模型就绪 roberta-base（hidden=768, device=cpu, max_length=512）
[2026-09-24 05:23:39] [INFO] [文本] (1/3) 已存在，跳过 -3g5yACwYnA_13
[2026-09-24 05:23:39] [INFO] [文本] (2/3) 已存在，跳过 -3g5yACwYnA_3
[2026-09-24 05:23:39] [INFO] [文本] (3/3) -3g5yACwYnA_2 -> (W=16, D=768) 时长=9.39s
[2026-09-24 05:23:39] [INFO] [文本] 完成：成功 1 / 跳过 2 / 失败 0（输出目录 D:\23届建模\data\unaligned_features\text）
[2026-09-24 05:23:43] [INFO] [数据] 已读取工作表 'label': 100 行
[2026-09-24 05:23:43] [INFO] [数据] 加载标注表: 100 条样本, 列名: ['video_id', 'clip_id', 'text', 'label', 'annotation']
[2026-09-24 05:23:43] [INFO] [视觉] 待处理样本 3 条
[2026-09-24 05:23:45] [INFO] [视觉] 逐帧 35 维（ResNet-50 2048 维 → 随机投影，seed=42, md5=992b29b9）
[2026-09-24 05:23:45] [INFO] [视觉] 采样率 15.0 Hz，人脸尺寸 160，device=cpu
[2026-09-24 05:24:07] [INFO] [视觉] (3/3) -3g5yACwYnA_2 -> (T=140, D=35) 人脸率=1.00 实测帧率=15.00 时长=9.33s
[2026-09-24 05:24:07] [INFO] [视觉] 完成：成功 1 / 跳过 2 / 失败 0（输出目录 D:\23届建模\data\unaligned_features\vision）
[2026-09-24 05:24:13] [INFO] [数据] 已读取工作表 'label': 100 行
[2026-09-24 05:24:13] [INFO] [数据] 加载标注表: 100 条样本, 列名: ['video_id', 'clip_id', 'text', 'label', 'annotation']
[2026-09-24 05:24:13] [INFO] [对齐] 待处理样本 3 条；未对齐根目录 D:\23届建模\data\unaligned_features
[2026-09-24 05:24:13] [INFO] [对齐] (1/3) -3g5yACwYnA_13 时长=5.51s 槽宽=0.1103s | 有效槽 文本17/语音49/视觉50
[2026-09-24 05:24:13] [INFO] [对齐] (2/3) -3g5yACwYnA_3 时长=14.39s 槽宽=0.2878s | 有效槽 文本34/语音50/视觉50
[2026-09-24 05:24:13] [INFO] [对齐] (3/3) -3g5yACwYnA_2 时长=9.39s 槽宽=0.1879s | 有效槽 文本16/语音49/视觉50
[2026-09-24 05:24:13] [INFO] [对齐] 汇总输出 ...
[2026-09-24 05:24:13] [INFO] [对齐]   D:\23届建模\data\aligned\aligned_50.npz
[2026-09-24 05:24:13] [INFO] [对齐]   D:\23届建模\data\aligned\slot_time_map.csv
[2026-09-24 05:24:13] [INFO] [对齐]   D:\23届建模\data\aligned\align_summary.csv
[2026-09-24 05:24:13] [INFO] [对齐] 完成：成功 3 / 失败 0 / 槽数 50 / 方法 time_bin
[2026-09-24 05:25:27] [INFO] [可视化] 中文字体: Microsoft YaHei
[2026-09-24 05:25:29] [INFO] [可视化] 已输出 D:\23届建模\data\timeline\-3g5yACwYnA_13_timeline.png
[2026-09-24 05:25:29] [INFO] [可视化] 已输出对应表 D:\23届建模\data\timeline\-3g5yACwYnA_13_correspondence.csv
[2026-09-24 05:26:08] [INFO] [可视化] 中文字体: Microsoft YaHei
[2026-09-24 05:26:10] [INFO] [可视化] 已输出 D:\23届建模\data\timeline\-3g5yACwYnA_3_timeline.png
[2026-09-24 05:26:10] [INFO] [可视化] 已输出对应表 D:\23届建模\data\timeline\-3g5yACwYnA_3_correspondence.csv
[2026-09-24 05:27:10] [INFO] [数据] 已读取工作表 'label': 100 行
[2026-09-24 05:27:10] [INFO] [数据] 加载标注表: 100 条样本, 列名: ['video_id', 'clip_id', 'text', 'label', 'annotation']
[2026-09-24 05:27:10] [INFO] ========================================================================
[2026-09-24 05:27:10] [INFO] 流水线启动：100 条样本；未对齐输出 D:\23届建模\data\unaligned_features；对齐输出 D:\23届建模\data\aligned
[2026-09-24 05:27:10] [INFO] ========================================================================
[2026-09-24 05:27:11] [INFO] ------------------------------------------------------------------------
[2026-09-24 05:27:11] [INFO] [1/4] 开始：文本（RoBERTa 词级，不对齐）
[2026-09-24 05:27:22] [INFO] [文本] 模型就绪 roberta-base（hidden=768, device=cpu, max_length=512）
[2026-09-24 05:27:22] [INFO] [文本] (1/100) -3g5yACwYnA_13 -> (W=17, D=768) 时长=5.51s
[2026-09-24 05:27:22] [INFO] [文本] (2/100) -3g5yACwYnA_3 -> (W=34, D=768) 时长=14.39s
[2026-09-24 05:27:22] [INFO] [文本] (3/100) -3g5yACwYnA_2 -> (W=16, D=768) 时长=9.39s
[2026-09-24 05:27:22] [INFO] [文本] (4/100) -3g5yACwYnA_9 -> (W=28, D=768) 时长=8.82s
[2026-09-24 05:27:22] [INFO] [文本] (5/100) -3nNcZdcdvU_5 -> (W=19, D=768) 时长=7.87s
[2026-09-24 05:27:22] [INFO] [文本] (6/100) -HwX2H8Z4hY_2 -> (W=11, D=768) 时长=3.98s
[2026-09-24 05:27:22] [INFO] [文本] (7/100) -HwX2H8Z4hY_5 -> (W=10, D=768) 时长=5.65s
[2026-09-24 05:27:23] [INFO] [文本] (8/100) -HwX2H8Z4hY_6 -> (W=8, D=768) 时长=3.36s
[2026-09-24 05:27:23] [INFO] [文本] (9/100) -HwX2H8Z4hY_9 -> (W=23, D=768) 时长=7.73s
[2026-09-24 05:27:23] [INFO] [文本] (10/100) -NFrJFQijFE_1 -> (W=16, D=768) 时长=5.75s
[2026-09-24 05:27:23] [INFO] [文本] (11/100) -NFrJFQijFE_2 -> (W=18, D=768) 时长=6.86s
[2026-09-24 05:27:23] [INFO] [文本] (12/100) -THoVjtIkeU_12 -> (W=42, D=768) 时长=14.90s
[2026-09-24 05:27:23] [INFO] [文本] (13/100) -THoVjtIkeU_2 -> (W=11, D=768) 时长=4.29s
[2026-09-24 05:27:23] [INFO] [文本] (14/100) -THoVjtIkeU_6 -> (W=32, D=768) 时长=8.10s
[2026-09-24 05:27:23] [INFO] [文本] (15/100) -UuX1xuaiiE_1 -> (W=32, D=768) 时长=10.35s
[2026-09-24 05:27:24] [INFO] [文本] (16/100) -UuX1xuaiiE_0 -> (W=11, D=768) 时长=3.63s
[2026-09-24 05:27:24] [INFO] [文本] (17/100) -UuX1xuaiiE_3 -> (W=9, D=768) 时长=4.13s
[2026-09-24 05:27:24] [INFO] [文本] (18/100) -UuX1xuaiiE_6 -> (W=23, D=768) 时长=8.11s
[2026-09-24 05:27:24] [INFO] [文本] (19/100) -a55Q6RWvTA_3 -> (W=78, D=768) 时长=22.15s
[2026-09-24 05:27:24] [INFO] [文本] (20/100) -aNfi7CP8vM_7 -> (W=22, D=768) 时长=8.69s
[2026-09-24 05:27:24] [INFO] [文本] (21/100) -aqamKhZ1Ec_0 -> (W=16, D=768) 时长=10.97s
[2026-09-24 05:27:24] [INFO] [文本] (22/100) -dxfTGcXJoc_1 -> (W=41, D=768) 时长=16.16s
[2026-09-24 05:27:25] [INFO] [文本] (23/100) -dxfTGcXJoc_0 -> (W=47, D=768) 时长=20.50s
[2026-09-24 05:27:25] [INFO] [文本] (24/100) -dxfTGcXJoc_2 -> (W=39, D=768) 时长=16.70s
[2026-09-24 05:27:25] [INFO] [文本] (25/100) -dxfTGcXJoc_6 -> (W=31, D=768) 时长=12.74s
[2026-09-24 05:27:25] [INFO] [文本] (26/100) -egA8-b7-3M_26 -> (W=17, D=768) 时长=6.03s
[2026-09-24 05:27:25] [INFO] [文本] (27/100) -egA8-b7-3M_17 -> (W=19, D=768) 时长=7.27s
[2026-09-24 05:27:25] [INFO] [文本] (28/100) -egA8-b7-3M_18 -> (W=25, D=768) 时长=8.39s
[2026-09-24 05:27:25] [INFO] [文本] (29/100) -egA8-b7-3M_16 -> (W=13, D=768) 时长=5.54s
[2026-09-24 05:27:25] [INFO] [文本] (30/100) -egA8-b7-3M_13 -> (W=14, D=768) 时长=4.18s
[2026-09-24 05:27:26] [INFO] [文本] (31/100) -egA8-b7-3M_1 -> (W=22, D=768) 时长=10.27s
[2026-09-24 05:27:26] [INFO] [文本] (32/100) -egA8-b7-3M_6 -> (W=13, D=768) 时长=6.26s
[2026-09-24 05:27:26] [INFO] [文本] (33/100) -egA8-b7-3M_9 -> (W=12, D=768) 时长=5.09s
[2026-09-24 05:27:26] [INFO] [文本] (34/100) -egA8-b7-3M_20 -> (W=23, D=768) 时长=6.64s
[2026-09-24 05:27:26] [INFO] [文本] (35/100) -iRBcNs9oI8_3 -> (W=9, D=768) 时长=5.62s
[2026-09-24 05:27:26] [INFO] [文本] (36/100) -iRBcNs9oI8_7 -> (W=14, D=768) 时长=4.10s
[2026-09-24 05:27:26] [INFO] [文本] (37/100) -iRBcNs9oI8_6 -> (W=5, D=768) 时长=2.90s
[2026-09-24 05:27:26] [INFO] [文本] (38/100) -iRBcNs9oI8_9 -> (W=5, D=768) 时长=3.42s
[2026-09-24 05:27:27] [INFO] [文本] (39/100) -iRBcNs9oI8_8 -> (W=25, D=768) 时长=8.09s
[2026-09-24 05:27:27] [INFO] [文本] (40/100) -lzEya4AM_4_5 -> (W=21, D=768) 时长=7.67s
[2026-09-24 05:27:27] [INFO] [文本] (41/100) -lzEya4AM_4_6 -> (W=46, D=768) 时长=14.79s
[2026-09-24 05:27:27] [INFO] [文本] (42/100) -mJ2ud6oKI8_1 -> (W=13, D=768) 时长=6.10s
[2026-09-24 05:27:27] [INFO] [文本] (43/100) -mJ2ud6oKI8_2 -> (W=11, D=768) 时长=5.73s
[2026-09-24 05:27:27] [INFO] [文本] (44/100) -mJ2ud6oKI8_6 -> (W=5, D=768) 时长=2.26s
[2026-09-24 05:27:27] [INFO] [文本] (45/100) -mJ2ud6oKI8_9 -> (W=25, D=768) 时长=7.03s
[2026-09-24 05:27:27] [INFO] [文本] (46/100) -mJ2ud6oKI8_8 -> (W=11, D=768) 时长=4.19s
[2026-09-24 05:27:28] [INFO] [文本] (47/100) -mqbVkbCndg_0 -> (W=17, D=768) 时长=6.47s
[2026-09-24 05:27:28] [INFO] [文本] (48/100) -t217m2on-s_2 -> (W=14, D=768) 时长=5.69s
[2026-09-24 05:27:28] [INFO] [文本] (49/100) -t217m2on-s_7 -> (W=50, D=768) 时长=17.18s
[2026-09-24 05:27:28] [INFO] [文本] (50/100) -tANM6ETl_M_3 -> (W=27, D=768) 时长=6.76s
[2026-09-24 05:27:28] [INFO] [文本] (51/100) -tPCytz4rww_11 -> (W=19, D=768) 时长=5.47s
[2026-09-24 05:27:28] [INFO] [文本] (52/100) -tPCytz4rww_10 -> (W=14, D=768) 时长=4.79s
[2026-09-24 05:27:28] [INFO] [文本] (53/100) -tPCytz4rww_12 -> (W=28, D=768) 时长=11.86s
[2026-09-24 05:27:28] [INFO] [文本] (54/100) -tPCytz4rww_16 -> (W=17, D=768) 时长=7.21s
[2026-09-24 05:27:29] [INFO] [文本] (55/100) -tPCytz4rww_18 -> (W=19, D=768) 时长=6.64s
[2026-09-24 05:27:29] [INFO] [文本] (56/100) -vxjVxOeScU_4 -> (W=25, D=768) 时长=9.13s
[2026-09-24 05:27:29] [INFO] [文本] (57/100) -wMB_hJL-3o_7 -> (W=23, D=768) 时长=6.04s
[2026-09-24 05:27:29] [INFO] [文本] (58/100) -wny0OAz3g8_1 -> (W=26, D=768) 时长=6.84s
[2026-09-24 05:27:29] [INFO] [文本] (59/100) -wny0OAz3g8_0 -> (W=10, D=768) 时长=3.33s
[2026-09-24 05:27:29] [INFO] [文本] (60/100) -wny0OAz3g8_3 -> (W=20, D=768) 时长=6.15s
[2026-09-24 05:27:29] [INFO] [文本] (61/100) -wny0OAz3g8_2 -> (W=27, D=768) 时长=6.69s
[2026-09-24 05:27:30] [INFO] [文本] (62/100) -wny0OAz3g8_5 -> (W=22, D=768) 时长=6.91s
[2026-09-24 05:27:30] [INFO] [文本] (63/100) -wny0OAz3g8_7 -> (W=29, D=768) 时长=8.07s
[2026-09-24 05:27:30] [INFO] [文本] (64/100) -wny0OAz3g8_9 -> (W=22, D=768) 时长=6.21s
[2026-09-24 05:27:30] [INFO] [文本] (65/100) -571d8cVauQ_0 -> (W=14, D=768) 时长=5.07s
[2026-09-24 05:27:30] [INFO] [文本] (66/100) -571d8cVauQ_5 -> (W=50, D=768) 时长=15.27s
[2026-09-24 05:27:30] [INFO] [文本] (67/100) -I_e4mIh0yE_1 -> (W=20, D=768) 时长=7.62s
[2026-09-24 05:27:30] [INFO] [文本] (68/100) -I_e4mIh0yE_3 -> (W=27, D=768) 时长=9.16s
[2026-09-24 05:27:30] [INFO] [文本] (69/100) -UacrmKiTn4_10 -> (W=21, D=768) 时长=7.36s
[2026-09-24 05:27:31] [INFO] [文本] (70/100) -UacrmKiTn4_4 -> (W=15, D=768) 时长=4.74s
[2026-09-24 05:27:31] [INFO] [文本] (71/100) -hnBHBN8p5A_7 -> (W=16, D=768) 时长=7.37s
[2026-09-24 05:27:31] [INFO] [文本] (72/100) -hnBHBN8p5A_6 -> (W=14, D=768) 时长=6.40s
[2026-09-24 05:27:31] [INFO] [文本] (73/100) -qDkUB0GgYY_6 -> (W=18, D=768) 时长=4.68s
[2026-09-24 05:27:31] [INFO] [文本] (74/100) -uywlfIYOS8_4 -> (W=21, D=768) 时长=6.04s
[2026-09-24 05:27:31] [INFO] [文本] (75/100) -6rXp3zJ3kc_8 -> (W=36, D=768) 时长=12.81s
[2026-09-24 05:27:31] [INFO] [文本] (76/100) -9y-fZ3swSY_0 -> (W=27, D=768) 时长=6.83s
[2026-09-24 05:27:31] [INFO] [文本] (77/100) -9y-fZ3swSY_4 -> (W=10, D=768) 时长=2.82s
[2026-09-24 05:27:32] [INFO] [文本] (78/100) -9y-fZ3swSY_8 -> (W=13, D=768) 时长=4.99s
[2026-09-24 05:27:32] [INFO] [文本] (79/100) -AUZQgSxyPQ_2 -> (W=46, D=768) 时长=22.51s
[2026-09-24 05:27:32] [INFO] [文本] (80/100) -HeZS2-Prhc_2 -> (W=17, D=768) 时长=8.26s
[2026-09-24 05:27:32] [INFO] [文本] (81/100) -MeTTeMJBNc_0 -> (W=25, D=768) 时长=9.30s
[2026-09-24 05:27:32] [INFO] [文本] (82/100) -MeTTeMJBNc_13 -> (W=16, D=768) 时长=5.43s
[2026-09-24 05:27:32] [INFO] [文本] (83/100) -MeTTeMJBNc_7 -> (W=33, D=768) 时长=10.52s
[2026-09-24 05:27:32] [INFO] [文本] (84/100) -RfYyzHpjk4_11 -> (W=19, D=768) 时长=5.24s
[2026-09-24 05:27:32] [INFO] [文本] (85/100) -RfYyzHpjk4_8 -> (W=20, D=768) 时长=4.59s
[2026-09-24 05:27:33] [INFO] [文本] (86/100) -RfYyzHpjk4_2 -> (W=28, D=768) 时长=5.52s
[2026-09-24 05:27:33] [INFO] [文本] (87/100) -UUCSKoHeMA_0 -> (W=21, D=768) 时长=7.80s
[2026-09-24 05:27:33] [INFO] [文本] (88/100) -ri04Z7vwnc_0 -> (W=8, D=768) 时长=2.81s
[2026-09-24 05:27:33] [INFO] [文本] (89/100) -ri04Z7vwnc_2 -> (W=22, D=768) 时长=6.03s
[2026-09-24 05:27:33] [INFO] [文本] (90/100) -ri04Z7vwnc_5 -> (W=10, D=768) 时长=3.54s
[2026-09-24 05:27:33] [INFO] [文本] (91/100) -s9qJ7ATP7w_1 -> (W=12, D=768) 时长=4.79s
[2026-09-24 05:27:33] [INFO] [文本] (92/100) -s9qJ7ATP7w_0 -> (W=28, D=768) 时长=6.80s
[2026-09-24 05:27:33] [INFO] [文本] (93/100) -s9qJ7ATP7w_5 -> (W=20, D=768) 时长=8.56s
[2026-09-24 05:27:34] [INFO] [文本] (94/100) -s9qJ7ATP7w_4 -> (W=10, D=768) 时长=4.43s
[2026-09-24 05:27:34] [INFO] [文本] (95/100) -s9qJ7ATP7w_7 -> (W=35, D=768) 时长=6.97s
[2026-09-24 05:27:34] [INFO] [文本] (96/100) -s9qJ7ATP7w_6 -> (W=5, D=768) 时长=2.48s
[2026-09-24 05:27:34] [INFO] [文本] (97/100) -s9qJ7ATP7w_8 -> (W=17, D=768) 时长=3.29s
[2026-09-24 05:27:34] [INFO] [文本] (98/100) -yRb-Jum7EQ_1 -> (W=55, D=768) 时长=29.29s
[2026-09-24 05:27:34] [INFO] [文本] (99/100) -yRb-Jum7EQ_5 -> (W=29, D=768) 时长=13.17s
[2026-09-24 05:27:34] [INFO] [文本] (100/100) -yRb-Jum7EQ_6 -> (W=22, D=768) 时长=11.23s
[2026-09-24 05:27:34] [INFO] [文本] 完成：成功 100 / 跳过 0 / 失败 0（输出目录 D:\23届建模\data\unaligned_features\text）
[2026-09-24 05:27:34] [INFO] [1/4] 完成：文本（RoBERTa 词级，不对齐）（用时 23.0 s）
[2026-09-24 05:27:34] [INFO] ------------------------------------------------------------------------
[2026-09-24 05:27:34] [INFO] [2/4] 开始：语音（74 维 @ 20 Hz，不对齐）
[2026-09-24 05:27:34] [INFO] [音频] 逐帧 74 维，帧率 20.0 Hz（sr=16000, hop=800=50.0 ms, win=1024, n_mfcc=20）
[2026-09-24 05:27:36] [INFO] [音频] (1/100) -3g5yACwYnA_13 -> (T=108, D=74) 音频=5.40s 浊音占比=0.34
[2026-09-24 05:27:36] [INFO] [音频] (2/100) -3g5yACwYnA_3 -> (T=287, D=74) 音频=14.33s 浊音占比=0.28
[2026-09-24 05:27:36] [INFO] [音频] (3/100) -3g5yACwYnA_2 -> (T=185, D=74) 音频=9.23s 浊音占比=0.48
[2026-09-24 05:27:37] [INFO] [音频] (4/100) -3g5yACwYnA_9 -> (T=174, D=74) 音频=8.70s 浊音占比=0.46
[2026-09-24 05:27:37] [INFO] [音频] (5/100) -3nNcZdcdvU_5 -> (T=156, D=74) 音频=7.79s 浊音占比=0.35
[2026-09-24 05:27:37] [INFO] [音频] (6/100) -HwX2H8Z4hY_2 -> (T=79, D=74) 音频=3.92s 浊音占比=1.00
[2026-09-24 05:27:37] [INFO] [音频] (7/100) -HwX2H8Z4hY_5 -> (T=111, D=74) 音频=5.54s 浊音占比=0.54
[2026-09-24 05:27:38] [INFO] [音频] (8/100) -HwX2H8Z4hY_6 -> (T=66, D=74) 音频=3.26s 浊音占比=0.76
[2026-09-24 05:27:38] [INFO] [音频] (9/100) -HwX2H8Z4hY_9 -> (T=153, D=74) 音频=7.64s 浊音占比=0.31
[2026-09-24 05:27:38] [INFO] [音频] (10/100) -NFrJFQijFE_1 -> (T=114, D=74) 音频=5.66s 浊音占比=0.88
[2026-09-24 05:27:38] [INFO] [音频] (11/100) -NFrJFQijFE_2 -> (T=134, D=74) 音频=6.70s 浊音占比=0.51
[2026-09-24 05:27:39] [INFO] [音频] (12/100) -THoVjtIkeU_12 -> (T=297, D=74) 音频=14.80s 浊音占比=0.56
[2026-09-24 05:27:39] [INFO] [音频] (13/100) -THoVjtIkeU_2 -> (T=85, D=74) 音频=4.23s 浊音占比=0.06
[2026-09-24 05:27:39] [INFO] [音频] (14/100) -THoVjtIkeU_6 -> (T=160, D=74) 音频=7.98s 浊音占比=0.45
[2026-09-24 05:27:40] [INFO] [音频] (15/100) -UuX1xuaiiE_1 -> (T=206, D=74) 音频=10.27s 浊音占比=0.16
[2026-09-24 05:27:40] [INFO] [音频] (16/100) -UuX1xuaiiE_0 -> (T=72, D=74) 音频=3.58s 浊音占比=0.58
[2026-09-24 05:27:40] [INFO] [音频] (17/100) -UuX1xuaiiE_3 -> (T=81, D=74) 音频=4.04s 浊音占比=0.48
[2026-09-24 05:27:40] [INFO] [音频] (18/100) -UuX1xuaiiE_6 -> (T=159, D=74) 音频=7.94s 浊音占比=0.74
[2026-09-24 05:27:41] [INFO] [音频] (19/100) -a55Q6RWvTA_3 -> (T=442, D=74) 音频=22.08s 浊音占比=0.95
[2026-09-24 05:27:41] [INFO] [音频] (20/100) -aNfi7CP8vM_7 -> (T=171, D=74) 音频=8.54s 浊音占比=0.58
[2026-09-24 05:27:42] [INFO] [音频] (21/100) -aqamKhZ1Ec_0 -> (T=218, D=74) 音频=10.89s 浊音占比=0.01
[2026-09-24 05:27:42] [INFO] [音频] (22/100) -dxfTGcXJoc_1 -> (T=321, D=74) 音频=16.02s 浊音占比=0.27
[2026-09-24 05:27:42] [INFO] [音频] (23/100) -dxfTGcXJoc_0 -> (T=409, D=74) 音频=20.41s 浊音占比=0.11
[2026-09-24 05:27:43] [INFO] [音频] (24/100) -dxfTGcXJoc_2 -> (T=333, D=74) 音频=16.63s 浊音占比=0.40
[2026-09-24 05:27:43] [INFO] [音频] (25/100) -dxfTGcXJoc_6 -> (T=253, D=74) 音频=12.63s 浊音占比=0.40
[2026-09-24 05:27:43] [INFO] [音频] (26/100) -egA8-b7-3M_26 -> (T=119, D=74) 音频=5.92s 浊音占比=0.76
[2026-09-24 05:27:44] [INFO] [音频] (27/100) -egA8-b7-3M_17 -> (T=142, D=74) 音频=7.09s 浊音占比=0.61
[2026-09-24 05:27:44] [INFO] [音频] (28/100) -egA8-b7-3M_18 -> (T=166, D=74) 音频=8.27s 浊音占比=0.76
[2026-09-24 05:27:44] [INFO] [音频] (29/100) -egA8-b7-3M_16 -> (T=110, D=74) 音频=5.48s 浊音占比=0.92
[2026-09-24 05:27:44] [INFO] [音频] (30/100) -egA8-b7-3M_13 -> (T=81, D=74) 音频=4.02s 浊音占比=0.54
[2026-09-24 05:27:45] [INFO] [音频] (31/100) -egA8-b7-3M_1 -> (T=204, D=74) 音频=10.16s 浊音占比=0.77
[2026-09-24 05:27:45] [INFO] [音频] (32/100) -egA8-b7-3M_6 -> (T=124, D=74) 音频=6.18s 浊音占比=0.77
[2026-09-24 05:27:45] [INFO] [音频] (33/100) -egA8-b7-3M_9 -> (T=99, D=74) 音频=4.94s 浊音占比=0.76
[2026-09-24 05:27:45] [INFO] [音频] (34/100) -egA8-b7-3M_20 -> (T=130, D=74) 音频=6.47s 浊音占比=0.81
[2026-09-24 05:27:46] [INFO] [音频] (35/100) -iRBcNs9oI8_3 -> (T=111, D=74) 音频=5.54s 浊音占比=0.61
[2026-09-24 05:27:46] [INFO] [音频] (36/100) -iRBcNs9oI8_7 -> (T=81, D=74) 音频=4.01s 浊音占比=0.65
[2026-09-24 05:27:46] [INFO] [音频] (37/100) -iRBcNs9oI8_6 -> (T=57, D=74) 音频=2.82s 浊音占比=0.81
[2026-09-24 05:27:46] [INFO] [音频] (38/100) -iRBcNs9oI8_9 -> (T=68, D=74) 音频=3.37s 浊音占比=0.34
[2026-09-24 05:27:47] [INFO] [音频] (39/100) -iRBcNs9oI8_8 -> (T=161, D=74) 音频=8.03s 浊音占比=0.47
[2026-09-24 05:27:47] [INFO] [音频] (40/100) -lzEya4AM_4_5 -> (T=152, D=74) 音频=7.57s 浊音占比=0.74
[2026-09-24 05:27:47] [INFO] [音频] (41/100) -lzEya4AM_4_6 -> (T=295, D=74) 音频=14.74s 浊音占比=0.60
[2026-09-24 05:27:48] [INFO] [音频] (42/100) -mJ2ud6oKI8_1 -> (T=122, D=74) 音频=6.05s 浊音占比=0.00
[2026-09-24 05:27:48] [INFO] [音频] (43/100) -mJ2ud6oKI8_2 -> (T=115, D=74) 音频=5.70s 浊音占比=0.00
[2026-09-24 05:27:48] [INFO] [音频] (44/100) -mJ2ud6oKI8_6 -> (T=45, D=74) 音频=2.23s 浊音占比=0.42
[2026-09-24 05:27:48] [INFO] [音频] (45/100) -mJ2ud6oKI8_9 -> (T=139, D=74) 音频=6.91s 浊音占比=0.70
[2026-09-24 05:27:49] [INFO] [音频] (46/100) -mJ2ud6oKI8_8 -> (T=84, D=74) 音频=4.17s 浊音占比=0.69
[2026-09-24 05:27:49] [INFO] [音频] (47/100) -mqbVkbCndg_0 -> (T=128, D=74) 音频=6.38s 浊音占比=0.79
[2026-09-24 05:27:49] [INFO] [音频] (48/100) -t217m2on-s_2 -> (T=113, D=74) 音频=5.63s 浊音占比=0.70
[2026-09-24 05:27:49] [INFO] [音频] (49/100) -t217m2on-s_7 -> (T=341, D=74) 音频=17.03s 浊音占比=0.47
[2026-09-24 05:27:50] [INFO] [音频] (50/100) -tANM6ETl_M_3 -> (T=133, D=74) 音频=6.60s 浊音占比=0.59
[2026-09-24 05:27:50] [INFO] [音频] (51/100) -tPCytz4rww_11 -> (T=108, D=74) 音频=5.38s 浊音占比=0.85
[2026-09-24 05:27:50] [INFO] [音频] (52/100) -tPCytz4rww_10 -> (T=94, D=74) 音频=4.68s 浊音占比=0.36
[2026-09-24 05:27:51] [INFO] [音频] (53/100) -tPCytz4rww_12 -> (T=235, D=74) 音频=11.74s 浊音占比=0.78
[2026-09-24 05:27:51] [INFO] [音频] (54/100) -tPCytz4rww_16 -> (T=143, D=74) 音频=7.14s 浊音占比=0.68
[2026-09-24 05:27:51] [INFO] [音频] (55/100) -tPCytz4rww_18 -> (T=132, D=74) 音频=6.57s 浊音占比=0.78
[2026-09-24 05:27:51] [INFO] [音频] (56/100) -vxjVxOeScU_4 -> (T=181, D=74) 音频=9.04s 浊音占比=0.55
[2026-09-24 05:27:52] [INFO] [音频] (57/100) -wMB_hJL-3o_7 -> (T=120, D=74) 音频=5.98s 浊音占比=0.80
[2026-09-24 05:27:52] [INFO] [音频] (58/100) -wny0OAz3g8_1 -> (T=136, D=74) 音频=6.78s 浊音占比=0.71
[2026-09-24 05:27:52] [INFO] [音频] (59/100) -wny0OAz3g8_0 -> (T=66, D=74) 音频=3.27s 浊音占比=0.88
[2026-09-24 05:27:52] [INFO] [音频] (60/100) -wny0OAz3g8_3 -> (T=122, D=74) 音频=6.10s 浊音占比=1.00
[2026-09-24 05:27:53] [INFO] [音频] (61/100) -wny0OAz3g8_2 -> (T=131, D=74) 音频=6.52s 浊音占比=0.73
[2026-09-24 05:27:53] [INFO] [音频] (62/100) -wny0OAz3g8_5 -> (T=135, D=74) 音频=6.74s 浊音占比=0.55
[2026-09-24 05:27:53] [INFO] [音频] (63/100) -wny0OAz3g8_7 -> (T=159, D=74) 音频=7.91s 浊音占比=0.84
[2026-09-24 05:27:53] [INFO] [音频] (64/100) -wny0OAz3g8_9 -> (T=121, D=74) 音频=6.04s 浊音占比=0.91
[2026-09-24 05:27:54] [INFO] [音频] (65/100) -571d8cVauQ_0 -> (T=100, D=74) 音频=4.99s 浊音占比=0.70
[2026-09-24 05:27:54] [INFO] [音频] (66/100) -571d8cVauQ_5 -> (T=303, D=74) 音频=15.12s 浊音占比=0.64
[2026-09-24 05:27:54] [INFO] [音频] (67/100) -I_e4mIh0yE_1 -> (T=149, D=74) 音频=7.44s 浊音占比=0.62
[2026-09-24 05:27:55] [INFO] [音频] (68/100) -I_e4mIh0yE_3 -> (T=180, D=74) 音频=8.99s 浊音占比=0.55
[2026-09-24 05:27:55] [INFO] [音频] (69/100) -UacrmKiTn4_10 -> (T=145, D=74) 音频=7.24s 浊音占比=0.46
[2026-09-24 05:27:55] [INFO] [音频] (70/100) -UacrmKiTn4_4 -> (T=94, D=74) 音频=4.68s 浊音占比=0.61
[2026-09-24 05:27:55] [INFO] [音频] (71/100) -hnBHBN8p5A_7 -> (T=147, D=74) 音频=7.31s 浊音占比=0.48
[2026-09-24 05:27:56] [INFO] [音频] (72/100) -hnBHBN8p5A_6 -> (T=127, D=74) 音频=6.33s 浊音占比=0.26
[2026-09-24 05:27:56] [INFO] [音频] (73/100) -qDkUB0GgYY_6 -> (T=93, D=74) 音频=4.61s 浊音占比=0.95
[2026-09-24 05:27:56] [INFO] [音频] (74/100) -uywlfIYOS8_4 -> (T=118, D=74) 音频=5.88s 浊音占比=0.86
[2026-09-24 05:27:56] [INFO] [音频] (75/100) -6rXp3zJ3kc_8 -> (T=255, D=74) 音频=12.74s 浊音占比=0.89
[2026-09-24 05:27:57] [INFO] [音频] (76/100) -9y-fZ3swSY_0 -> (T=136, D=74) 音频=6.76s 浊音占比=0.59
[2026-09-24 05:27:57] [INFO] [音频] (77/100) -9y-fZ3swSY_4 -> (T=54, D=74) 音频=2.66s 浊音占比=0.35
[2026-09-24 05:27:57] [INFO] [音频] (78/100) -9y-fZ3swSY_8 -> (T=99, D=74) 音频=4.92s 浊音占比=0.25
[2026-09-24 05:27:58] [INFO] [音频] (79/100) -AUZQgSxyPQ_2 -> (T=449, D=74) 音频=22.40s 浊音占比=0.19
[2026-09-24 05:27:58] [INFO] [音频] (80/100) -HeZS2-Prhc_2 -> (T=164, D=74) 音频=8.15s 浊音占比=0.56
[2026-09-24 05:27:58] [INFO] [音频] (81/100) -MeTTeMJBNc_0 -> (T=185, D=74) 音频=9.22s 浊音占比=0.34
[2026-09-24 05:27:59] [INFO] [音频] (82/100) -MeTTeMJBNc_13 -> (T=106, D=74) 音频=5.25s 浊音占比=0.08
[2026-09-24 05:27:59] [INFO] [音频] (83/100) -MeTTeMJBNc_7 -> (T=209, D=74) 音频=10.41s 浊音占比=0.43
[2026-09-24 05:27:59] [INFO] [音频] (84/100) -RfYyzHpjk4_11 -> (T=102, D=74) 音频=5.07s 浊音占比=0.62
[2026-09-24 05:27:59] [INFO] [音频] (85/100) -RfYyzHpjk4_8 -> (T=91, D=74) 音频=4.53s 浊音占比=0.71
[2026-09-24 05:28:00] [INFO] [音频] (86/100) -RfYyzHpjk4_2 -> (T=108, D=74) 音频=5.39s 浊音占比=0.76
[2026-09-24 05:28:00] [INFO] [音频] (87/100) -UUCSKoHeMA_0 -> (T=155, D=74) 音频=7.73s 浊音占比=0.44
[2026-09-24 05:28:00] [INFO] [音频] (88/100) -ri04Z7vwnc_0 -> (T=56, D=74) 音频=2.76s 浊音占比=0.95
[2026-09-24 05:28:00] [INFO] [音频] (89/100) -ri04Z7vwnc_2 -> (T=119, D=74) 音频=5.91s 浊音占比=0.87
[2026-09-24 05:28:01] [INFO] [音频] (90/100) -ri04Z7vwnc_5 -> (T=69, D=74) 音频=3.44s 浊音占比=0.28
[2026-09-24 05:28:01] [INFO] [音频] (91/100) -s9qJ7ATP7w_1 -> (T=93, D=74) 音频=4.64s 浊音占比=0.52
[2026-09-24 05:28:01] [INFO] [音频] (92/100) -s9qJ7ATP7w_0 -> (T=135, D=74) 音频=6.71s 浊音占比=0.85
[2026-09-24 05:28:01] [INFO] [音频] (93/100) -s9qJ7ATP7w_5 -> (T=168, D=74) 音频=8.40s 浊音占比=0.95
[2026-09-24 05:28:02] [INFO] [音频] (94/100) -s9qJ7ATP7w_4 -> (T=85, D=74) 音频=4.25s 浊音占比=0.58
[2026-09-24 05:28:02] [INFO] [音频] (95/100) -s9qJ7ATP7w_7 -> (T=137, D=74) 音频=6.84s 浊音占比=0.61
[2026-09-24 05:28:02] [INFO] [音频] (96/100) -s9qJ7ATP7w_6 -> (T=47, D=74) 音频=2.31s 浊音占比=0.26
[2026-09-24 05:28:02] [INFO] [音频] (97/100) -s9qJ7ATP7w_8 -> (T=64, D=74) 音频=3.18s 浊音占比=0.00
[2026-09-24 05:28:03] [INFO] [音频] (98/100) -yRb-Jum7EQ_1 -> (T=583, D=74) 音频=29.11s 浊音占比=0.81
[2026-09-24 05:28:03] [INFO] [音频] (99/100) -yRb-Jum7EQ_5 -> (T=261, D=74) 音频=13.04s 浊音占比=0.70
[2026-09-24 05:28:03] [INFO] [音频] (100/100) -yRb-Jum7EQ_6 -> (T=225, D=74) 音频=11.24s 浊音占比=0.52
[2026-09-24 05:28:03] [INFO] [音频] 完成：成功 100 / 跳过 0 / 失败 0（输出目录 D:\23届建模\data\unaligned_features\audio）
[2026-09-24 05:28:03] [INFO] [2/4] 完成：语音（74 维 @ 20 Hz，不对齐）（用时 29.1 s）
[2026-09-24 05:28:03] [INFO] ------------------------------------------------------------------------
[2026-09-24 05:28:03] [INFO] [3/4] 开始：视觉（35 维人脸特征 @ 15 Hz，不对齐）
[2026-09-24 05:28:04] [INFO] [视觉] 逐帧 35 维（ResNet-50 2048 维 → 随机投影，seed=42, md5=992b29b9）
[2026-09-24 05:28:04] [INFO] [视觉] 采样率 15.0 Hz，人脸尺寸 160，device=cpu
[2026-09-24 05:28:18] [INFO] [视觉] (1/100) -3g5yACwYnA_13 -> (T=83, D=35) 人脸率=1.00 实测帧率=15.18 时长=5.47s
[2026-09-24 05:28:54] [INFO] [视觉] (2/100) -3g5yACwYnA_3 -> (T=216, D=35) 人脸率=1.00 实测帧率=15.07 时长=14.33s
[2026-09-24 05:29:18] [INFO] [视觉] (3/100) -3g5yACwYnA_2 -> (T=140, D=35) 人脸率=1.00 实测帧率=15.00 时长=9.33s
[2026-09-24 05:29:41] [INFO] [视觉] (4/100) -3g5yACwYnA_9 -> (T=132, D=35) 人脸率=1.00 实测帧率=15.06 时长=8.77s
[2026-09-24 05:29:53] [INFO] [视觉] (5/100) -3nNcZdcdvU_5 -> (T=118, D=35) 人脸率=0.99 实测帧率=15.13 时长=7.80s
[2026-09-24 05:30:04] [INFO] [视觉] (6/100) -HwX2H8Z4hY_2 -> (T=60, D=35) 人脸率=0.97 实测帧率=15.25 时长=3.93s
[2026-09-24 05:30:19] [INFO] [视觉] (7/100) -HwX2H8Z4hY_5 -> (T=85, D=35) 人脸率=1.00 实测帧率=15.18 时长=5.60s
[2026-09-24 05:30:28] [INFO] [视觉] (8/100) -HwX2H8Z4hY_6 -> (T=50, D=35) 人脸率=0.98 实测帧率=15.15 时长=3.30s
[2026-09-24 05:30:41] [INFO] [视觉] (9/100) -HwX2H8Z4hY_9 -> (T=116, D=35) 人脸率=0.35 实测帧率=15.13 时长=7.67s
[2026-09-24 05:30:49] [INFO] [视觉] (10/100) -NFrJFQijFE_1 -> (T=86, D=35) 人脸率=0.09 实测帧率=15.14 时长=5.68s
[2026-09-24 05:30:59] [INFO] [视觉] (11/100) -NFrJFQijFE_2 -> (T=102, D=35) 人脸率=0.09 实测帧率=15.00 时长=6.80s
[2026-09-24 05:31:24] [INFO] [视觉] (12/100) -THoVjtIkeU_12 -> (T=223, D=35) 人脸率=1.00 实测帧率=15.03 时长=14.83s
[2026-09-24 05:31:32] [INFO] [视觉] (13/100) -THoVjtIkeU_2 -> (T=64, D=35) 人脸率=1.00 实测帧率=15.24 时长=4.20s
[2026-09-24 05:31:46] [INFO] [视觉] (14/100) -THoVjtIkeU_6 -> (T=121, D=35) 人脸率=0.99 实测帧率=15.06 时长=8.03s
[2026-09-24 05:32:26] [INFO] [视觉] (15/100) -UuX1xuaiiE_1 -> (T=155, D=35) 人脸率=1.00 实测帧率=15.05 时长=10.30s
[2026-09-24 05:32:39] [INFO] [视觉] (16/100) -UuX1xuaiiE_0 -> (T=56, D=35) 人脸率=1.00 实测帧率=15.27 时长=3.67s
[2026-09-24 05:32:49] [INFO] [视觉] (17/100) -UuX1xuaiiE_3 -> (T=62, D=35) 人脸率=1.00 实测帧率=15.25 时长=4.07s
[2026-09-24 05:33:10] [INFO] [视觉] (18/100) -UuX1xuaiiE_6 -> (T=121, D=35) 人脸率=1.00 实测帧率=15.00 时长=8.07s
[2026-09-24 05:33:48] [INFO] [视觉] (19/100) -a55Q6RWvTA_3 -> (T=332, D=35) 人脸率=1.00 实测帧率=15.04 时长=22.07s
[2026-09-24 05:34:01] [INFO] [视觉] (20/100) -aNfi7CP8vM_7 -> (T=129, D=35) 人脸率=1.00 实测帧率=14.94 时长=8.63s
[2026-09-24 05:34:27] [INFO] [视觉] (21/100) -aqamKhZ1Ec_0 -> (T=165, D=35) 人脸率=1.00 实测帧率=15.05 时长=10.97s
[2026-09-24 05:34:46] [INFO] [可视化] 中文字体: Microsoft YaHei
[2026-09-24 05:34:49] [INFO] [视觉] (22/100) -dxfTGcXJoc_1 -> (T=242, D=35) 人脸率=1.00 实测帧率=15.03 时长=16.10s
[2026-09-24 05:34:57] [INFO] [可视化] 中文字体: Microsoft YaHei
[2026-09-24 05:34:59] [INFO] [可视化] 已输出 D:\23届建模\data\timeline\-3g5yACwYnA_13_timeline.png
[2026-09-24 05:34:59] [INFO] [可视化] 已输出对应表 D:\23届建模\data\timeline\-3g5yACwYnA_13_correspondence.csv
[2026-09-24 05:35:13] [INFO] [视觉] (23/100) -dxfTGcXJoc_0 -> (T=308, D=35) 人脸率=0.78 实测帧率=15.02 时长=20.50s
[2026-09-24 05:35:17] [INFO] [可视化] 中文字体: Microsoft YaHei
[2026-09-24 05:35:20] [INFO] [可视化] 已输出 D:\23届建模\data\timeline\-3g5yACwYnA_13_timeline.png
[2026-09-24 05:35:37] [INFO] [视觉] (24/100) -dxfTGcXJoc_2 -> (T=250, D=35) 人脸率=1.00 实测帧率=15.06 时长=16.60s
[2026-09-24 05:35:55] [INFO] [视觉] (25/100) -dxfTGcXJoc_6 -> (T=191, D=35) 人脸率=1.00 实测帧率=15.04 时长=12.70s
[2026-09-24 05:36:06] [INFO] [视觉] (26/100) -egA8-b7-3M_26 -> (T=90, D=35) 人脸率=1.00 实测帧率=15.08 时长=5.97s
[2026-09-24 05:36:18] [INFO] [视觉] (27/100) -egA8-b7-3M_17 -> (T=108, D=35) 人脸率=1.00 实测帧率=14.93 时长=7.23s
[2026-09-24 05:36:31] [INFO] [视觉] (28/100) -egA8-b7-3M_18 -> (T=126, D=35) 人脸率=1.00 实测帧率=15.12 时长=8.33s
[2026-09-24 05:36:40] [INFO] [视觉] (29/100) -egA8-b7-3M_16 -> (T=83, D=35) 人脸率=1.00 实测帧率=15.18 时长=5.47s
[2026-09-24 05:36:47] [INFO] [视觉] (30/100) -egA8-b7-3M_13 -> (T=63, D=35) 人脸率=1.00 实测帧率=15.24 时长=4.13s
[2026-09-24 05:37:03] [INFO] [视觉] (31/100) -egA8-b7-3M_1 -> (T=154, D=35) 人脸率=1.00 实测帧率=15.10 时长=10.20s
[2026-09-24 05:37:13] [INFO] [视觉] (32/100) -egA8-b7-3M_6 -> (T=94, D=35) 人脸率=1.00 实测帧率=15.16 时长=6.20s
[2026-09-24 05:37:22] [INFO] [视觉] (33/100) -egA8-b7-3M_9 -> (T=76, D=35) 人脸率=1.00 实测帧率=15.10 时长=5.03s
[2026-09-24 05:37:32] [INFO] [视觉] (34/100) -egA8-b7-3M_20 -> (T=99, D=35) 人脸率=1.00 实测帧率=15.00 时长=6.60s
[2026-09-24 05:37:47] [INFO] [视觉] (35/100) -iRBcNs9oI8_3 -> (T=84, D=35) 人脸率=1.00 实测帧率=15.07 时长=5.57s
[2026-09-24 05:37:57] [INFO] [视觉] (36/100) -iRBcNs9oI8_7 -> (T=61, D=35) 人脸率=1.00 实测帧率=15.11 时长=4.04s
[2026-09-24 05:38:04] [INFO] [视觉] (37/100) -iRBcNs9oI8_6 -> (T=43, D=35) 人脸率=1.00 实测帧率=15.16 时长=2.84s
[2026-09-24 05:38:12] [INFO] [视觉] (38/100) -iRBcNs9oI8_9 -> (T=51, D=35) 人脸率=0.88 实测帧率=15.29 时长=3.34s
[2026-09-24 05:38:32] [INFO] [视觉] (39/100) -iRBcNs9oI8_8 -> (T=121, D=35) 人脸率=1.00 实测帧率=15.05 时长=8.04s
[2026-09-24 05:38:45] [INFO] [视觉] (40/100) -lzEya4AM_4_5 -> (T=115, D=35) 人脸率=1.00 实测帧率=15.07 时长=7.63s
[2026-09-24 05:39:10] [INFO] [视觉] (41/100) -lzEya4AM_4_6 -> (T=222, D=35) 人脸率=1.00 实测帧率=15.07 时长=14.73s
[2026-09-24 05:39:18] [INFO] [视觉] (42/100) -mJ2ud6oKI8_1 -> (T=91, D=35) 人脸率=0.00 实测帧率=15.15 时长=6.01s
[2026-09-24 05:39:32] [INFO] [视觉] (43/100) -mJ2ud6oKI8_2 -> (T=86, D=35) 人脸率=0.57 实测帧率=15.16 时长=5.67s
[2026-09-24 05:39:39] [INFO] [视觉] (44/100) -mJ2ud6oKI8_6 -> (T=34, D=35) 人脸率=1.00 实测帧率=15.44 时长=2.20s
[2026-09-24 05:39:57] [INFO] [视觉] (45/100) -mJ2ud6oKI8_9 -> (T=105, D=35) 人脸率=1.00 实测帧率=15.06 时长=6.97s
[2026-09-24 05:40:09] [INFO] [视觉] (46/100) -mJ2ud6oKI8_8 -> (T=63, D=35) 人脸率=1.00 实测帧率=15.23 时长=4.14s
[2026-09-24 05:40:25] [INFO] [视觉] (47/100) -mqbVkbCndg_0 -> (T=98, D=35) 人脸率=1.00 实测帧率=15.15 时长=6.47s
[2026-09-24 05:40:33] [INFO] [视觉] (48/100) -t217m2on-s_2 -> (T=85, D=35) 人脸率=1.00 实测帧率=15.18 时长=5.60s
[2026-09-24 05:41:00] [INFO] [视觉] (49/100) -t217m2on-s_7 -> (T=257, D=35) 人脸率=1.00 实测帧率=15.00 时长=17.13s
[2026-09-24 05:41:19] [INFO] [视觉] (50/100) -tANM6ETl_M_3 -> (T=101, D=35) 人脸率=1.00 实测帧率=15.07 时长=6.70s
[2026-09-24 05:41:28] [INFO] [视觉] (51/100) -tPCytz4rww_11 -> (T=82, D=35) 人脸率=1.00 实测帧率=15.19 时长=5.40s
[2026-09-24 05:41:35] [INFO] [视觉] (52/100) -tPCytz4rww_10 -> (T=72, D=35) 人脸率=1.00 实测帧率=15.21 时长=4.73s
[2026-09-24 05:41:53] [INFO] [视觉] (53/100) -tPCytz4rww_12 -> (T=178, D=35) 人脸率=1.00 实测帧率=15.09 时长=11.80s
[2026-09-24 05:42:04] [INFO] [视觉] (54/100) -tPCytz4rww_16 -> (T=108, D=35) 人脸率=1.00 实测帧率=15.14 时长=7.13s
[2026-09-24 05:42:14] [INFO] [视觉] (55/100) -tPCytz4rww_18 -> (T=100, D=35) 人脸率=1.00 实测帧率=15.15 时长=6.60s
[2026-09-24 05:42:28] [INFO] [视觉] (56/100) -vxjVxOeScU_4 -> (T=137, D=35) 人脸率=1.00 实测帧率=15.11 时长=9.07s
[2026-09-24 05:42:37] [INFO] [视觉] (57/100) -wMB_hJL-3o_7 -> (T=91, D=35) 人脸率=0.97 实测帧率=15.17 时长=6.00s
[2026-09-24 05:43:08] [INFO] [视觉] (58/100) -wny0OAz3g8_1 -> (T=103, D=35) 人脸率=1.00 实测帧率=15.15 时长=6.80s
[2026-09-24 05:43:21] [INFO] [视觉] (59/100) -wny0OAz3g8_0 -> (T=50, D=35) 人脸率=1.00 实测帧率=15.31 时长=3.27s
[2026-09-24 05:43:47] [INFO] [视觉] (60/100) -wny0OAz3g8_3 -> (T=92, D=35) 人脸率=1.00 实测帧率=15.16 时长=6.07s
[2026-09-24 05:44:15] [INFO] [视觉] (61/100) -wny0OAz3g8_2 -> (T=99, D=35) 人脸率=1.00 实测帧率=14.93 时长=6.63s
[2026-09-24 05:44:42] [INFO] [视觉] (62/100) -wny0OAz3g8_5 -> (T=103, D=35) 人脸率=1.00 实测帧率=15.00 时长=6.87s
[2026-09-24 05:45:17] [INFO] [视觉] (63/100) -wny0OAz3g8_7 -> (T=121, D=35) 人脸率=1.00 实测帧率=15.06 时长=8.03s
[2026-09-24 05:45:41] [INFO] [视觉] (64/100) -wny0OAz3g8_9 -> (T=92, D=35) 人脸率=1.00 实测帧率=14.92 时长=6.17s
[2026-09-24 05:45:50] [INFO] [视觉] (65/100) -571d8cVauQ_0 -> (T=77, D=35) 人脸率=0.96 实测帧率=15.00 时长=5.13s
[2026-09-24 05:46:17] [INFO] [视觉] (66/100) -571d8cVauQ_5 -> (T=228, D=35) 人脸率=1.00 实测帧率=14.97 时长=15.23s
[2026-09-24 05:46:29] [INFO] [视觉] (67/100) -I_e4mIh0yE_1 -> (T=113, D=35) 人脸率=1.00 实测帧率=14.93 时长=7.57s
[2026-09-24 05:46:45] [INFO] [视觉] (68/100) -I_e4mIh0yE_3 -> (T=136, D=35) 人脸率=1.00 实测帧率=14.95 时长=9.10s
[2026-09-24 05:46:56] [INFO] [视觉] (69/100) -UacrmKiTn4_10 -> (T=110, D=35) 人脸率=1.00 实测帧率=15.07 时长=7.30s
[2026-09-24 05:47:03] [INFO] [视觉] (70/100) -UacrmKiTn4_4 -> (T=71, D=35) 人脸率=1.00 实测帧率=15.21 时长=4.67s
[2026-09-24 05:47:28] [INFO] [视觉] (71/100) -hnBHBN8p5A_7 -> (T=110, D=35) 人脸率=1.00 实测帧率=15.07 时长=7.30s
[2026-09-24 05:47:44] [INFO] [视觉] (72/100) -hnBHBN8p5A_6 -> (T=96, D=35) 人脸率=0.98 实测帧率=15.14 时长=6.34s
[2026-09-24 05:47:51] [INFO] [视觉] (73/100) -qDkUB0GgYY_6 -> (T=70, D=35) 人脸率=1.00 实测帧率=15.22 时长=4.60s
[2026-09-24 05:48:00] [INFO] [视觉] (74/100) -uywlfIYOS8_4 -> (T=91, D=35) 人脸率=1.00 实测帧率=15.17 时长=6.00s
[2026-09-24 05:48:21] [INFO] [视觉] (75/100) -6rXp3zJ3kc_8 -> (T=192, D=35) 人脸率=1.00 实测帧率=15.08 时长=12.73s
[2026-09-24 05:48:39] [INFO] [视觉] (76/100) -9y-fZ3swSY_0 -> (T=104, D=35) 人脸率=1.00 实测帧率=15.15 时长=6.87s
[2026-09-24 05:48:46] [INFO] [视觉] (77/100) -9y-fZ3swSY_4 -> (T=41, D=35) 人脸率=1.00 实测帧率=14.82 时长=2.77s
[2026-09-24 05:48:59] [INFO] [视觉] (78/100) -9y-fZ3swSY_8 -> (T=75, D=35) 人脸率=1.00 实测帧率=15.20 时长=4.93s
[2026-09-24 05:49:58] [INFO] [视觉] (79/100) -AUZQgSxyPQ_2 -> (T=338, D=35) 人脸率=1.00 实测帧率=15.04 时长=22.47s
[2026-09-24 05:50:10] [INFO] [视觉] (80/100) -HeZS2-Prhc_2 -> (T=124, D=35) 人脸率=1.00 实测帧率=15.12 时长=8.20s
[2026-09-24 05:50:24] [INFO] [视觉] (81/100) -MeTTeMJBNc_0 -> (T=140, D=35) 人脸率=0.99 实测帧率=15.05 时长=9.30s
[2026-09-24 05:50:32] [INFO] [视觉] (82/100) -MeTTeMJBNc_13 -> (T=80, D=35) 人脸率=1.00 实测帧率=14.91 时长=5.37s
[2026-09-24 05:50:47] [INFO] [视觉] (83/100) -MeTTeMJBNc_7 -> (T=158, D=35) 人脸率=1.00 实测帧率=15.10 时长=10.47s
[2026-09-24 05:51:01] [INFO] [视觉] (84/100) -RfYyzHpjk4_11 -> (T=78, D=35) 人脸率=1.00 实测帧率=15.00 时长=5.20s
[2026-09-24 05:51:14] [INFO] [视觉] (85/100) -RfYyzHpjk4_8 -> (T=69, D=35) 人脸率=1.00 实测帧率=15.22 时长=4.53s
[2026-09-24 05:51:32] [INFO] [视觉] (86/100) -RfYyzHpjk4_2 -> (T=83, D=35) 人脸率=1.00 实测帧率=15.18 时长=5.47s
[2026-09-24 05:51:44] [INFO] [视觉] (87/100) -UUCSKoHeMA_0 -> (T=118, D=35) 人脸率=0.99 实测帧率=15.06 时长=7.83s
[2026-09-24 05:51:47] [INFO] [视觉] (88/100) -ri04Z7vwnc_0 -> (T=42, D=35) 人脸率=0.00 实测帧率=15.26 时长=2.75s
[2026-09-24 05:51:58] [INFO] [视觉] (89/100) -ri04Z7vwnc_2 -> (T=90, D=35) 人脸率=0.37 实测帧率=15.09 时长=5.96s
[2026-09-24 05:52:10] [INFO] [视觉] (90/100) -ri04Z7vwnc_5 -> (T=52, D=35) 人脸率=1.00 实测帧率=15.02 时长=3.46s
[2026-09-24 05:52:32] [INFO] [视觉] (91/100) -s9qJ7ATP7w_1 -> (T=71, D=35) 人脸率=1.00 实测帧率=15.00 时长=4.73s
[2026-09-24 05:53:02] [INFO] [视觉] (92/100) -s9qJ7ATP7w_0 -> (T=103, D=35) 人脸率=1.00 实测帧率=15.07 时长=6.83s
[2026-09-24 05:53:36] [INFO] [视觉] (93/100) -s9qJ7ATP7w_5 -> (T=127, D=35) 人脸率=1.00 实测帧率=14.94 时长=8.50s
[2026-09-24 05:53:54] [INFO] [视觉] (94/100) -s9qJ7ATP7w_4 -> (T=65, D=35) 人脸率=1.00 实测帧率=14.88 时长=4.37s
[2026-09-24 05:54:14] [INFO] [视觉] (95/100) -s9qJ7ATP7w_7 -> (T=104, D=35) 人脸率=0.76 实测帧率=15.07 时长=6.90s
[2026-09-24 10:49:10] [INFO] [视觉] (96/100) -s9qJ7ATP7w_6 -> (T=36, D=35) 人脸率=0.86 实测帧率=14.79 时长=2.43s
[2026-09-24 10:49:20] [INFO] [数据] 已读取工作表 'label': 100 行
[2026-09-24 10:49:20] [INFO] [数据] 加载标注表: 100 条样本, 列名: ['video_id', 'clip_id', 'text', 'label', 'annotation']
[2026-09-24 10:49:22] [INFO] [视觉] (97/100) -s9qJ7ATP7w_8 -> (T=49, D=35) 人脸率=1.00 实测帧率=15.15 时长=3.23s
[2026-09-24 10:49:22] [INFO] [数据] 已读取工作表 'label': 100 行
[2026-09-24 10:49:22] [INFO] [数据] 加载标注表: 100 条样本, 列名: ['video_id', 'clip_id', 'text', 'label', 'annotation']
[2026-09-24 10:50:54] [INFO] [数据] 已读取工作表 'label': 100 行
[2026-09-24 10:50:54] [INFO] [数据] 加载标注表: 100 条样本, 列名: ['video_id', 'clip_id', 'text', 'label', 'annotation']
[2026-09-24 10:50:54] [INFO] [视觉] 待处理样本 1 条
[2026-09-24 10:50:56] [INFO] [视觉] 逐帧 35 维（ResNet-50 2048 维 → 随机投影，seed=42, md5=992b29b9）
[2026-09-24 10:50:56] [INFO] [视觉] 采样率 15.0 Hz，人脸尺寸 160，device=cpu
[2026-09-24 10:50:56] [INFO] [视觉] 完成：成功 0 / 跳过 1 / 失败 0（输出目录 D:\23届建模\data\unaligned_features\vision）
[2026-09-24 10:50:59] [INFO] [数据] 已读取工作表 'label': 100 行
[2026-09-24 10:50:59] [INFO] [数据] 加载标注表: 100 条样本, 列名: ['video_id', 'clip_id', 'text', 'label', 'annotation']
[2026-09-24 10:50:59] [INFO] [视觉] 待处理样本 1 条
[2026-09-24 10:51:01] [INFO] [视觉] 逐帧 35 维（ResNet-50 2048 维 → 随机投影，seed=42, md5=992b29b9）
[2026-09-24 10:51:01] [INFO] [视觉] 采样率 15.0 Hz，人脸尺寸 160，device=cpu
[2026-09-24 10:51:01] [INFO] [视觉] 完成：成功 0 / 跳过 1 / 失败 0（输出目录 D:\23届建模\data\unaligned_features\vision）
[2026-09-24 10:51:04] [INFO] [数据] 已读取工作表 'label': 100 行
[2026-09-24 10:51:04] [INFO] [数据] 加载标注表: 100 条样本, 列名: ['video_id', 'clip_id', 'text', 'label', 'annotation']
[2026-09-24 10:51:04] [INFO] [视觉] 待处理样本 1 条
[2026-09-24 10:51:07] [INFO] [视觉] 逐帧 35 维（ResNet-50 2048 维 → 随机投影，seed=42, md5=992b29b9）
[2026-09-24 10:51:07] [INFO] [视觉] 采样率 15.0 Hz，人脸尺寸 160，device=cpu
[2026-09-24 10:52:14] [INFO] [视觉] (1/1) -yRb-Jum7EQ_1 -> (T=438, D=35) 人脸率=1.00 实测帧率=14.98 时长=29.23s
[2026-09-24 10:52:14] [INFO] [视觉] 完成：成功 1 / 跳过 0 / 失败 0（输出目录 D:\23届建模\data\unaligned_features\vision）
[2026-09-24 10:52:26] [INFO] [数据] 已读取工作表 'label': 100 行
[2026-09-24 10:52:26] [INFO] [数据] 加载标注表: 100 条样本, 列名: ['video_id', 'clip_id', 'text', 'label', 'annotation']
[2026-09-24 10:52:41] [INFO] [数据] 已读取工作表 'label': 100 行
[2026-09-24 10:52:41] [INFO] [数据] 加载标注表: 100 条样本, 列名: ['video_id', 'clip_id', 'text', 'label', 'annotation']
[2026-09-24 10:52:41] [INFO] [视觉] 待处理样本 1 条
[2026-09-24 10:52:43] [INFO] [视觉] 逐帧 35 维（ResNet-50 2048 维 → 随机投影，seed=42, md5=992b29b9）
[2026-09-24 10:52:43] [INFO] [视觉] 采样率 15.0 Hz，人脸尺寸 160，device=cpu
[2026-09-24 10:53:12] [INFO] [视觉] (1/1) -yRb-Jum7EQ_5 -> (T=198, D=35) 人脸率=1.00 实测帧率=15.08 时长=13.13s
[2026-09-24 10:53:12] [INFO] [视觉] 完成：成功 1 / 跳过 0 / 失败 0（输出目录 D:\23届建模\data\unaligned_features\vision）
[2026-09-24 10:53:15] [INFO] [数据] 已读取工作表 'label': 100 行
[2026-09-24 10:53:15] [INFO] [数据] 加载标注表: 100 条样本, 列名: ['video_id', 'clip_id', 'text', 'label', 'annotation']
[2026-09-24 10:53:15] [INFO] [视觉] 待处理样本 1 条
[2026-09-24 10:53:17] [INFO] [视觉] 逐帧 35 维（ResNet-50 2048 维 → 随机投影，seed=42, md5=992b29b9）
[2026-09-24 10:53:17] [INFO] [视觉] 采样率 15.0 Hz，人脸尺寸 160，device=cpu
[2026-09-24 10:53:44] [INFO] [视觉] (1/1) -yRb-Jum7EQ_6 -> (T=168, D=35) 人脸率=1.00 实测帧率=15.09 时长=11.13s
[2026-09-24 10:53:44] [INFO] [视觉] 完成：成功 1 / 跳过 0 / 失败 0（输出目录 D:\23届建模\data\unaligned_features\vision）
[2026-09-24 10:53:52] [INFO] [数据] 已读取工作表 'label': 100 行
[2026-09-24 10:53:52] [INFO] [数据] 加载标注表: 100 条样本, 列名: ['video_id', 'clip_id', 'text', 'label', 'annotation']
[2026-09-24 10:53:52] [INFO] [对齐] 待处理样本 100 条；未对齐根目录 D:\23届建模\data\unaligned_features
[2026-09-24 10:53:52] [INFO] [对齐] (1/100) -3g5yACwYnA_13 时长=5.51s 槽宽=0.1103s | 有效槽 文本17/语音49/视觉50
[2026-09-24 10:53:52] [INFO] [对齐] (2/100) -3g5yACwYnA_3 时长=14.39s 槽宽=0.2878s | 有效槽 文本34/语音50/视觉50
[2026-09-24 10:53:52] [INFO] [对齐] (3/100) -3g5yACwYnA_2 时长=9.39s 槽宽=0.1879s | 有效槽 文本16/语音49/视觉50
[2026-09-24 10:53:52] [INFO] [对齐] (4/100) -3g5yACwYnA_9 时长=8.82s 槽宽=0.1763s | 有效槽 文本28/语音50/视觉50
[2026-09-24 10:53:52] [INFO] [对齐] (5/100) -3nNcZdcdvU_5 时长=7.87s 槽宽=0.1574s | 有效槽 文本19/语音50/视觉50
[2026-09-24 10:53:52] [INFO] [对齐] (6/100) -HwX2H8Z4hY_2 时长=3.98s 槽宽=0.0796s | 有效槽 文本11/语音49/视觉50
[2026-09-24 10:53:52] [INFO] [对齐] (7/100) -HwX2H8Z4hY_5 时长=5.65s 槽宽=0.1131s | 有效槽 文本10/语音49/视觉50
[2026-09-24 10:53:52] [INFO] [对齐] (8/100) -HwX2H8Z4hY_6 时长=3.36s 槽宽=0.0672s | 有效槽 文本8/语音49/视觉49
[2026-09-24 10:53:52] [INFO] [对齐] (9/100) -HwX2H8Z4hY_9 时长=7.73s 槽宽=0.1547s | 有效槽 文本23/语音50/视觉50
[2026-09-24 10:53:52] [INFO] [对齐] (10/100) -NFrJFQijFE_1 时长=5.75s 槽宽=0.1149s | 有效槽 文本16/语音50/视觉50
[2026-09-24 10:53:52] [INFO] [对齐] (11/100) -NFrJFQijFE_2 时长=6.86s 槽宽=0.1371s | 有效槽 文本18/语音49/视觉50
[2026-09-24 10:53:52] [INFO] [对齐] (12/100) -THoVjtIkeU_12 时长=14.90s 槽宽=0.2979s | 有效槽 文本42/语音50/视觉50
[2026-09-24 10:53:52] [INFO] [对齐] (13/100) -THoVjtIkeU_2 时长=4.29s 槽宽=0.0858s | 有效槽 文本11/语音49/视觉49
[2026-09-24 10:53:52] [INFO] [对齐] (14/100) -THoVjtIkeU_6 时长=8.10s 槽宽=0.1619s | 有效槽 文本32/语音50/视觉50
[2026-09-24 10:53:52] [INFO] [对齐] (15/100) -UuX1xuaiiE_1 时长=10.35s 槽宽=0.2070s | 有效槽 文本32/语音50/视觉50
[2026-09-24 10:53:52] [INFO] [对齐] (16/100) -UuX1xuaiiE_0 时长=3.63s 槽宽=0.0727s | 有效槽 文本11/语音49/视觉50
[2026-09-24 10:53:52] [INFO] [对齐] (17/100) -UuX1xuaiiE_3 时长=4.13s 槽宽=0.0826s | 有效槽 文本9/语音49/视觉50
[2026-09-24 10:53:52] [INFO] [对齐] (18/100) -UuX1xuaiiE_6 时长=8.11s 槽宽=0.1623s | 有效槽 文本23/语音49/视觉50
[2026-09-24 10:53:52] [INFO] [对齐] (19/100) -a55Q6RWvTA_3 时长=22.15s 槽宽=0.4431s | 有效槽 文本50/语音50/视觉50
[2026-09-24 10:53:52] [INFO] [对齐] (20/100) -aNfi7CP8vM_7 时长=8.70s 槽宽=0.1739s | 有效槽 文本22/语音49/视觉50
[2026-09-24 10:53:52] [INFO] [对齐] (21/100) -aqamKhZ1Ec_0 时长=10.97s 槽宽=0.2193s | 有效槽 文本16/语音50/视觉50
[2026-09-24 10:53:52] [INFO] [对齐] (22/100) -dxfTGcXJoc_1 时长=16.16s 槽宽=0.3232s | 有效槽 文本41/语音50/视觉50
[2026-09-24 10:53:52] [INFO] [对齐] (23/100) -dxfTGcXJoc_0 时长=20.50s 槽宽=0.4100s | 有效槽 文本47/语音50/视觉50
[2026-09-24 10:53:52] [INFO] [对齐] (24/100) -dxfTGcXJoc_2 时长=16.70s 槽宽=0.3340s | 有效槽 文本39/语音50/视觉50
[2026-09-24 10:53:52] [INFO] [对齐] (25/100) -dxfTGcXJoc_6 时长=12.73s 槽宽=0.2547s | 有效槽 文本31/语音50/视觉50
[2026-09-24 10:53:52] [INFO] [对齐] (26/100) -egA8-b7-3M_26 时长=6.03s 槽宽=0.1206s | 有效槽 文本17/语音49/视觉50
[2026-09-24 10:53:52] [INFO] [对齐] (27/100) -egA8-b7-3M_17 时长=7.27s 槽宽=0.1454s | 有效槽 文本19/语音49/视觉50
[2026-09-24 10:53:52] [INFO] [对齐] (28/100) -egA8-b7-3M_18 时长=8.39s 槽宽=0.1677s | 有效槽 文本25/语音50/视觉50
[2026-09-24 10:53:52] [INFO] [对齐] (29/100) -egA8-b7-3M_16 时长=5.54s 槽宽=0.1108s | 有效槽 文本13/语音50/视觉50
[2026-09-24 10:53:52] [INFO] [对齐] (30/100) -egA8-b7-3M_13 时长=4.18s 槽宽=0.0837s | 有效槽 文本14/语音48/视觉50
[2026-09-24 10:53:52] [INFO] [对齐] (31/100) -egA8-b7-3M_1 时长=10.27s 槽宽=0.2053s | 有效槽 文本22/语音50/视觉50
[2026-09-24 10:53:52] [INFO] [对齐] (32/100) -egA8-b7-3M_6 时长=6.26s 槽宽=0.1253s | 有效槽 文本13/语音50/视觉50
[2026-09-24 10:53:52] [INFO] [对齐] (33/100) -egA8-b7-3M_9 时长=5.09s 槽宽=0.1018s | 有效槽 文本12/语音49/视觉50
[2026-09-24 10:53:52] [INFO] [对齐] (34/100) -egA8-b7-3M_20 时长=6.64s 槽宽=0.1329s | 有效槽 文本23/语音49/视觉50
[2026-09-24 10:53:52] [INFO] [对齐] (35/100) -iRBcNs9oI8_3 时长=5.62s 槽宽=0.1124s | 有效槽 文本9/语音49/视觉50
[2026-09-24 10:53:52] [INFO] [对齐] (36/100) -iRBcNs9oI8_7 时长=4.10s 槽宽=0.0821s | 有效槽 文本14/语音49/视觉49
[2026-09-24 10:53:52] [INFO] [对齐] (37/100) -iRBcNs9oI8_6 时长=2.90s 槽宽=0.0581s | 有效槽 文本5/语音49/视觉43
[2026-09-24 10:53:52] [INFO] [对齐] (38/100) -iRBcNs9oI8_9 时长=3.42s 槽宽=0.0683s | 有效槽 文本5/语音50/视觉49
[2026-09-24 10:53:53] [INFO] [对齐] (39/100) -iRBcNs9oI8_8 时长=8.09s 槽宽=0.1619s | 有效槽 文本25/语音50/视觉50
[2026-09-24 10:53:53] [INFO] [对齐] (40/100) -lzEya4AM_4_5 时长=7.67s 槽宽=0.1535s | 有效槽 文本21/语音50/视觉50
[2026-09-24 10:53:53] [INFO] [对齐] (41/100) -lzEya4AM_4_6 时长=14.79s 槽宽=0.2958s | 有效槽 文本46/语音50/视觉50
[2026-09-24 10:53:53] [INFO] [对齐] (42/100) -mJ2ud6oKI8_1 时长=6.10s 槽宽=0.1221s | 有效槽 文本13/语音50/视觉50
[2026-09-24 10:53:53] [INFO] [对齐] (43/100) -mJ2ud6oKI8_2 时长=5.73s 槽宽=0.1146s | 有效槽 文本11/语音50/视觉50
[2026-09-24 10:53:53] [INFO] [对齐] (44/100) -mJ2ud6oKI8_6 时长=2.26s 槽宽=0.0451s | 有效槽 文本5/语音45/视觉34
[2026-09-24 10:53:53] [INFO] [对齐] (45/100) -mJ2ud6oKI8_9 时长=7.03s 槽宽=0.1407s | 有效槽 文本25/语音50/视觉50
[2026-09-24 10:53:53] [INFO] [对齐] (46/100) -mJ2ud6oKI8_8 时长=4.19s 槽宽=0.0838s | 有效槽 文本11/语音50/视觉50
[2026-09-24 10:53:53] [INFO] [对齐] (47/100) -mqbVkbCndg_0 时长=6.47s 槽宽=0.1293s | 有效槽 文本17/语音50/视觉50
[2026-09-24 10:53:53] [INFO] [对齐] (48/100) -t217m2on-s_2 时长=5.69s 槽宽=0.1137s | 有效槽 文本14/语音50/视觉50
[2026-09-24 10:53:53] [INFO] [对齐] (49/100) -t217m2on-s_7 时长=17.18s 槽宽=0.3437s | 有效槽 文本50/语音50/视觉50
[2026-09-24 10:53:53] [INFO] [对齐] (50/100) -tANM6ETl_M_3 时长=6.76s 槽宽=0.1352s | 有效槽 文本27/语音49/视觉50
[2026-09-24 10:53:53] [INFO] [对齐] (51/100) -tPCytz4rww_11 时长=5.47s 槽宽=0.1093s | 有效槽 文本19/语音49/视觉50
[2026-09-24 10:53:53] [INFO] [对齐] (52/100) -tPCytz4rww_10 时长=4.79s 槽宽=0.0958s | 有效槽 文本14/语音49/视觉50
[2026-09-24 10:53:53] [INFO] [对齐] (53/100) -tPCytz4rww_12 时长=11.86s 槽宽=0.2373s | 有效槽 文本28/语音50/视觉50
[2026-09-24 10:53:53] [INFO] [对齐] (54/100) -tPCytz4rww_16 时长=7.21s 槽宽=0.1441s | 有效槽 文本17/语音50/视觉50
[2026-09-24 10:53:53] [INFO] [对齐] (55/100) -tPCytz4rww_18 时长=6.64s 槽宽=0.1329s | 有效槽 文本19/语音50/视觉50
[2026-09-24 10:53:53] [INFO] [对齐] (56/100) -vxjVxOeScU_4 时长=9.13s 槽宽=0.1825s | 有效槽 文本25/语音50/视觉50
[2026-09-24 10:53:53] [INFO] [对齐] (57/100) -wMB_hJL-3o_7 时长=6.04s 槽宽=0.1209s | 有效槽 文本23/语音50/视觉50
[2026-09-24 10:53:53] [INFO] [对齐] (58/100) -wny0OAz3g8_1 时长=6.84s 槽宽=0.1369s | 有效槽 文本26/语音50/视觉50
[2026-09-24 10:53:53] [INFO] [对齐] (59/100) -wny0OAz3g8_0 时长=3.33s 槽宽=0.0667s | 有效槽 文本10/语音49/视觉50
[2026-09-24 10:53:53] [INFO] [对齐] (60/100) -wny0OAz3g8_3 时长=6.15s 槽宽=0.1229s | 有效槽 文本20/语音50/视觉50
[2026-09-24 10:53:53] [INFO] [对齐] (61/100) -wny0OAz3g8_2 时长=6.69s 槽宽=0.1337s | 有效槽 文本27/语音49/视觉50
[2026-09-24 10:53:53] [INFO] [对齐] (62/100) -wny0OAz3g8_5 时长=6.91s 槽宽=0.1382s | 有效槽 文本22/语音49/视觉50
[2026-09-24 10:53:53] [INFO] [对齐] (63/100) -wny0OAz3g8_7 时长=8.07s 槽宽=0.1614s | 有效槽 文本29/语音49/视觉50
[2026-09-24 10:53:53] [INFO] [对齐] (64/100) -wny0OAz3g8_9 时长=6.21s 槽宽=0.1243s | 有效槽 文本22/语音49/视觉50
[2026-09-24 10:53:53] [INFO] [对齐] (65/100) -571d8cVauQ_0 时长=5.07s 槽宽=0.1013s | 有效槽 文本14/语音49/视觉50
[2026-09-24 10:53:53] [INFO] [对齐] (66/100) -571d8cVauQ_5 时长=15.27s 槽宽=0.3055s | 有效槽 文本50/语音50/视觉50
[2026-09-24 10:53:53] [INFO] [对齐] (67/100) -I_e4mIh0yE_1 时长=7.62s 槽宽=0.1524s | 有效槽 文本20/语音49/视觉50
[2026-09-24 10:53:53] [INFO] [对齐] (68/100) -I_e4mIh0yE_3 时长=9.16s 槽宽=0.1833s | 有效槽 文本27/语音49/视觉50
[2026-09-24 10:53:53] [INFO] [对齐] (69/100) -UacrmKiTn4_10 时长=7.36s 槽宽=0.1472s | 有效槽 文本21/语音49/视觉50
[2026-09-24 10:53:53] [INFO] [对齐] (70/100) -UacrmKiTn4_4 时长=4.74s 槽宽=0.0948s | 有效槽 文本15/语音50/视觉50
[2026-09-24 10:53:53] [INFO] [对齐] (71/100) -hnBHBN8p5A_7 时长=7.37s 槽宽=0.1474s | 有效槽 文本16/语音50/视觉50
[2026-09-24 10:53:53] [INFO] [对齐] (72/100) -hnBHBN8p5A_6 时长=6.40s 槽宽=0.1280s | 有效槽 文本14/语音50/视觉50
[2026-09-24 10:53:53] [INFO] [对齐] (73/100) -qDkUB0GgYY_6 时长=4.68s 槽宽=0.0936s | 有效槽 文本18/语音50/视觉50
[2026-09-24 10:53:53] [INFO] [对齐] (74/100) -uywlfIYOS8_4 时长=6.04s 槽宽=0.1209s | 有效槽 文本21/语音49/视觉50
[2026-09-24 10:53:53] [INFO] [对齐] (75/100) -6rXp3zJ3kc_8 时长=12.80s 槽宽=0.2561s | 有效槽 文本36/语音50/视觉50
[2026-09-24 10:53:53] [INFO] [对齐] (76/100) -9y-fZ3swSY_0 时长=6.83s 槽宽=0.1367s | 有效槽 文本27/语音50/视觉50
[2026-09-24 10:53:53] [INFO] [对齐] (77/100) -9y-fZ3swSY_4 时长=2.82s 槽宽=0.0564s | 有效槽 文本10/语音47/视觉41
[2026-09-24 10:53:53] [INFO] [对齐] (78/100) -9y-fZ3swSY_8 时长=4.99s 槽宽=0.0998s | 有效槽 文本13/语音50/视觉50
[2026-09-24 10:53:53] [INFO] [对齐] (79/100) -AUZQgSxyPQ_2 时长=22.51s 槽宽=0.4502s | 有效槽 文本46/语音50/视觉50
[2026-09-24 10:53:53] [INFO] [对齐] (80/100) -HeZS2-Prhc_2 时长=8.26s 槽宽=0.1652s | 有效槽 文本17/语音50/视觉50
[2026-09-24 10:53:53] [INFO] [对齐] (81/100) -MeTTeMJBNc_0 时长=9.30s 槽宽=0.1860s | 有效槽 文本25/语音50/视觉50
[2026-09-24 10:53:53] [INFO] [对齐] (82/100) -MeTTeMJBNc_13 时长=5.43s 槽宽=0.1086s | 有效槽 文本16/语音49/视觉49
[2026-09-24 10:53:53] [INFO] [对齐] (83/100) -MeTTeMJBNc_7 时长=10.52s 槽宽=0.2103s | 有效槽 文本33/语音50/视觉50
[2026-09-24 10:53:53] [INFO] [对齐] (84/100) -RfYyzHpjk4_11 时长=5.24s 槽宽=0.1048s | 有效槽 文本19/语音49/视觉50
[2026-09-24 10:53:53] [INFO] [对齐] (85/100) -RfYyzHpjk4_8 时长=4.59s 槽宽=0.0918s | 有效槽 文本20/语音50/视觉50
[2026-09-24 10:53:53] [INFO] [对齐] (86/100) -RfYyzHpjk4_2 时长=5.52s 槽宽=0.1103s | 有效槽 文本28/语音49/视觉50
[2026-09-24 10:53:53] [INFO] [对齐] (87/100) -UUCSKoHeMA_0 时长=7.80s 槽宽=0.1560s | 有效槽 文本21/语音50/视觉50
[2026-09-24 10:53:53] [INFO] [对齐] (88/100) -ri04Z7vwnc_0 时长=2.81s 槽宽=0.0561s | 有效槽 文本8/语音49/视觉38
[2026-09-24 10:53:53] [INFO] [对齐] (89/100) -ri04Z7vwnc_2 时长=6.03s 槽宽=0.1205s | 有效槽 文本22/语音49/视觉50
[2026-09-24 10:53:53] [INFO] [对齐] (90/100) -ri04Z7vwnc_5 时长=3.54s 槽宽=0.0709s | 有效槽 文本10/语音48/视觉43
[2026-09-24 10:53:53] [INFO] [对齐] (91/100) -s9qJ7ATP7w_1 时长=4.79s 槽宽=0.0958s | 有效槽 文本12/语音48/视觉49
[2026-09-24 10:53:53] [INFO] [对齐] (92/100) -s9qJ7ATP7w_0 时长=6.80s 槽宽=0.1360s | 有效槽 文本28/语音50/视觉50
[2026-09-24 10:53:53] [INFO] [对齐] (93/100) -s9qJ7ATP7w_5 时长=8.56s 槽宽=0.1712s | 有效槽 文本20/语音49/视觉50
[2026-09-24 10:53:53] [INFO] [对齐] (94/100) -s9qJ7ATP7w_4 时长=4.43s 槽宽=0.0885s | 有效槽 文本10/语音48/视觉49
[2026-09-24 10:53:53] [INFO] [对齐] (95/100) -s9qJ7ATP7w_7 时长=6.97s 槽宽=0.1393s | 有效槽 文本35/语音49/视觉50
[2026-09-24 10:53:53] [INFO] [对齐] (96/100) -s9qJ7ATP7w_6 时长=2.48s 槽宽=0.0495s | 有效槽 文本5/语音47/视觉36
[2026-09-24 10:53:53] [INFO] [对齐] (97/100) -s9qJ7ATP7w_8 时长=3.29s 槽宽=0.0659s | 有效槽 文本17/语音48/视觉49
[2026-09-24 10:53:53] [INFO] [对齐] (98/100) -yRb-Jum7EQ_1 时长=29.29s 槽宽=0.5858s | 有效槽 文本50/语音50/视觉50
[2026-09-24 10:53:53] [INFO] [对齐] (99/100) -yRb-Jum7EQ_5 时长=13.17s 槽宽=0.2634s | 有效槽 文本29/语音50/视觉50
[2026-09-24 10:53:53] [INFO] [对齐] (100/100) -yRb-Jum7EQ_6 时长=11.23s 槽宽=0.2245s | 有效槽 文本22/语音50/视觉50
[2026-09-24 10:53:53] [INFO] [对齐] 汇总输出 ...
[2026-09-24 10:53:54] [INFO] [对齐]   D:\23届建模\data\aligned\aligned_50.npz
[2026-09-24 10:53:54] [INFO] [对齐]   D:\23届建模\data\aligned\slot_time_map.csv
[2026-09-24 10:53:54] [INFO] [对齐]   D:\23届建模\data\aligned\align_summary.csv
[2026-09-24 10:53:54] [INFO] [对齐] 完成：成功 100 / 失败 0 / 槽数 50 / 方法 time_bin
[2026-09-24 10:54:45] [INFO] [数据] 已读取工作表 'label': 100 行
[2026-09-24 10:54:45] [INFO] [数据] 加载标注表: 100 条样本, 列名: ['video_id', 'clip_id', 'text', 'label', 'annotation']
[2026-09-24 10:54:45] [INFO] ========================================================================
[2026-09-24 10:54:45] [INFO] 流水线启动：3 条样本；未对齐输出 D:\23届建模\data\unaligned_features；对齐输出 D:\23届建模\data\aligned
[2026-09-24 10:54:45] [INFO] ========================================================================
[2026-09-24 10:54:45] [INFO] ------------------------------------------------------------------------
[2026-09-24 10:54:45] [INFO] [1/1] 开始：视觉（35 维人脸特征 @ 15 Hz，不对齐；逐样本看门狗）
[2026-09-24 10:54:45] [INFO] [视觉] 待处理 0 条，逐样本看门狗超时 900 s
[2026-09-24 10:54:45] [INFO] [1/1] 完成：视觉（35 维人脸特征 @ 15 Hz，不对齐；逐样本看门狗）（用时 0.0 s）
[2026-09-24 10:54:45] [INFO] ========================================================================
[2026-09-24 10:54:45] [INFO] 全部完成，总用时 0.0 分钟
[2026-09-24 10:54:45] [INFO] ========================================================================
[2026-09-24 10:55:13] [INFO] [可视化] 中文字体: Microsoft YaHei
[2026-09-24 10:55:13] [INFO] [数据] 已读取工作表 'label': 100 行
[2026-09-24 10:55:13] [INFO] [数据] 加载标注表: 100 条样本, 列名: ['video_id', 'clip_id', 'text', 'label', 'annotation']
[2026-09-24 10:55:14] [INFO] [可视化] 自动选取典型样本 -UacrmKiTn4_10（词数=21 人脸率=1.00 有声比=0.46 时长=7.36s）
[2026-09-24 10:55:15] [INFO] [可视化] 已输出 D:\23届建模\data\timeline\-UacrmKiTn4_10_timeline.png
[2026-09-24 10:55:15] [INFO] [可视化] 已输出对应表 D:\23届建模\data\timeline\-UacrmKiTn4_10_correspondence.csv
[2026-09-24 10:55:34] [INFO] [数据] 已读取工作表 'label': 100 行
[2026-09-24 10:55:34] [INFO] [数据] 加载标注表: 100 条样本, 列名: ['video_id', 'clip_id', 'text', 'label', 'annotation']
[2026-09-24 11:48:24] [INFO] [数据] 已读取工作表 'label': 100 行
[2026-09-24 11:48:24] [INFO] [数据] 加载标注表: 100 条样本, 列名: ['video_id', 'clip_id', 'text', 'label', 'annotation']
[2026-09-24 11:48:24] [INFO] [文本] 待处理样本 1 条
[2026-09-24 11:48:59] [INFO] [文本] 模型就绪 roberta-base（hidden=768, device=cpu, max_length=512）
[2026-09-24 11:48:59] [INFO] [文本] (1/1) -UacrmKiTn4_10 -> (W=21, D=768) 时长=7.36s
[2026-09-24 11:48:59] [INFO] [文本] 完成：成功 1 / 跳过 0 / 失败 0（输出目录 D:/23届建模/tmp_selftest/unaligned/text）
[2026-09-24 11:49:01] [INFO] [数据] 已读取工作表 'label': 100 行
[2026-09-24 11:49:01] [INFO] [数据] 加载标注表: 100 条样本, 列名: ['video_id', 'clip_id', 'text', 'label', 'annotation']
[2026-09-24 11:49:01] [INFO] [音频] 待处理样本 1 条
[2026-09-24 11:49:01] [INFO] [音频] 逐帧 74 维，帧率 20.0 Hz（sr=16000, hop=800=50.0 ms, win=1024, n_mfcc=20）
[2026-09-24 11:49:05] [INFO] [音频] (1/1) -UacrmKiTn4_10 -> (T=145, D=74) 音频=7.24s 浊音占比=0.46
[2026-09-24 11:49:05] [INFO] [音频] 完成：成功 1 / 跳过 0 / 失败 0（输出目录 D:/23届建模/tmp_selftest/unaligned/audio）
[2026-09-24 11:49:08] [INFO] [数据] 已读取工作表 'label': 100 行
[2026-09-24 11:49:08] [INFO] [数据] 加载标注表: 100 条样本, 列名: ['video_id', 'clip_id', 'text', 'label', 'annotation']
[2026-09-24 11:49:08] [INFO] [视觉] 待处理样本 1 条
[2026-09-24 11:49:10] [INFO] [视觉] 逐帧 35 维（ResNet-50 2048 维 → 随机投影，seed=42, md5=992b29b9）
[2026-09-24 11:49:10] [INFO] [视觉] 采样率 15.0 Hz，人脸尺寸 160，device=cpu
[2026-09-24 11:49:21] [INFO] [视觉] (1/1) -UacrmKiTn4_10 -> (T=110, D=35) 人脸率=1.00 实测帧率=15.07 时长=7.30s
[2026-09-24 11:49:21] [INFO] [视觉] 完成：成功 1 / 跳过 0 / 失败 0（输出目录 D:/23届建模/tmp_selftest/unaligned/vision）
[2026-09-24 11:49:23] [INFO] [数据] 已读取工作表 'label': 100 行
[2026-09-24 11:49:23] [INFO] [数据] 加载标注表: 100 条样本, 列名: ['video_id', 'clip_id', 'text', 'label', 'annotation']
[2026-09-24 11:49:23] [INFO] [对齐] 待处理样本 1 条；未对齐根目录 D:/23届建模/tmp_selftest/unaligned
[2026-09-24 11:49:23] [INFO] [对齐] (1/1) -UacrmKiTn4_10 时长=7.36s 槽宽=0.1472s | 有效槽 文本21/语音49/视觉50
[2026-09-24 11:49:23] [INFO] [对齐] 汇总输出 ...
[2026-09-24 11:49:23] [INFO] [对齐]   D:/23届建模/tmp_selftest/aligned\aligned_50.npz
[2026-09-24 11:49:23] [INFO] [对齐]   D:/23届建模/tmp_selftest/aligned\slot_time_map.csv
[2026-09-24 11:49:23] [INFO] [对齐]   D:/23届建模/tmp_selftest/aligned\align_summary.csv
[2026-09-24 11:49:23] [INFO] [对齐] 完成：成功 1 / 失败 0 / 槽数 50 / 方法 time_bin
[2026-09-24 11:49:29] [INFO] [可视化] 中文字体: Microsoft YaHei
[2026-09-24 11:49:30] [INFO] [可视化] 已输出 D:/23届建模/tmp_selftest/timeline\-UacrmKiTn4_10_timeline.png
[2026-09-24 11:49:30] [INFO] [可视化] 已输出对应表 D:/23届建模/tmp_selftest/timeline\-UacrmKiTn4_10_correspondence.csv
[2026-09-24 11:49:39] [INFO] [数据] 已读取工作表 'label': 100 行
[2026-09-24 11:49:39] [INFO] [数据] 加载标注表: 100 条样本, 列名: ['video_id', 'clip_id', 'text', 'label', 'annotation']
[2026-09-24 14:10:30] [INFO] [数据] 已读取工作表 'label': 100 行
[2026-09-24 14:10:30] [INFO] [数据] 加载标注表: 100 条样本, 列名: ['video_id', 'clip_id', 'text', 'label', 'annotation']
[2026-09-24 14:42:56] [INFO] [数据] 已读取工作表 'label': 100 行
[2026-09-24 14:42:56] [INFO] [数据] 加载标注表: 100 条样本, 列名: ['video_id', 'clip_id', 'text', 'label', 'annotation']
[2026-09-24 14:46:50] [INFO] [数据] 已读取工作表 'label': 100 行
[2026-09-24 14:46:50] [INFO] [数据] 加载标注表: 100 条样本, 列名: ['video_id', 'clip_id', 'text', 'label', 'annotation']
[2026-09-24 14:51:59] [INFO] [数据] 已读取工作表 'label': 100 行
[2026-09-24 14:51:59] [INFO] [数据] 加载标注表: 100 条样本, 列名: ['video_id', 'clip_id', 'text', 'label', 'annotation']
[2026-09-24 14:51:59] [INFO] [文本] 待处理样本 1 条
[2026-09-24 14:52:35] [INFO] [文本] 模型就绪 roberta-base（hidden=768, device=cpu, max_length=512）
[2026-09-24 14:52:36] [INFO] [文本] (1/1) -UacrmKiTn4_10 -> (W=21, D=768) 时长=7.36s
[2026-09-24 14:52:36] [INFO] [文本] 完成：成功 1 / 跳过 0 / 失败 0（输出目录 D:/23届建模/tmp_verify/u/text）
[2026-09-24 14:52:38] [INFO] [数据] 已读取工作表 'label': 100 行
[2026-09-24 14:52:38] [INFO] [数据] 加载标注表: 100 条样本, 列名: ['video_id', 'clip_id', 'text', 'label', 'annotation']
[2026-09-24 14:52:38] [INFO] [音频] 待处理样本 1 条
[2026-09-24 14:52:38] [INFO] [音频] 逐帧 74 维，帧率 20.0 Hz（sr=16000, hop=800=50.0 ms, win=1024, n_mfcc=20）
[2026-09-24 14:52:41] [INFO] [音频] (1/1) -UacrmKiTn4_10 -> (T=145, D=74) 音频=7.24s 浊音占比=0.46
[2026-09-24 14:52:41] [INFO] [音频] 完成：成功 1 / 跳过 0 / 失败 0（输出目录 D:/23届建模/tmp_verify/u/audio）
[2026-09-24 14:52:44] [INFO] [数据] 已读取工作表 'label': 100 行
[2026-09-24 14:52:44] [INFO] [数据] 加载标注表: 100 条样本, 列名: ['video_id', 'clip_id', 'text', 'label', 'annotation']
[2026-09-24 14:52:44] [INFO] [视觉] 待处理样本 1 条
[2026-09-24 14:52:46] [INFO] [视觉] 逐帧 35 维（ResNet-50 2048 维 → 随机投影，seed=42, md5=992b29b9）
[2026-09-24 14:52:46] [INFO] [视觉] 采样率 15.0 Hz，人脸尺寸 160，device=cpu
[2026-09-24 14:52:56] [INFO] [视觉] (1/1) -UacrmKiTn4_10 -> (T=110, D=35) 人脸率=1.00 实测帧率=15.07 时长=7.30s
[2026-09-24 14:52:56] [INFO] [视觉] 完成：成功 1 / 跳过 0 / 失败 0（输出目录 D:/23届建模/tmp_verify/u/vision）
[2026-09-24 14:52:57] [INFO] [数据] 已读取工作表 'label': 100 行
[2026-09-24 14:52:57] [INFO] [数据] 加载标注表: 100 条样本, 列名: ['video_id', 'clip_id', 'text', 'label', 'annotation']
[2026-09-24 14:52:57] [INFO] [对齐] 待处理样本 1 条；未对齐根目录 D:/23届建模/tmp_verify/u
[2026-09-24 14:52:57] [INFO] [对齐] (1/1) -UacrmKiTn4_10 时长=7.36s 槽宽=0.1472s | 有效槽 文本21/语音49/视觉50
[2026-09-24 14:52:57] [INFO] [对齐] 汇总输出 ...
[2026-09-24 14:52:57] [INFO] [对齐]   D:/23届建模/tmp_verify/a\aligned_50.npz
[2026-09-24 14:52:57] [INFO] [对齐]   D:/23届建模/tmp_verify/a\slot_time_map.csv
[2026-09-24 14:52:57] [INFO] [对齐]   D:/23届建模/tmp_verify/a\align_summary.csv
[2026-09-24 14:52:57] [INFO] [对齐] 完成：成功 1 / 失败 0 / 槽数 50 / 方法 time_bin
[2026-09-24 14:52:59] [INFO] [可视化] 中文字体: Microsoft YaHei
[2026-09-24 14:53:00] [INFO] [可视化] 已输出 D:/23届建模/tmp_verify/t\-UacrmKiTn4_10_timeline.png
[2026-09-24 14:53:00] [INFO] [可视化] 已输出对应表 D:/23届建模/tmp_verify/t\-UacrmKiTn4_10_correspondence.csv
[2026-09-24 14:53:08] [INFO] [数据] 已读取工作表 'label': 100 行
[2026-09-24 14:53:08] [INFO] [数据] 加载标注表: 100 条样本, 列名: ['video_id', 'clip_id', 'text', 'label', 'annotation']
[2026-09-24 15:02:51] [INFO] [数据] 已读取工作表 'label': 100 行
[2026-09-24 15:02:51] [INFO] [数据] 加载标注表: 100 条样本, 列名: ['video_id', 'clip_id', 'text', 'label', 'annotation']
[2026-09-24 15:25:26] [INFO] [数据] 已读取工作表 'label': 100 行
[2026-09-24 15:25:26] [INFO] [数据] 加载标注表: 100 条样本, 列名: ['video_id', 'clip_id', 'text', 'label', 'annotation']
[2026-09-24 15:26:56] [INFO] [数据] 已读取工作表 'label': 100 行
[2026-09-24 15:26:56] [INFO] [数据] 加载标注表: 100 条样本, 列名: ['video_id', 'clip_id', 'text', 'label', 'annotation']
[2026-09-24 15:30:53] [INFO] [数据] 已读取工作表 'label': 100 行
[2026-09-24 15:30:53] [INFO] [数据] 加载标注表: 100 条样本, 列名: ['video_id', 'clip_id', 'text', 'label', 'annotation']
[2026-09-24 15:30:53] [INFO] [装配] 监督标签：100 条，label 范围 [-2.000, 2.667]，状态分布 {'Positive': np.int64(57), 'Neutral': np.int64(25), 'Negative': np.int64(18)}
[2026-09-24 15:30:54] [INFO] [装配] 模态 text   → 768 维（仅均值 池化）
[2026-09-24 15:30:54] [INFO] [装配] 模态 audio  → 148 维（均值+std 池化）
[2026-09-24 15:30:54] [INFO] [装配] 模态 vision → 70 维（均值+std 池化）
[2026-09-24 15:30:54] [INFO] [装配] 自检通过：100 条样本 / 986 维 / 37 组 / 无 NaN
[2026-09-24 15:30:54] [INFO] [装配] 设计矩阵 X(100, 986)，37 个视频分组，状态分布 {'Positive': 57, 'Neutral': 25, 'Negative': 18}
[2026-09-24 15:32:18] [INFO] ========================================================================
[2026-09-24 15:32:18] [INFO] 情感判定建模启动：模态=('text', 'audio', 'vision')，回归=ridge，分类=logreg，seed=42
[2026-09-24 15:32:18] [INFO] ========================================================================
[2026-09-24 15:32:19] [INFO] [数据] 已读取工作表 'label': 100 行
[2026-09-24 15:32:19] [INFO] [数据] 加载标注表: 100 条样本, 列名: ['video_id', 'clip_id', 'text', 'label', 'annotation']
[2026-09-24 15:32:19] [INFO] [装配] 监督标签：100 条，label 范围 [-2.000, 2.667]，状态分布 {'Positive': np.int64(57), 'Neutral': np.int64(25), 'Negative': np.int64(18)}
[2026-09-24 15:32:20] [INFO] [装配] 模态 text   → 768 维（仅均值 池化）
[2026-09-24 15:32:20] [INFO] [装配] 模态 audio  → 148 维（均值+std 池化）
[2026-09-24 15:32:20] [INFO] [装配] 模态 vision → 70 维（均值+std 池化）
[2026-09-24 15:32:20] [INFO] [装配] 自检通过：100 条样本 / 986 维 / 37 组 / 无 NaN
[2026-09-24 15:32:20] [INFO] [装配] 设计矩阵 X(100, 986)，37 个视频分组，状态分布 {'Positive': 57, 'Neutral': 25, 'Negative': 18}
[2026-09-24 15:32:22] [INFO] [划分] 5 折，测试折大小 [18, 19, 19, 24, 20]
[2026-09-24 15:32:22] [INFO] [划分] 折1 n=18 分布={1: 10, 0: 5, -1: 3} 多数类基线=0.556
[2026-09-24 15:32:22] [INFO] [划分] 折2 n=19 分布={1: 11, 0: 5, -1: 3} 多数类基线=0.579
[2026-09-24 15:32:22] [INFO] [划分] 折3 n=19 分布={1: 12, 0: 4, -1: 3} 多数类基线=0.632
[2026-09-24 15:32:22] [INFO] [划分] 折4 n=24 分布={1: 13, 0: 6, -1: 5} 多数类基线=0.542
[2026-09-24 15:32:22] [INFO] [划分] 折5 n=20 分布={1: 11, 0: 5, -1: 4} 多数类基线=0.550
[2026-09-24 15:32:22] [INFO] [CV] ridge 折1: 超参={'alpha': 1000.0}  该折 acc=0.611 macroF1=0.414
[2026-09-24 15:32:22] [INFO] [CV] ridge 折2: 超参={'alpha': 1000.0}  该折 acc=0.632 macroF1=0.383
[2026-09-24 15:32:22] [INFO] [CV] ridge 折3: 超参={'alpha': 10000.0}  该折 acc=0.632 macroF1=0.258
[2026-09-24 15:32:22] [INFO] [CV] ridge 折4: 超参={'alpha': 1000.0}  该折 acc=0.583 macroF1=0.338
[2026-09-24 15:32:22] [INFO] [CV] ridge 折5: 超参={'alpha': 1000.0}  该折 acc=0.550 macroF1=0.237
[2026-09-24 15:32:25] [INFO] [CV] mlp 折1: 超参={'alpha': 10.0}  该折 acc=0.556 macroF1=0.415
[2026-09-24 15:32:30] [INFO] [CV] mlp 折2: 超参={'alpha': 10.0}  该折 acc=0.579 macroF1=0.407
[2026-09-24 15:32:35] [INFO] [CV] mlp 折3: 超参={'alpha': 10.0}  该折 acc=0.684 macroF1=0.462
[2026-09-24 15:32:39] [INFO] [CV] mlp 折4: 超参={'alpha': 10.0}  该折 acc=0.542 macroF1=0.355
[2026-09-24 15:32:41] [INFO] [CV] mlp 折5: 超参={'alpha': 10.0}  该折 acc=0.550 macroF1=0.399
[2026-09-24 15:32:41] [INFO] [CV] logreg 折1: 超参={'C': 0.001}  该折 acc=0.611 macroF1=0.502
[2026-09-24 15:32:41] [INFO] [CV] logreg 折2: 超参={'C': 0.001}  该折 acc=0.526 macroF1=0.412
[2026-09-24 15:32:42] [INFO] [CV] logreg 折3: 超参={'C': 0.003}  该折 acc=0.737 macroF1=0.536
[2026-09-24 15:32:42] [INFO] [CV] logreg 折4: 超参={'C': 0.001}  该折 acc=0.625 macroF1=0.556
[2026-09-24 15:32:43] [INFO] [CV] logreg 折5: 超参={'C': 0.001}  该折 acc=0.650 macroF1=0.460
[2026-09-24 15:32:43] [INFO] [CV] svc 折1: 超参={'C': 10.0}  该折 acc=0.556 macroF1=0.238
[2026-09-24 15:32:43] [INFO] [CV] svc 折2: 超参={'C': 1.0}  该折 acc=0.632 macroF1=0.440
[2026-09-24 15:32:43] [INFO] [CV] svc 折3: 超参={'C': 10.0}  该折 acc=0.632 macroF1=0.258
[2026-09-24 15:32:43] [INFO] [CV] svc 折4: 超参={'C': 1.0}  该折 acc=0.583 macroF1=0.343
[2026-09-24 15:32:43] [INFO] [CV] svc 折5: 超参={'C': 1.0}  该折 acc=0.550 macroF1=0.244
[2026-09-24 15:32:43] [INFO] [落盘] D:\23届建模\data\model\cv_comparison.csv（8 行）
[2026-09-24 15:32:43] [INFO] [落盘] D:\23届建模\data\model\oof_predictions_all100.csv（100 行）
[2026-09-24 15:32:43] [INFO] ------------------------------------------------------------------------
[2026-09-24 15:32:43] [INFO] [对比] 结果（out-of-fold）
[2026-09-24 15:32:43] [INFO]   多数类基线                  MAE=0.853 r=  —   rho=  —   acc=0.570 macroF1=0.242
[2026-09-24 15:32:43] [INFO]   训练均值基线                 MAE=0.583 r=-0.107 rho=-0.028 acc=0.570 macroF1=0.242
[2026-09-24 15:32:43] [INFO]   Ridge 回归               MAE=0.527 r=+0.413 rho=+0.505 acc=0.602 macroF1=0.326
[2026-09-24 15:32:43] [INFO]   MLP 回归(64)             MAE=0.564 r=+0.307 rho=+0.413 acc=0.582 macroF1=0.408
[2026-09-24 15:32:43] [INFO]   逻辑回归(balanced)         MAE=  —   r=  —   rho=  —   acc=0.630 macroF1=0.493
[2026-09-24 15:32:43] [INFO]   SVC(rbf, balanced)     MAE=  —   r=  —   rho=  —   acc=0.590 macroF1=0.305
[2026-09-24 15:32:43] [INFO]   参考：多数类基线               MAE=  —   r=  —   rho=  —   acc=0.570 macroF1=0.242
[2026-09-24 15:32:43] [INFO]   参考：均值基线                MAE=0.582 r=  —   rho=  —   acc=nan macroF1=nan
[2026-09-24 15:32:45] [INFO] [消融] text                 d= 768  r=+0.422 rho=+0.496  acc(分类)=0.600 macroF1(分类)=0.494
[2026-09-24 15:32:46] [INFO] [消融] audio                d= 148  r=-0.103 rho=-0.034  acc(分类)=0.520 macroF1(分类)=0.440
[2026-09-24 15:32:47] [INFO] [消融] vision               d=  70  r=+0.130 rho=+0.185  acc(分类)=0.450 macroF1(分类)=0.352
[2026-09-24 15:32:49] [INFO] [消融] text+audio           d= 916  r=+0.397 rho=+0.520  acc(分类)=0.630 macroF1(分类)=0.500
[2026-09-24 15:32:50] [INFO] [消融] text+vision          d= 838  r=+0.432 rho=+0.488  acc(分类)=0.640 macroF1(分类)=0.508
[2026-09-24 15:32:52] [INFO] [消融] audio+vision         d= 218  r=+0.074 rho=+0.098  acc(分类)=0.500 macroF1(分类)=0.428
[2026-09-24 15:32:53] [INFO] [消融] text+audio+vision    d= 986  r=+0.413 rho=+0.505  acc(分类)=0.630 macroF1(分类)=0.507
[2026-09-24 15:32:53] [INFO] [落盘] D:\23届建模\data\model\ablation.csv（7 行）
[2026-09-24 15:32:53] [INFO] ------------------------------------------------------------------------
[2026-09-24 15:32:53] [INFO] [holdout] 训练 82 条 / 测试 18 条（测试集状态分布 {'Positive': 10, 'Neutral': 5, 'Negative': 3}）
[2026-09-24 15:32:55] [INFO] [holdout] 选中超参：ridge {'alpha': 10.0} ；logreg {'C': 0.03}
[2026-09-24 15:32:55] [INFO] [holdout] 回归 MAE=0.485 (均值基线 0.612)  r=+0.548 rho=+0.614
[2026-09-24 15:32:55] [INFO] [holdout] 状态：回归取符号 acc=0.611  |  分类器 acc=0.611  |  多数类基线 acc=0.556 (Positive)
[2026-09-24 15:32:55] [INFO] [落盘] D:\23届建模\data\model\test_predictions.csv（18 行）
[2026-09-24 15:32:56] [INFO] [可视化] 中文字体: Microsoft YaHei
[2026-09-24 15:32:56] [INFO] [出图] D:\23届建模\data\model\fig_confusion.png
[2026-09-24 15:32:56] [INFO] [出图] D:\23届建模\data\model\fig_scatter.png
[2026-09-24 15:32:57] [INFO] [出图] D:\23届建模\data\model\fig_ablation.png
[2026-09-24 15:32:57] [INFO] [落盘] D:\23届建模\data\model\README_情感判定模型_运行结果.md
[2026-09-24 15:32:57] [INFO] ========================================================================
[2026-09-24 15:32:57] [INFO] 完成。产物目录：D:\23届建模\data\model
[2026-09-24 15:32:57] [INFO] ========================================================================
[2026-09-24 15:34:01] [INFO] ========================================================================
[2026-09-24 15:34:01] [INFO] 情感判定建模启动：模态=('text', 'audio', 'vision')，回归=ridge，分类=logreg，seed=42
[2026-09-24 15:34:01] [INFO] ========================================================================
[2026-09-24 15:34:03] [INFO] [数据] 已读取工作表 'label': 100 行
[2026-09-24 15:34:03] [INFO] [数据] 加载标注表: 100 条样本, 列名: ['video_id', 'clip_id', 'text', 'label', 'annotation']
[2026-09-24 15:34:03] [INFO] [装配] 监督标签：100 条，label 范围 [-2.000, 2.667]，状态分布 {'Positive': np.int64(57), 'Neutral': np.int64(25), 'Negative': np.int64(18)}
[2026-09-24 15:34:03] [INFO] [装配] 模态 text   → 768 维（仅均值 池化）
[2026-09-24 15:34:03] [INFO] [装配] 模态 audio  → 148 维（均值+std 池化）
[2026-09-24 15:34:03] [INFO] [装配] 模态 vision → 70 维（均值+std 池化）
[2026-09-24 15:34:03] [INFO] [装配] 自检通过：100 条样本 / 986 维 / 37 组 / 无 NaN
[2026-09-24 15:34:03] [INFO] [装配] 设计矩阵 X(100, 986)，37 个视频分组，状态分布 {'Positive': 57, 'Neutral': 25, 'Negative': 18}
[2026-09-24 15:34:05] [INFO] [划分] 5 折，测试折大小 [18, 19, 19, 24, 20]
[2026-09-24 15:34:05] [INFO] [划分] 折1 n=18 分布={1: 10, 0: 5, -1: 3} 多数类基线=0.556
[2026-09-24 15:34:05] [INFO] [划分] 折2 n=19 分布={1: 11, 0: 5, -1: 3} 多数类基线=0.579
[2026-09-24 15:34:05] [INFO] [划分] 折3 n=19 分布={1: 12, 0: 4, -1: 3} 多数类基线=0.632
[2026-09-24 15:34:05] [INFO] [划分] 折4 n=24 分布={1: 13, 0: 6, -1: 5} 多数类基线=0.542
[2026-09-24 15:34:05] [INFO] [划分] 折5 n=20 分布={1: 11, 0: 5, -1: 4} 多数类基线=0.550
[2026-09-24 15:34:05] [INFO] [CV] ridge 折1: 超参={'alpha': 1000.0}  该折 acc=0.611 macroF1=0.414
[2026-09-24 15:34:05] [INFO] [CV] ridge 折2: 超参={'alpha': 1000.0}  该折 acc=0.632 macroF1=0.383
[2026-09-24 15:34:06] [INFO] [CV] ridge 折3: 超参={'alpha': 10000.0}  该折 acc=0.632 macroF1=0.258
[2026-09-24 15:34:06] [INFO] [CV] ridge 折4: 超参={'alpha': 1000.0}  该折 acc=0.583 macroF1=0.338
[2026-09-24 15:34:06] [INFO] [CV] ridge 折5: 超参={'alpha': 1000.0}  该折 acc=0.550 macroF1=0.237
[2026-09-24 15:34:06] [INFO] [CV] enet 折1: 超参={'alpha': 0.05, 'l1_ratio': 0.5}  该折 acc=0.556 macroF1=0.413
[2026-09-24 15:34:07] [INFO] [CV] enet 折2: 超参={'alpha': 0.4, 'l1_ratio': 0.2}  该折 acc=0.632 macroF1=0.420
[2026-09-24 15:34:07] [INFO] [CV] enet 折3: 超参={'alpha': 0.4, 'l1_ratio': 0.5}  该折 acc=0.632 macroF1=0.258
[2026-09-24 15:34:07] [INFO] [CV] enet 折4: 超参={'alpha': 0.2, 'l1_ratio': 0.8}  该折 acc=0.458 macroF1=0.216
[2026-09-24 15:34:08] [INFO] [CV] enet 折5: 超参={'alpha': 0.4, 'l1_ratio': 0.2}  该折 acc=0.550 macroF1=0.333
[2026-09-24 15:34:12] [INFO] [CV] mlp 折1: 超参={'alpha': 10.0}  该折 acc=0.556 macroF1=0.415
[2026-09-24 15:34:17] [INFO] [CV] mlp 折2: 超参={'alpha': 10.0}  该折 acc=0.579 macroF1=0.407
[2026-09-24 15:34:21] [INFO] [CV] mlp 折3: 超参={'alpha': 10.0}  该折 acc=0.684 macroF1=0.462
[2026-09-24 15:34:24] [INFO] [CV] mlp 折4: 超参={'alpha': 10.0}  该折 acc=0.542 macroF1=0.355
[2026-09-24 15:34:26] [INFO] [CV] mlp 折5: 超参={'alpha': 10.0}  该折 acc=0.550 macroF1=0.399
[2026-09-24 15:34:27] [INFO] [CV] logreg 折1: 超参={'C': 0.001}  该折 acc=0.611 macroF1=0.502
[2026-09-24 15:34:27] [INFO] [CV] logreg 折2: 超参={'C': 0.001}  该折 acc=0.526 macroF1=0.412
[2026-09-24 15:34:28] [INFO] [CV] logreg 折3: 超参={'C': 0.003}  该折 acc=0.737 macroF1=0.536
[2026-09-24 15:34:28] [INFO] [CV] logreg 折4: 超参={'C': 0.001}  该折 acc=0.625 macroF1=0.556
[2026-09-24 15:34:28] [INFO] [CV] logreg 折5: 超参={'C': 0.001}  该折 acc=0.650 macroF1=0.460
[2026-09-24 15:34:28] [INFO] [CV] svc 折1: 超参={'C': 10.0}  该折 acc=0.556 macroF1=0.238
[2026-09-24 15:34:29] [INFO] [CV] svc 折2: 超参={'C': 1.0}  该折 acc=0.632 macroF1=0.440
[2026-09-24 15:34:29] [INFO] [CV] svc 折3: 超参={'C': 10.0}  该折 acc=0.632 macroF1=0.258
[2026-09-24 15:34:29] [INFO] [CV] svc 折4: 超参={'C': 1.0}  该折 acc=0.583 macroF1=0.343
[2026-09-24 15:34:29] [INFO] [CV] svc 折5: 超参={'C': 1.0}  该折 acc=0.550 macroF1=0.244
[2026-09-24 15:34:29] [INFO] [落盘] D:\23届建模\data\model\cv_comparison.csv（7 行）
[2026-09-24 15:34:29] [INFO] [落盘] D:\23届建模\data\model\oof_predictions_all100.csv（100 行）
[2026-09-24 15:34:29] [INFO] ------------------------------------------------------------------------
[2026-09-24 15:34:29] [INFO] [对比] 结果（out-of-fold）
[2026-09-24 15:34:29] [INFO]   模型                       MAE       r     rho     acc macroF1   平衡acc    中性召回
[2026-09-24 15:34:29] [INFO]   多数类基线(逐折)                —       —       —     0.570   0.242   0.333   0.000
[2026-09-24 15:34:29] [INFO]   训练均值基线(逐折)             0.583  -0.107  -0.028     —       —       —       —  
[2026-09-24 15:34:29] [INFO]   Ridge 回归               0.527  +0.413  +0.505   0.602   0.326   0.389   0.000
[2026-09-24 15:34:29] [INFO]   ElasticNet 回归          0.534  +0.385  +0.458   0.565   0.328   0.378   0.000
[2026-09-24 15:34:29] [INFO]   MLP 回归(64)             0.564  +0.307  +0.413   0.582   0.408   0.491   0.000
[2026-09-24 15:34:29] [INFO]   逻辑回归(balanced)           —       —       —     0.630   0.493   0.504   0.320
[2026-09-24 15:34:29] [INFO]   SVC(rbf, balanced)       —       —       —     0.590   0.305   0.380   0.120
[2026-09-24 15:34:31] [INFO] [消融] text                 d= 768  r=+0.422 rho=+0.496  acc(分类)=0.600 macroF1(分类)=0.494
[2026-09-24 15:34:32] [INFO] [消融] audio                d= 148  r=-0.103 rho=-0.034  acc(分类)=0.520 macroF1(分类)=0.440
[2026-09-24 15:34:33] [INFO] [消融] vision               d=  70  r=+0.130 rho=+0.185  acc(分类)=0.450 macroF1(分类)=0.352
[2026-09-24 15:34:36] [INFO] [消融] text+audio           d= 916  r=+0.397 rho=+0.520  acc(分类)=0.630 macroF1(分类)=0.500
[2026-09-24 15:34:38] [INFO] [消融] text+vision          d= 838  r=+0.432 rho=+0.488  acc(分类)=0.640 macroF1(分类)=0.508
[2026-09-24 15:34:39] [INFO] [消融] audio+vision         d= 218  r=+0.074 rho=+0.098  acc(分类)=0.500 macroF1(分类)=0.428
[2026-09-24 15:34:42] [INFO] [消融] text+audio+vision    d= 986  r=+0.413 rho=+0.505  acc(分类)=0.630 macroF1(分类)=0.507
[2026-09-24 15:34:42] [INFO] [落盘] D:\23届建模\data\model\ablation.csv（7 行）
[2026-09-24 15:34:42] [INFO] ------------------------------------------------------------------------
[2026-09-24 15:34:42] [INFO] [holdout] 训练 82 条 / 测试 18 条（测试集状态分布 {'Positive': 10, 'Neutral': 5, 'Negative': 3}）
[2026-09-24 15:34:44] [INFO] [holdout] 选中超参：ridge {'alpha': 10.0} ；logreg {'C': 0.03}
[2026-09-24 15:34:44] [INFO] [holdout] 回归 MAE=0.485 (均值基线 0.612)  r=+0.548 rho=+0.614
[2026-09-24 15:34:44] [INFO] [holdout] 状态：回归取符号 acc=0.611  |  分类器 acc=0.611  |  多数类基线 acc=0.556 (Positive)
[2026-09-24 15:34:44] [INFO] [落盘] D:\23届建模\data\model\test_predictions.csv（18 行）
[2026-09-24 15:34:45] [INFO] [可视化] 中文字体: Microsoft YaHei
[2026-09-24 15:34:45] [INFO] [出图] D:\23届建模\data\model\fig_confusion.png
[2026-09-24 15:34:46] [INFO] [出图] D:\23届建模\data\model\fig_scatter.png
[2026-09-24 15:34:46] [INFO] [出图] D:\23届建模\data\model\fig_ablation.png
[2026-09-24 15:34:46] [INFO] [落盘] D:\23届建模\data\model\README_情感判定模型_运行结果.md
[2026-09-24 15:34:46] [INFO] ========================================================================
[2026-09-24 15:34:46] [INFO] 完成。产物目录：D:\23届建模\data\model
[2026-09-24 15:34:46] [INFO] ========================================================================
[2026-09-24 15:36:35] [INFO] ========================================================================
[2026-09-24 15:36:35] [INFO] 情感判定建模启动：模态=('text', 'audio', 'vision')，回归=ridge，分类=logreg，seed=42
[2026-09-24 15:36:35] [INFO] ========================================================================
[2026-09-24 15:36:37] [INFO] [数据] 已读取工作表 'label': 100 行
[2026-09-24 15:36:37] [INFO] [数据] 加载标注表: 100 条样本, 列名: ['video_id', 'clip_id', 'text', 'label', 'annotation']
[2026-09-24 15:36:37] [INFO] [装配] 监督标签：100 条，label 范围 [-2.000, 2.667]，状态分布 {'Positive': np.int64(57), 'Neutral': np.int64(25), 'Negative': np.int64(18)}
[2026-09-24 15:36:37] [INFO] [装配] 模态 text   → 768 维（仅均值 池化）
[2026-09-24 15:36:37] [INFO] [装配] 模态 audio  → 148 维（均值+std 池化）
[2026-09-24 15:36:37] [INFO] [装配] 模态 vision → 70 维（均值+std 池化）
[2026-09-24 15:36:38] [INFO] [可用性] 视觉不可用（face_ratio<0.50）6 条；其中特征全零 2 条
[2026-09-24 15:36:38] [INFO] [可用性] 其中 4 条为「低人脸率但特征非零」（插值借用），已保留其原始特征不做丢弃：['-HwX2H8Z4hY_9', '-NFrJFQijFE_1', '-NFrJFQijFE_2', '-ri04Z7vwnc_2']
[2026-09-24 15:36:38] [INFO] [装配] 自检通过：100 条样本 / 986 维 / 37 组 / 无 NaN
[2026-09-24 15:36:38] [INFO] [装配] 设计矩阵 X(100, 986)，37 个视频分组，状态分布 {'Positive': 57, 'Neutral': 25, 'Negative': 18}
[2026-09-24 15:36:40] [INFO] [划分] 5 折，测试折大小 [18, 19, 19, 24, 20]
[2026-09-24 15:36:40] [INFO] [划分] 折1 n=18 分布={1: 10, 0: 5, -1: 3} 多数类基线=0.556
[2026-09-24 15:36:40] [INFO] [划分] 折2 n=19 分布={1: 11, 0: 5, -1: 3} 多数类基线=0.579
[2026-09-24 15:36:40] [INFO] [划分] 折3 n=19 分布={1: 12, 0: 4, -1: 3} 多数类基线=0.632
[2026-09-24 15:36:40] [INFO] [划分] 折4 n=24 分布={1: 13, 0: 6, -1: 5} 多数类基线=0.542
[2026-09-24 15:36:40] [INFO] [划分] 折5 n=20 分布={1: 11, 0: 5, -1: 4} 多数类基线=0.550
[2026-09-24 15:36:40] [INFO] [CV] ridge 折1: 超参={'alpha': 1000.0}  该折 acc=0.611 macroF1=0.414
[2026-09-24 15:36:40] [INFO] [CV] ridge 折2: 超参={'alpha': 1000.0}  该折 acc=0.632 macroF1=0.383
[2026-09-24 15:36:40] [INFO] [CV] ridge 折3: 超参={'alpha': 10000.0}  该折 acc=0.632 macroF1=0.258
[2026-09-24 15:36:40] [INFO] [CV] ridge 折4: 超参={'alpha': 1000.0}  该折 acc=0.583 macroF1=0.338
[2026-09-24 15:36:40] [INFO] [CV] ridge 折5: 超参={'alpha': 1000.0}  该折 acc=0.550 macroF1=0.237
[2026-09-24 15:36:41] [INFO] [CV] enet 折1: 超参={'alpha': 0.05, 'l1_ratio': 0.5}  该折 acc=0.556 macroF1=0.413
[2026-09-24 15:36:42] [INFO] [CV] enet 折2: 超参={'alpha': 0.4, 'l1_ratio': 0.2}  该折 acc=0.632 macroF1=0.420
[2026-09-24 15:36:42] [INFO] [CV] enet 折3: 超参={'alpha': 0.4, 'l1_ratio': 0.5}  该折 acc=0.632 macroF1=0.258
[2026-09-24 15:36:43] [INFO] [CV] enet 折4: 超参={'alpha': 0.2, 'l1_ratio': 0.8}  该折 acc=0.458 macroF1=0.216
[2026-09-24 15:36:43] [INFO] [CV] enet 折5: 超参={'alpha': 0.4, 'l1_ratio': 0.2}  该折 acc=0.550 macroF1=0.333
[2026-09-24 15:36:48] [INFO] [CV] mlp 折1: 超参={'alpha': 10.0}  该折 acc=0.556 macroF1=0.415
[2026-09-24 15:36:54] [INFO] [CV] mlp 折2: 超参={'alpha': 10.0}  该折 acc=0.579 macroF1=0.407
[2026-09-24 15:36:58] [INFO] [CV] mlp 折3: 超参={'alpha': 10.0}  该折 acc=0.684 macroF1=0.462
[2026-09-24 15:37:02] [INFO] [CV] mlp 折4: 超参={'alpha': 10.0}  该折 acc=0.542 macroF1=0.355
[2026-09-24 15:37:04] [INFO] [CV] mlp 折5: 超参={'alpha': 10.0}  该折 acc=0.550 macroF1=0.399
[2026-09-24 15:37:05] [INFO] [CV] logreg 折1: 超参={'C': 0.001}  该折 acc=0.611 macroF1=0.502
[2026-09-24 15:37:05] [INFO] [CV] logreg 折2: 超参={'C': 0.001}  该折 acc=0.526 macroF1=0.412
[2026-09-24 15:37:06] [INFO] [CV] logreg 折3: 超参={'C': 0.003}  该折 acc=0.737 macroF1=0.536
[2026-09-24 15:37:06] [INFO] [CV] logreg 折4: 超参={'C': 0.001}  该折 acc=0.625 macroF1=0.556
[2026-09-24 15:37:07] [INFO] [CV] logreg 折5: 超参={'C': 0.001}  该折 acc=0.650 macroF1=0.460
[2026-09-24 15:37:07] [INFO] [CV] svc 折1: 超参={'C': 10.0}  该折 acc=0.556 macroF1=0.238
[2026-09-24 15:37:07] [INFO] [CV] svc 折2: 超参={'C': 1.0}  该折 acc=0.632 macroF1=0.440
[2026-09-24 15:37:07] [INFO] [CV] svc 折3: 超参={'C': 10.0}  该折 acc=0.632 macroF1=0.258
[2026-09-24 15:37:07] [INFO] [CV] svc 折4: 超参={'C': 1.0}  该折 acc=0.583 macroF1=0.343
[2026-09-24 15:37:07] [INFO] [CV] svc 折5: 超参={'C': 1.0}  该折 acc=0.550 macroF1=0.244
[2026-09-24 15:37:07] [INFO] [落盘] D:\23届建模\data\model\cv_comparison.csv（7 行）
[2026-09-24 15:37:07] [INFO] [落盘] D:\23届建模\data\model\oof_predictions_all100.csv（100 行）
[2026-09-24 15:37:07] [INFO] ------------------------------------------------------------------------
[2026-09-24 15:37:07] [INFO] [对比] 结果（out-of-fold）
[2026-09-24 15:37:07] [INFO]   模型                       MAE       r     rho     acc macroF1   平衡acc    中性召回
[2026-09-24 15:37:07] [INFO]   多数类基线(逐折)                —       —       —     0.570   0.242   0.333   0.000
[2026-09-24 15:37:07] [INFO]   训练均值基线(逐折)             0.583  -0.107  -0.028     —       —       —       —  
[2026-09-24 15:37:07] [INFO]   Ridge 回归               0.527  +0.413  +0.505   0.602   0.326   0.389   0.000
[2026-09-24 15:37:07] [INFO]   ElasticNet 回归          0.534  +0.385  +0.458   0.565   0.328   0.378   0.000
[2026-09-24 15:37:07] [INFO]   MLP 回归(64)             0.564  +0.307  +0.413   0.582   0.408   0.491   0.000
[2026-09-24 15:37:07] [INFO]   逻辑回归(balanced)           —       —       —     0.630   0.493   0.504   0.320
[2026-09-24 15:37:07] [INFO]   SVC(rbf, balanced)       —       —       —     0.590   0.305   0.380   0.120
[2026-09-24 15:37:10] [INFO] [消融] text                 d= 768  r=+0.422 rho=+0.496  acc(分类)=0.600 macroF1(分类)=0.494
[2026-09-24 15:37:11] [INFO] [消融] audio                d= 148  r=-0.103 rho=-0.034  acc(分类)=0.520 macroF1(分类)=0.440
[2026-09-24 15:37:13] [INFO] [消融] vision               d=  70  r=+0.130 rho=+0.185  acc(分类)=0.450 macroF1(分类)=0.352
[2026-09-24 15:37:15] [INFO] [消融] text+audio           d= 916  r=+0.397 rho=+0.520  acc(分类)=0.630 macroF1(分类)=0.500
[2026-09-24 15:37:18] [INFO] [消融] text+vision          d= 838  r=+0.432 rho=+0.488  acc(分类)=0.640 macroF1(分类)=0.508
[2026-09-24 15:37:20] [INFO] [消融] audio+vision         d= 218  r=+0.074 rho=+0.098  acc(分类)=0.500 macroF1(分类)=0.428
[2026-09-24 15:37:22] [INFO] [消融] text+audio+vision    d= 986  r=+0.413 rho=+0.505  acc(分类)=0.630 macroF1(分类)=0.507
[2026-09-24 15:37:22] [INFO] [落盘] D:\23届建模\data\model\ablation.csv（7 行）
[2026-09-24 15:37:22] [INFO] ------------------------------------------------------------------------
[2026-09-24 15:37:22] [INFO] [holdout] 训练 82 条 / 测试 18 条（测试集状态分布 {'Positive': 10, 'Neutral': 5, 'Negative': 3}）
[2026-09-24 15:37:25] [INFO] [holdout] 选中超参：ridge {'alpha': 10.0} ；logreg {'C': 0.03}
[2026-09-24 15:37:25] [INFO] [holdout] 回归 MAE=0.485 (均值基线 0.612)  r=+0.548 rho=+0.614
[2026-09-24 15:37:25] [INFO] [holdout] 状态：回归取符号 acc=0.611  |  分类器 acc=0.611  |  多数类基线 acc=0.556 (Positive)
[2026-09-24 15:37:25] [INFO] [落盘] D:\23届建模\data\model\test_predictions.csv（18 行）
[2026-09-24 15:37:26] [INFO] [可视化] 中文字体: Microsoft YaHei
[2026-09-24 15:37:26] [INFO] [出图] D:\23届建模\data\model\fig_confusion.png
[2026-09-24 15:37:27] [INFO] [出图] D:\23届建模\data\model\fig_scatter.png
[2026-09-24 15:37:27] [INFO] [出图] D:\23届建模\data\model\fig_ablation.png
[2026-09-24 15:37:27] [INFO] [落盘] D:\23届建模\data\model\README_情感判定模型_运行结果.md
[2026-09-24 15:37:27] [INFO] ========================================================================
[2026-09-24 15:37:27] [INFO] 完成。产物目录：D:\23届建模\data\model
[2026-09-24 15:37:27] [INFO] ========================================================================
[2026-09-24 15:38:59] [INFO] ========================================================================
[2026-09-24 15:38:59] [INFO] 情感判定建模启动：模态=('text',)，回归=ridge，分类=logreg，seed=42
[2026-09-24 15:38:59] [INFO] ========================================================================
[2026-09-24 15:39:01] [INFO] [数据] 已读取工作表 'label': 100 行
[2026-09-24 15:39:01] [INFO] [数据] 加载标注表: 100 条样本, 列名: ['video_id', 'clip_id', 'text', 'label', 'annotation']
[2026-09-24 15:39:01] [INFO] [装配] 监督标签：100 条，label 范围 [-2.000, 2.667]，状态分布 {'Positive': np.int64(57), 'Neutral': np.int64(25), 'Negative': np.int64(18)}
[2026-09-24 15:39:01] [INFO] [装配] 模态 text   → 768 维（仅均值 池化）
[2026-09-24 15:39:02] [INFO] [可用性] 视觉不可用（face_ratio<0.50）6 条；其中特征全零 2 条
[2026-09-24 15:39:02] [INFO] [可用性] 其中 4 条为「低人脸率但特征非零」（插值借用），已保留其原始特征不做丢弃：['-HwX2H8Z4hY_9', '-NFrJFQijFE_1', '-NFrJFQijFE_2', '-ri04Z7vwnc_2']
[2026-09-24 15:39:02] [INFO] [装配] 自检通过：100 条样本 / 768 维 / 37 组 / 无 NaN
[2026-09-24 15:39:02] [INFO] [装配] 设计矩阵 X(100, 768)，37 个视频分组，状态分布 {'Positive': 57, 'Neutral': 25, 'Negative': 18}
[2026-09-24 15:39:05] [INFO] [划分] 5 折，测试折大小 [18, 19, 19, 24, 20]
[2026-09-24 15:39:05] [INFO] [划分] 折1 n=18 分布={1: 10, 0: 5, -1: 3} 多数类基线=0.556
[2026-09-24 15:39:05] [INFO] [划分] 折2 n=19 分布={1: 11, 0: 5, -1: 3} 多数类基线=0.579
[2026-09-24 15:39:05] [INFO] [划分] 折3 n=19 分布={1: 12, 0: 4, -1: 3} 多数类基线=0.632
[2026-09-24 15:39:05] [INFO] [划分] 折4 n=24 分布={1: 13, 0: 6, -1: 5} 多数类基线=0.542
[2026-09-24 15:39:05] [INFO] [划分] 折5 n=20 分布={1: 11, 0: 5, -1: 4} 多数类基线=0.550
[2026-09-24 15:39:05] [INFO] [CV] ridge 折1: 超参={'alpha': 1.0}  该折 acc=0.556 macroF1=0.413
[2026-09-24 15:39:05] [INFO] [CV] ridge 折2: 超参={'alpha': 1000.0}  该折 acc=0.579 macroF1=0.244
[2026-09-24 15:39:05] [INFO] [CV] ridge 折3: 超参={'alpha': 10000.0}  该折 acc=0.632 macroF1=0.258
[2026-09-24 15:39:06] [INFO] [CV] ridge 折4: 超参={'alpha': 10000.0}  该折 acc=0.542 macroF1=0.234
[2026-09-24 15:39:06] [INFO] [CV] ridge 折5: 超参={'alpha': 1000.0}  该折 acc=0.600 macroF1=0.378
[2026-09-24 15:39:06] [INFO] [CV] enet 折1: 超参={'alpha': 0.4, 'l1_ratio': 0.2}  该折 acc=0.667 macroF1=0.523
[2026-09-24 15:39:07] [INFO] [CV] enet 折2: 超参={'alpha': 0.2, 'l1_ratio': 0.2}  该折 acc=0.579 macroF1=0.371
[2026-09-24 15:39:08] [INFO] [CV] enet 折3: 超参={'alpha': 0.4, 'l1_ratio': 0.5}  该折 acc=0.632 macroF1=0.258
[2026-09-24 15:39:09] [INFO] [CV] enet 折4: 超参={'alpha': 0.4, 'l1_ratio': 0.5}  该折 acc=0.500 macroF1=0.229
[2026-09-24 15:39:09] [INFO] [CV] enet 折5: 超参={'alpha': 0.4, 'l1_ratio': 0.2}  该折 acc=0.650 macroF1=0.452
[2026-09-24 15:39:18] [INFO] [CV] mlp 折1: 超参={'alpha': 10.0}  该折 acc=0.556 macroF1=0.413
[2026-09-24 15:39:23] [INFO] [CV] mlp 折2: 超参={'alpha': 10.0}  该折 acc=0.632 macroF1=0.447
[2026-09-24 15:39:26] [INFO] [CV] mlp 折3: 超参={'alpha': 10.0}  该折 acc=0.579 macroF1=0.383
[2026-09-24 15:39:26] [INFO] [CV] mlp 折4: 超参={'alpha': 1.0}  该折 acc=0.500 macroF1=0.229
[2026-09-24 15:39:32] [INFO] [CV] mlp 折5: 超参={'alpha': 10.0}  该折 acc=0.450 macroF1=0.315
[2026-09-24 15:39:33] [INFO] [CV] logreg 折1: 超参={'C': 0.001}  该折 acc=0.611 macroF1=0.478
[2026-09-24 15:39:33] [INFO] [CV] logreg 折2: 超参={'C': 0.001}  该折 acc=0.474 macroF1=0.394
[2026-09-24 15:39:34] [INFO] [CV] logreg 折3: 超参={'C': 0.001}  该折 acc=0.842 macroF1=0.733
[2026-09-24 15:39:34] [INFO] [CV] logreg 折4: 超参={'C': 0.03}  该折 acc=0.583 macroF1=0.434
[2026-09-24 15:39:35] [INFO] [CV] logreg 折5: 超参={'C': 0.1}  该折 acc=0.500 macroF1=0.404
[2026-09-24 15:39:35] [INFO] [CV] svc 折1: 超参={'C': 10.0}  该折 acc=0.556 macroF1=0.247
[2026-09-24 15:39:35] [INFO] [CV] svc 折2: 超参={'C': 1.0}  该折 acc=0.526 macroF1=0.306
[2026-09-24 15:39:35] [INFO] [CV] svc 折3: 超参={'C': 10.0}  该折 acc=0.684 macroF1=0.400
[2026-09-24 15:39:35] [INFO] [CV] svc 折4: 超参={'C': 10.0}  该折 acc=0.583 macroF1=0.352
[2026-09-24 15:39:35] [INFO] [CV] svc 折5: 超参={'C': 1.0}  该折 acc=0.550 macroF1=0.237
[2026-09-24 15:39:35] [INFO] [落盘] D:\23届建模\data\model\cv_comparison.csv（7 行）
[2026-09-24 15:39:35] [INFO] [落盘] D:\23届建模\data\model\oof_predictions_all100.csv（100 行）
[2026-09-24 15:39:35] [INFO] ------------------------------------------------------------------------
[2026-09-24 15:39:35] [INFO] [对比] 结果（out-of-fold）
[2026-09-24 15:39:35] [INFO]   模型                       MAE       r     rho     acc macroF1   平衡acc    中性召回
[2026-09-24 15:39:35] [INFO]   多数类基线(逐折)                —       —       —     0.570   0.242   0.333   0.000
[2026-09-24 15:39:35] [INFO]   训练均值基线(逐折)             0.583  -0.107  -0.028     —       —       —       —  
[2026-09-24 15:39:35] [INFO]   Ridge 回归               0.527  +0.422  +0.496   0.582   0.305   0.377   0.000
[2026-09-24 15:39:35] [INFO]   ElasticNet 回归          0.518  +0.402  +0.500   0.605   0.367   0.414   0.000
[2026-09-24 15:39:35] [INFO]   MLP 回归(64)             0.742  +0.080  +0.171   0.543   0.357   0.430   0.000
[2026-09-24 15:39:35] [INFO]   逻辑回归(balanced)           —       —       —     0.602   0.488   0.502   0.200
[2026-09-24 15:39:35] [INFO]   SVC(rbf, balanced)       —       —       —     0.580   0.308   0.367   0.080
[2026-09-24 15:39:37] [INFO] [消融] text                 d= 768  r=+0.422 rho=+0.496  acc(分类)=0.600 macroF1(分类)=0.494
[2026-09-24 15:39:39] [INFO] [消融] text                 d= 768  r=+0.422 rho=+0.496  acc(分类)=0.600 macroF1(分类)=0.494
[2026-09-24 15:39:39] [INFO] [落盘] D:\23届建模\data\model\ablation.csv（2 行）
[2026-09-24 15:39:54] [INFO] ========================================================================
[2026-09-24 15:39:54] [INFO] 情感判定建模启动：模态=('text', 'audio', 'vision')，回归=ridge，分类=logreg，seed=42
[2026-09-24 15:39:54] [INFO] ========================================================================
[2026-09-24 15:39:56] [INFO] [数据] 已读取工作表 'label': 100 行
[2026-09-24 15:39:56] [INFO] [数据] 加载标注表: 100 条样本, 列名: ['video_id', 'clip_id', 'text', 'label', 'annotation']
[2026-09-24 15:39:56] [INFO] [装配] 监督标签：100 条，label 范围 [-2.000, 2.667]，状态分布 {'Positive': np.int64(57), 'Neutral': np.int64(25), 'Negative': np.int64(18)}
[2026-09-24 15:39:56] [INFO] [装配] 模态 text   → 768 维（仅均值 池化）
[2026-09-24 15:39:56] [INFO] [装配] 模态 audio  → 148 维（均值+std 池化）
[2026-09-24 15:39:56] [INFO] [装配] 模态 vision → 70 维（均值+std 池化）
[2026-09-24 15:39:57] [INFO] [可用性] 视觉不可用（face_ratio<0.50）6 条；其中特征全零 2 条
[2026-09-24 15:39:57] [INFO] [可用性] 其中 4 条为「低人脸率但特征非零」（插值借用），已保留其原始特征不做丢弃：['-HwX2H8Z4hY_9', '-NFrJFQijFE_1', '-NFrJFQijFE_2', '-ri04Z7vwnc_2']
[2026-09-24 15:39:57] [INFO] [装配] 自检通过：100 条样本 / 986 维 / 37 组 / 无 NaN
[2026-09-24 15:39:57] [INFO] [装配] 设计矩阵 X(100, 986)，37 个视频分组，状态分布 {'Positive': 57, 'Neutral': 25, 'Negative': 18}
[2026-09-24 15:40:00] [INFO] [划分] 5 折，测试折大小 [18, 19, 19, 24, 20]
[2026-09-24 15:40:00] [INFO] [划分] 折1 n=18 分布={1: 10, 0: 5, -1: 3} 多数类基线=0.556
[2026-09-24 15:40:00] [INFO] [划分] 折2 n=19 分布={1: 11, 0: 5, -1: 3} 多数类基线=0.579
[2026-09-24 15:40:00] [INFO] [划分] 折3 n=19 分布={1: 12, 0: 4, -1: 3} 多数类基线=0.632
[2026-09-24 15:40:00] [INFO] [划分] 折4 n=24 分布={1: 13, 0: 6, -1: 5} 多数类基线=0.542
[2026-09-24 15:40:00] [INFO] [划分] 折5 n=20 分布={1: 11, 0: 5, -1: 4} 多数类基线=0.550
[2026-09-24 15:40:00] [INFO] [CV] ridge 折1: 超参={'alpha': 1000.0}  该折 acc=0.611 macroF1=0.414
[2026-09-24 15:40:00] [INFO] [CV] ridge 折2: 超参={'alpha': 1000.0}  该折 acc=0.632 macroF1=0.383
[2026-09-24 15:40:00] [INFO] [CV] ridge 折3: 超参={'alpha': 10000.0}  该折 acc=0.632 macroF1=0.258
[2026-09-24 15:40:00] [INFO] [CV] ridge 折4: 超参={'alpha': 1000.0}  该折 acc=0.583 macroF1=0.338
[2026-09-24 15:40:00] [INFO] [CV] ridge 折5: 超参={'alpha': 1000.0}  该折 acc=0.550 macroF1=0.237
[2026-09-24 15:40:01] [INFO] [CV] enet 折1: 超参={'alpha': 0.05, 'l1_ratio': 0.5}  该折 acc=0.556 macroF1=0.413
[2026-09-24 15:40:01] [INFO] [CV] enet 折2: 超参={'alpha': 0.4, 'l1_ratio': 0.2}  该折 acc=0.632 macroF1=0.420
[2026-09-24 15:40:02] [INFO] [CV] enet 折3: 超参={'alpha': 0.4, 'l1_ratio': 0.5}  该折 acc=0.632 macroF1=0.258
[2026-09-24 15:40:02] [INFO] [CV] enet 折4: 超参={'alpha': 0.2, 'l1_ratio': 0.8}  该折 acc=0.458 macroF1=0.216
[2026-09-24 15:40:03] [INFO] [CV] enet 折5: 超参={'alpha': 0.4, 'l1_ratio': 0.2}  该折 acc=0.550 macroF1=0.333
[2026-09-24 15:40:08] [INFO] [CV] mlp 折1: 超参={'alpha': 10.0}  该折 acc=0.556 macroF1=0.415
[2026-09-24 15:40:12] [INFO] [CV] mlp 折2: 超参={'alpha': 10.0}  该折 acc=0.579 macroF1=0.407
[2026-09-24 15:40:15] [INFO] [CV] mlp 折3: 超参={'alpha': 10.0}  该折 acc=0.684 macroF1=0.462
[2026-09-24 15:40:19] [INFO] [CV] mlp 折4: 超参={'alpha': 10.0}  该折 acc=0.542 macroF1=0.355
[2026-09-24 15:40:21] [INFO] [CV] mlp 折5: 超参={'alpha': 10.0}  该折 acc=0.550 macroF1=0.399
[2026-09-24 15:40:21] [INFO] [CV] logreg 折1: 超参={'C': 0.001}  该折 acc=0.611 macroF1=0.502
[2026-09-24 15:40:21] [INFO] [CV] logreg 折2: 超参={'C': 0.001}  该折 acc=0.526 macroF1=0.412
[2026-09-24 15:40:22] [INFO] [CV] logreg 折3: 超参={'C': 0.003}  该折 acc=0.737 macroF1=0.536
[2026-09-24 15:40:22] [INFO] [CV] logreg 折4: 超参={'C': 0.001}  该折 acc=0.625 macroF1=0.556
[2026-09-24 15:40:23] [INFO] [CV] logreg 折5: 超参={'C': 0.001}  该折 acc=0.650 macroF1=0.460
[2026-09-24 15:40:23] [INFO] [CV] svc 折1: 超参={'C': 10.0}  该折 acc=0.556 macroF1=0.238
[2026-09-24 15:40:23] [INFO] [CV] svc 折2: 超参={'C': 1.0}  该折 acc=0.632 macroF1=0.440
[2026-09-24 15:40:23] [INFO] [CV] svc 折3: 超参={'C': 10.0}  该折 acc=0.632 macroF1=0.258
[2026-09-24 15:40:23] [INFO] [CV] svc 折4: 超参={'C': 1.0}  该折 acc=0.583 macroF1=0.343
[2026-09-24 15:40:23] [INFO] [CV] svc 折5: 超参={'C': 1.0}  该折 acc=0.550 macroF1=0.244
[2026-09-24 15:40:23] [INFO] [落盘] D:\23届建模\data\model\cv_comparison.csv（7 行）
[2026-09-24 15:40:23] [INFO] [落盘] D:\23届建模\data\model\oof_predictions_all100.csv（100 行）
[2026-09-24 15:40:23] [INFO] ------------------------------------------------------------------------
[2026-09-24 15:40:23] [INFO] [对比] 结果（out-of-fold）
[2026-09-24 15:40:23] [INFO]   模型                       MAE       r     rho     acc macroF1   平衡acc    中性召回
[2026-09-24 15:40:23] [INFO]   多数类基线(逐折)                —       —       —     0.570   0.242   0.333   0.000
[2026-09-24 15:40:23] [INFO]   训练均值基线(逐折)             0.583  -0.107  -0.028     —       —       —       —  
[2026-09-24 15:40:23] [INFO]   Ridge 回归               0.527  +0.413  +0.505   0.602   0.326   0.389   0.000
[2026-09-24 15:40:23] [INFO]   ElasticNet 回归          0.534  +0.385  +0.458   0.565   0.328   0.378   0.000
[2026-09-24 15:40:23] [INFO]   MLP 回归(64)             0.564  +0.307  +0.413   0.582   0.408   0.491   0.000
[2026-09-24 15:40:23] [INFO]   逻辑回归(balanced)           —       —       —     0.630   0.493   0.504   0.320
[2026-09-24 15:40:23] [INFO]   SVC(rbf, balanced)       —       —       —     0.590   0.305   0.380   0.120
[2026-09-24 15:40:25] [INFO] [消融] text                 d= 768  r=+0.422 rho=+0.496  acc(分类)=0.600 macroF1(分类)=0.494
[2026-09-24 15:40:26] [INFO] [消融] audio                d= 148  r=-0.103 rho=-0.034  acc(分类)=0.520 macroF1(分类)=0.440
[2026-09-24 15:40:27] [INFO] [消融] vision               d=  70  r=+0.130 rho=+0.185  acc(分类)=0.450 macroF1(分类)=0.352
[2026-09-24 15:40:29] [INFO] [消融] text+audio           d= 916  r=+0.397 rho=+0.520  acc(分类)=0.630 macroF1(分类)=0.500
[2026-09-24 15:40:31] [INFO] [消融] text+vision          d= 838  r=+0.432 rho=+0.488  acc(分类)=0.640 macroF1(分类)=0.508
[2026-09-24 15:40:33] [INFO] [消融] audio+vision         d= 218  r=+0.074 rho=+0.098  acc(分类)=0.500 macroF1(分类)=0.428
[2026-09-24 15:40:35] [INFO] [消融] text+audio+vision    d= 986  r=+0.413 rho=+0.505  acc(分类)=0.630 macroF1(分类)=0.507
[2026-09-24 15:40:35] [INFO] [落盘] D:\23届建模\data\model\ablation.csv（7 行）
[2026-09-24 15:40:35] [INFO] ------------------------------------------------------------------------
[2026-09-24 15:40:35] [INFO] [holdout] 训练 82 条 / 测试 18 条（测试集状态分布 {'Positive': 10, 'Neutral': 5, 'Negative': 3}）
[2026-09-24 15:40:37] [INFO] [holdout] 选中超参：ridge {'alpha': 10.0} ；logreg {'C': 0.03}
[2026-09-24 15:40:37] [INFO] [holdout] 回归 MAE=0.485 (均值基线 0.612)  r=+0.548 rho=+0.614
[2026-09-24 15:40:37] [INFO] [holdout] 状态：回归取符号 acc=0.611  |  分类器 acc=0.611  |  多数类基线 acc=0.556 (Positive)
[2026-09-24 15:40:37] [INFO] [落盘] D:\23届建模\data\model\test_predictions.csv（18 行）
[2026-09-24 15:40:38] [INFO] [可视化] 中文字体: Microsoft YaHei
[2026-09-24 15:40:38] [INFO] [出图] D:\23届建模\data\model\fig_confusion.png
[2026-09-24 15:40:38] [INFO] [出图] D:\23届建模\data\model\fig_scatter.png
[2026-09-24 15:40:39] [INFO] [出图] D:\23届建模\data\model\fig_ablation.png
[2026-09-24 15:40:39] [INFO] [落盘] D:\23届建模\data\model\README_情感判定模型_运行结果.md
[2026-09-24 15:40:39] [INFO] ========================================================================
[2026-09-24 15:40:39] [INFO] 完成。产物目录：D:\23届建模\data\model
[2026-09-24 15:40:39] [INFO] ========================================================================
[2026-09-24 15:41:19] [INFO] ========================================================================
[2026-09-24 15:41:19] [INFO] 情感判定建模启动：模态=('text', 'audio', 'vision')，回归=ridge，分类=logreg，seed=42
[2026-09-24 15:41:19] [INFO] ========================================================================
[2026-09-24 15:41:19] [INFO] [数据] 已读取工作表 'label': 100 行
[2026-09-24 15:41:19] [INFO] [数据] 加载标注表: 100 条样本, 列名: ['video_id', 'clip_id', 'text', 'label', 'annotation']
[2026-09-24 15:41:19] [INFO] [装配] 监督标签：100 条，label 范围 [-2.000, 2.667]，状态分布 {'Positive': np.int64(57), 'Neutral': np.int64(25), 'Negative': np.int64(18)}
[2026-09-24 15:41:20] [INFO] [装配] 模态 text   → 768 维（仅均值 池化）
[2026-09-24 15:41:20] [INFO] [装配] 模态 audio  → 148 维（均值+std 池化）
[2026-09-24 15:41:20] [INFO] [装配] 模态 vision → 70 维（均值+std 池化）
[2026-09-24 15:41:20] [INFO] [可用性] 视觉不可用（face_ratio<0.50）6 条；其中特征全零 2 条
[2026-09-24 15:41:20] [INFO] [可用性] 其中 4 条为「低人脸率但特征非零」（插值借用），已保留其原始特征不做丢弃：['-HwX2H8Z4hY_9', '-NFrJFQijFE_1', '-NFrJFQijFE_2', '-ri04Z7vwnc_2']
[2026-09-24 15:41:20] [INFO] [装配] 自检通过：100 条样本 / 986 维 / 37 组 / 无 NaN
[2026-09-24 15:41:20] [INFO] [装配] 设计矩阵 X(100, 986)，37 个视频分组，状态分布 {'Positive': 57, 'Neutral': 25, 'Negative': 18}
[2026-09-24 15:41:22] [INFO] [划分] 5 折，测试折大小 [18, 19, 19, 24, 20]
[2026-09-24 15:41:22] [INFO] [划分] 折1 n=18 分布={1: 10, 0: 5, -1: 3} 多数类基线=0.556
[2026-09-24 15:41:22] [INFO] [划分] 折2 n=19 分布={1: 11, 0: 5, -1: 3} 多数类基线=0.579
[2026-09-24 15:41:22] [INFO] [划分] 折3 n=19 分布={1: 12, 0: 4, -1: 3} 多数类基线=0.632
[2026-09-24 15:41:22] [INFO] [划分] 折4 n=24 分布={1: 13, 0: 6, -1: 5} 多数类基线=0.542
[2026-09-24 15:41:22] [INFO] [划分] 折5 n=20 分布={1: 11, 0: 5, -1: 4} 多数类基线=0.550
[2026-09-24 15:41:22] [INFO] [CV] ridge 折1: 超参={'alpha': 1000.0}  该折 acc=0.611 macroF1=0.414
[2026-09-24 15:41:22] [INFO] [CV] ridge 折2: 超参={'alpha': 1000.0}  该折 acc=0.632 macroF1=0.383
[2026-09-24 15:41:22] [INFO] [CV] ridge 折3: 超参={'alpha': 10000.0}  该折 acc=0.632 macroF1=0.258
[2026-09-24 15:41:22] [INFO] [CV] ridge 折4: 超参={'alpha': 1000.0}  该折 acc=0.583 macroF1=0.338
[2026-09-24 15:41:22] [INFO] [CV] ridge 折5: 超参={'alpha': 1000.0}  该折 acc=0.550 macroF1=0.237
[2026-09-24 15:41:23] [INFO] [CV] enet 折1: 超参={'alpha': 0.05, 'l1_ratio': 0.5}  该折 acc=0.556 macroF1=0.413
[2026-09-24 15:41:23] [INFO] [CV] enet 折2: 超参={'alpha': 0.4, 'l1_ratio': 0.2}  该折 acc=0.632 macroF1=0.420
[2026-09-24 15:41:24] [INFO] [CV] enet 折3: 超参={'alpha': 0.4, 'l1_ratio': 0.5}  该折 acc=0.632 macroF1=0.258
[2026-09-24 15:41:24] [INFO] [CV] enet 折4: 超参={'alpha': 0.2, 'l1_ratio': 0.8}  该折 acc=0.458 macroF1=0.216
[2026-09-24 15:41:25] [INFO] [CV] enet 折5: 超参={'alpha': 0.4, 'l1_ratio': 0.2}  该折 acc=0.550 macroF1=0.333
[2026-09-24 15:41:29] [INFO] [CV] mlp 折1: 超参={'alpha': 10.0}  该折 acc=0.556 macroF1=0.415
[2026-09-24 15:41:33] [INFO] [CV] mlp 折2: 超参={'alpha': 10.0}  该折 acc=0.579 macroF1=0.407
[2026-09-24 15:41:38] [INFO] [CV] mlp 折3: 超参={'alpha': 10.0}  该折 acc=0.684 macroF1=0.462
[2026-09-24 15:41:41] [INFO] [CV] mlp 折4: 超参={'alpha': 10.0}  该折 acc=0.542 macroF1=0.355
[2026-09-24 15:41:43] [INFO] [CV] mlp 折5: 超参={'alpha': 10.0}  该折 acc=0.550 macroF1=0.399
[2026-09-24 15:41:43] [INFO] [CV] logreg 折1: 超参={'C': 0.001}  该折 acc=0.611 macroF1=0.502
[2026-09-24 15:41:44] [INFO] [CV] logreg 折2: 超参={'C': 0.001}  该折 acc=0.526 macroF1=0.412
[2026-09-24 15:41:44] [INFO] [CV] logreg 折3: 超参={'C': 0.003}  该折 acc=0.737 macroF1=0.536
[2026-09-24 15:41:45] [INFO] [CV] logreg 折4: 超参={'C': 0.001}  该折 acc=0.625 macroF1=0.556
[2026-09-24 15:41:45] [INFO] [CV] logreg 折5: 超参={'C': 0.001}  该折 acc=0.650 macroF1=0.460
[2026-09-24 15:41:45] [INFO] [CV] svc 折1: 超参={'C': 10.0}  该折 acc=0.556 macroF1=0.238
[2026-09-24 15:41:45] [INFO] [CV] svc 折2: 超参={'C': 1.0}  该折 acc=0.632 macroF1=0.440
[2026-09-24 15:41:45] [INFO] [CV] svc 折3: 超参={'C': 10.0}  该折 acc=0.632 macroF1=0.258
[2026-09-24 15:41:45] [INFO] [CV] svc 折4: 超参={'C': 1.0}  该折 acc=0.583 macroF1=0.343
[2026-09-24 15:41:45] [INFO] [CV] svc 折5: 超参={'C': 1.0}  该折 acc=0.550 macroF1=0.244
[2026-09-24 15:41:45] [INFO] [落盘] D:\23届建模\data\model\cv_comparison.csv（7 行）
[2026-09-24 15:41:45] [INFO] [落盘] D:\23届建模\data\model\oof_predictions_all100.csv（100 行）
[2026-09-24 15:41:45] [INFO] ------------------------------------------------------------------------
[2026-09-24 15:41:45] [INFO] [对比] 结果（out-of-fold）
[2026-09-24 15:41:45] [INFO]   模型                       MAE       r     rho     acc macroF1   平衡acc    中性召回
[2026-09-24 15:41:45] [INFO]   多数类基线(逐折)                —       —       —     0.570   0.242   0.333   0.000
[2026-09-24 15:41:45] [INFO]   训练均值基线(逐折)             0.583  -0.107  -0.028     —       —       —       —  
[2026-09-24 15:41:45] [INFO]   Ridge 回归               0.527  +0.413  +0.505   0.602   0.326   0.389   0.000
[2026-09-24 15:41:45] [INFO]   ElasticNet 回归          0.534  +0.385  +0.458   0.565   0.328   0.378   0.000
[2026-09-24 15:41:45] [INFO]   MLP 回归(64)             0.564  +0.307  +0.413   0.582   0.408   0.491   0.000
[2026-09-24 15:41:45] [INFO]   逻辑回归(balanced)           —       —       —     0.630   0.493   0.504   0.320
[2026-09-24 15:41:45] [INFO]   SVC(rbf, balanced)       —       —       —     0.590   0.305   0.380   0.120
[2026-09-24 15:41:48] [INFO] [消融] text                 d= 768  r=+0.422 rho=+0.496  acc(分类)=0.600 macroF1(分类)=0.494
[2026-09-24 15:41:49] [INFO] [消融] audio                d= 148  r=-0.103 rho=-0.034  acc(分类)=0.520 macroF1(分类)=0.440
[2026-09-24 15:41:50] [INFO] [消融] vision               d=  70  r=+0.130 rho=+0.185  acc(分类)=0.450 macroF1(分类)=0.352
[2026-09-24 15:41:52] [INFO] [消融] text+audio           d= 916  r=+0.397 rho=+0.520  acc(分类)=0.630 macroF1(分类)=0.500
[2026-09-24 15:41:54] [INFO] [消融] text+vision          d= 838  r=+0.432 rho=+0.488  acc(分类)=0.640 macroF1(分类)=0.508
[2026-09-24 15:41:56] [INFO] [消融] audio+vision         d= 218  r=+0.074 rho=+0.098  acc(分类)=0.500 macroF1(分类)=0.428
[2026-09-24 15:41:58] [INFO] [消融] text+audio+vision    d= 986  r=+0.413 rho=+0.505  acc(分类)=0.630 macroF1(分类)=0.507
[2026-09-24 15:41:58] [INFO] [落盘] D:\23届建模\data\model\ablation.csv（7 行）
[2026-09-24 15:41:58] [INFO] ------------------------------------------------------------------------
[2026-09-24 15:41:58] [INFO] [holdout] 训练 82 条 / 测试 18 条（测试集状态分布 {'Positive': 10, 'Neutral': 5, 'Negative': 3}）
[2026-09-24 15:42:01] [INFO] [holdout] 选中超参：ridge {'alpha': 10.0} ；logreg {'C': 0.03}
[2026-09-24 15:42:01] [INFO] [holdout] 回归 MAE=0.485 (均值基线 0.612)  r=+0.548 rho=+0.614
[2026-09-24 15:42:01] [INFO] [holdout] 状态：回归取符号 acc=0.611  |  分类器 acc=0.611  |  多数类基线 acc=0.556 (Positive)
[2026-09-24 15:42:01] [INFO] [落盘] D:\23届建模\data\model\test_predictions.csv（18 行）
[2026-09-24 15:42:01] [INFO] [可视化] 中文字体: Microsoft YaHei
[2026-09-24 15:42:02] [INFO] [出图] D:\23届建模\data\model\fig_confusion.png
[2026-09-24 15:42:02] [INFO] [出图] D:\23届建模\data\model\fig_scatter.png
[2026-09-24 15:42:02] [INFO] [出图] D:\23届建模\data\model\fig_ablation.png
[2026-09-24 15:42:02] [INFO] [落盘] D:\23届建模\data\model\README_情感判定模型_运行结果.md
[2026-09-24 15:42:02] [INFO] ========================================================================
[2026-09-24 15:42:02] [INFO] 完成。产物目录：D:\23届建模\data\model
[2026-09-24 15:42:02] [INFO] ========================================================================
[2026-09-24 15:42:29] [INFO] ========================================================================
[2026-09-24 15:42:29] [INFO] 情感判定建模启动：模态=('text', 'audio', 'vision')，回归=ridge，分类=logreg，seed=42
[2026-09-24 15:42:29] [INFO] ========================================================================
[2026-09-24 15:42:30] [INFO] [数据] 已读取工作表 'label': 100 行
[2026-09-24 15:42:30] [INFO] [数据] 加载标注表: 100 条样本, 列名: ['video_id', 'clip_id', 'text', 'label', 'annotation']
[2026-09-24 15:42:30] [INFO] [装配] 监督标签：100 条，label 范围 [-2.000, 2.667]，状态分布 {'Positive': np.int64(57), 'Neutral': np.int64(25), 'Negative': np.int64(18)}
[2026-09-24 15:42:30] [INFO] [装配] 模态 text   → 768 维（仅均值 池化）
[2026-09-24 15:42:30] [INFO] [装配] 模态 audio  → 148 维（均值+std 池化）
[2026-09-24 15:42:30] [INFO] [装配] 模态 vision → 70 维（均值+std 池化）
[2026-09-24 15:42:30] [INFO] [可用性] 视觉不可用（face_ratio<0.50）6 条；其中特征全零 2 条
[2026-09-24 15:42:30] [INFO] [可用性] 其中 4 条为「低人脸率但特征非零」（插值借用），已保留其原始特征不做丢弃：['-HwX2H8Z4hY_9', '-NFrJFQijFE_1', '-NFrJFQijFE_2', '-ri04Z7vwnc_2']
[2026-09-24 15:42:30] [INFO] [装配] 自检通过：100 条样本 / 986 维 / 37 组 / 无 NaN
[2026-09-24 15:42:30] [INFO] [装配] 设计矩阵 X(100, 986)，37 个视频分组，状态分布 {'Positive': 57, 'Neutral': 25, 'Negative': 18}
[2026-09-24 15:42:32] [INFO] [划分] 5 折，测试折大小 [18, 19, 19, 24, 20]
[2026-09-24 15:42:32] [INFO] [划分] 折1 n=18 分布={1: 10, 0: 5, -1: 3} 多数类基线=0.556
[2026-09-24 15:42:32] [INFO] [划分] 折2 n=19 分布={1: 11, 0: 5, -1: 3} 多数类基线=0.579
[2026-09-24 15:42:32] [INFO] [划分] 折3 n=19 分布={1: 12, 0: 4, -1: 3} 多数类基线=0.632
[2026-09-24 15:42:32] [INFO] [划分] 折4 n=24 分布={1: 13, 0: 6, -1: 5} 多数类基线=0.542
[2026-09-24 15:42:32] [INFO] [划分] 折5 n=20 分布={1: 11, 0: 5, -1: 4} 多数类基线=0.550
[2026-09-24 15:42:32] [INFO] [CV] ridge 折1: 超参={'alpha': 1000.0}  该折 acc=0.611 macroF1=0.414
[2026-09-24 15:42:32] [INFO] [CV] ridge 折2: 超参={'alpha': 1000.0}  该折 acc=0.632 macroF1=0.383
[2026-09-24 15:42:32] [INFO] [CV] ridge 折3: 超参={'alpha': 10000.0}  该折 acc=0.632 macroF1=0.258
[2026-09-24 15:42:32] [INFO] [CV] ridge 折4: 超参={'alpha': 1000.0}  该折 acc=0.583 macroF1=0.338
[2026-09-24 15:42:32] [INFO] [CV] ridge 折5: 超参={'alpha': 1000.0}  该折 acc=0.550 macroF1=0.237
[2026-09-24 15:42:33] [INFO] [CV] enet 折1: 超参={'alpha': 0.05, 'l1_ratio': 0.5}  该折 acc=0.556 macroF1=0.413
[2026-09-24 15:42:33] [INFO] [CV] enet 折2: 超参={'alpha': 0.4, 'l1_ratio': 0.2}  该折 acc=0.632 macroF1=0.420
[2026-09-24 15:42:34] [INFO] [CV] enet 折3: 超参={'alpha': 0.4, 'l1_ratio': 0.5}  该折 acc=0.632 macroF1=0.258
[2026-09-24 15:42:34] [INFO] [CV] enet 折4: 超参={'alpha': 0.2, 'l1_ratio': 0.8}  该折 acc=0.458 macroF1=0.216
[2026-09-24 15:42:35] [INFO] [CV] enet 折5: 超参={'alpha': 0.4, 'l1_ratio': 0.2}  该折 acc=0.550 macroF1=0.333
[2026-09-24 15:42:39] [INFO] [CV] mlp 折1: 超参={'alpha': 10.0}  该折 acc=0.556 macroF1=0.415
[2026-09-24 15:42:43] [INFO] [CV] mlp 折2: 超参={'alpha': 10.0}  该折 acc=0.579 macroF1=0.407
[2026-09-24 15:42:46] [INFO] [CV] mlp 折3: 超参={'alpha': 10.0}  该折 acc=0.684 macroF1=0.462
[2026-09-24 15:42:50] [INFO] [CV] mlp 折4: 超参={'alpha': 10.0}  该折 acc=0.542 macroF1=0.355
[2026-09-24 15:42:52] [INFO] [CV] mlp 折5: 超参={'alpha': 10.0}  该折 acc=0.550 macroF1=0.399
[2026-09-24 15:42:52] [INFO] [CV] logreg 折1: 超参={'C': 0.001}  该折 acc=0.611 macroF1=0.502
[2026-09-24 15:42:52] [INFO] [CV] logreg 折2: 超参={'C': 0.001}  该折 acc=0.526 macroF1=0.412
[2026-09-24 15:42:53] [INFO] [CV] logreg 折3: 超参={'C': 0.003}  该折 acc=0.737 macroF1=0.536
[2026-09-24 15:42:53] [INFO] [CV] logreg 折4: 超参={'C': 0.001}  该折 acc=0.625 macroF1=0.556
[2026-09-24 15:42:54] [INFO] [CV] logreg 折5: 超参={'C': 0.001}  该折 acc=0.650 macroF1=0.460
[2026-09-24 15:42:54] [INFO] [CV] svc 折1: 超参={'C': 10.0}  该折 acc=0.556 macroF1=0.238
[2026-09-24 15:42:54] [INFO] [CV] svc 折2: 超参={'C': 1.0}  该折 acc=0.632 macroF1=0.440
[2026-09-24 15:42:54] [INFO] [CV] svc 折3: 超参={'C': 10.0}  该折 acc=0.632 macroF1=0.258
[2026-09-24 15:42:54] [INFO] [CV] svc 折4: 超参={'C': 1.0}  该折 acc=0.583 macroF1=0.343
[2026-09-24 15:42:54] [INFO] [CV] svc 折5: 超参={'C': 1.0}  该折 acc=0.550 macroF1=0.244
[2026-09-24 15:42:54] [INFO] [落盘] D:\23届建模\data\model\cv_comparison.csv（7 行）
[2026-09-24 15:42:54] [INFO] [落盘] D:\23届建模\data\model\oof_predictions_all100.csv（100 行）
[2026-09-24 15:42:54] [INFO] ------------------------------------------------------------------------
[2026-09-24 15:42:54] [INFO] [对比] 结果（out-of-fold）
[2026-09-24 15:42:54] [INFO]   模型                       MAE       r     rho     acc macroF1   平衡acc    中性召回
[2026-09-24 15:42:54] [INFO]   多数类基线(逐折)                —       —       —     0.570   0.242   0.333   0.000
[2026-09-24 15:42:54] [INFO]   训练均值基线(逐折)             0.583  -0.107  -0.028     —       —       —       —  
[2026-09-24 15:42:54] [INFO]   Ridge 回归               0.527  +0.413  +0.505   0.602   0.326   0.389   0.000
[2026-09-24 15:42:54] [INFO]   ElasticNet 回归          0.534  +0.385  +0.458   0.565   0.328   0.378   0.000
[2026-09-24 15:42:54] [INFO]   MLP 回归(64)             0.564  +0.307  +0.413   0.582   0.408   0.491   0.000
[2026-09-24 15:42:54] [INFO]   逻辑回归(balanced)           —       —       —     0.630   0.493   0.504   0.320
[2026-09-24 15:42:54] [INFO]   SVC(rbf, balanced)       —       —       —     0.590   0.305   0.380   0.120
[2026-09-24 15:42:56] [INFO] [消融] text                 d= 768  r=+0.422 rho=+0.496  acc(分类)=0.600 macroF1(分类)=0.494
[2026-09-24 15:42:57] [INFO] [消融] audio                d= 148  r=-0.103 rho=-0.034  acc(分类)=0.520 macroF1(分类)=0.440
[2026-09-24 15:42:58] [INFO] [消融] vision               d=  70  r=+0.130 rho=+0.185  acc(分类)=0.450 macroF1(分类)=0.352
[2026-09-24 15:43:00] [INFO] [消融] text+audio           d= 916  r=+0.397 rho=+0.520  acc(分类)=0.630 macroF1(分类)=0.500
[2026-09-24 15:43:02] [INFO] [消融] text+vision          d= 838  r=+0.432 rho=+0.488  acc(分类)=0.640 macroF1(分类)=0.508
[2026-09-24 15:43:04] [INFO] [消融] audio+vision         d= 218  r=+0.074 rho=+0.098  acc(分类)=0.500 macroF1(分类)=0.428
[2026-09-24 15:43:06] [INFO] [消融] text+audio+vision    d= 986  r=+0.413 rho=+0.505  acc(分类)=0.630 macroF1(分类)=0.507
[2026-09-24 15:43:06] [INFO] [落盘] D:\23届建模\data\model\ablation.csv（7 行）
[2026-09-24 15:43:06] [INFO] ------------------------------------------------------------------------
[2026-09-24 15:43:06] [INFO] [holdout] 训练 82 条 / 测试 18 条（测试集状态分布 {'Positive': 10, 'Neutral': 5, 'Negative': 3}）
[2026-09-24 15:43:08] [INFO] [holdout] 选中超参：ridge {'alpha': 10.0} ；logreg {'C': 0.03}
[2026-09-24 15:43:08] [INFO] [holdout] 回归 MAE=0.485 (均值基线 0.612)  r=+0.548 rho=+0.614
[2026-09-24 15:43:08] [INFO] [holdout] 状态：回归取符号 acc=0.611  |  分类器 acc=0.611  |  多数类基线 acc=0.556 (Positive)
[2026-09-24 15:43:08] [INFO] [落盘] D:\23届建模\data\model\test_predictions.csv（18 行）
[2026-09-24 15:43:09] [INFO] [可视化] 中文字体: Microsoft YaHei
[2026-09-24 15:43:09] [INFO] [出图] D:\23届建模\data\model\fig_confusion.png
[2026-09-24 15:43:09] [INFO] [出图] D:\23届建模\data\model\fig_scatter.png
[2026-09-24 15:43:10] [INFO] [出图] D:\23届建模\data\model\fig_ablation.png
[2026-09-24 15:43:10] [INFO] [落盘] D:\23届建模\data\model\README_情感判定模型_运行结果.md
[2026-09-24 15:43:10] [INFO] ========================================================================
[2026-09-24 15:43:10] [INFO] 完成。产物目录：D:\23届建模\data\model
[2026-09-24 15:43:10] [INFO] ========================================================================
[2026-09-24 15:43:21] [INFO] ========================================================================
[2026-09-24 15:43:21] [INFO] 情感判定建模启动：模态=('text', 'audio')，回归=ridge，分类=logreg，seed=42
[2026-09-24 15:43:21] [INFO] ========================================================================
[2026-09-24 15:43:22] [INFO] [数据] 已读取工作表 'label': 100 行
[2026-09-24 15:43:22] [INFO] [数据] 加载标注表: 100 条样本, 列名: ['video_id', 'clip_id', 'text', 'label', 'annotation']
[2026-09-24 15:43:22] [INFO] [装配] 监督标签：100 条，label 范围 [-2.000, 2.667]，状态分布 {'Positive': np.int64(57), 'Neutral': np.int64(25), 'Negative': np.int64(18)}
[2026-09-24 15:43:22] [INFO] [装配] 模态 text   → 768 维（仅均值 池化）
[2026-09-24 15:43:22] [INFO] [装配] 模态 audio  → 148 维（均值+std 池化）
[2026-09-24 15:43:23] [INFO] [可用性] 视觉不可用（face_ratio<0.50）6 条；其中特征全零 2 条
[2026-09-24 15:43:23] [INFO] [可用性] 其中 4 条为「低人脸率但特征非零」（插值借用），已保留其原始特征不做丢弃：['-HwX2H8Z4hY_9', '-NFrJFQijFE_1', '-NFrJFQijFE_2', '-ri04Z7vwnc_2']
[2026-09-24 15:43:23] [INFO] [装配] 自检通过：100 条样本 / 916 维 / 37 组 / 无 NaN
[2026-09-24 15:43:23] [INFO] [装配] 设计矩阵 X(100, 916)，37 个视频分组，状态分布 {'Positive': 57, 'Neutral': 25, 'Negative': 18}
[2026-09-24 15:43:24] [INFO] [划分] 5 折，测试折大小 [18, 19, 19, 24, 20]
[2026-09-24 15:43:24] [INFO] [划分] 折1 n=18 分布={1: 10, 0: 5, -1: 3} 多数类基线=0.556
[2026-09-24 15:43:24] [INFO] [划分] 折2 n=19 分布={1: 11, 0: 5, -1: 3} 多数类基线=0.579
[2026-09-24 15:43:24] [INFO] [划分] 折3 n=19 分布={1: 12, 0: 4, -1: 3} 多数类基线=0.632
[2026-09-24 15:43:24] [INFO] [划分] 折4 n=24 分布={1: 13, 0: 6, -1: 5} 多数类基线=0.542
[2026-09-24 15:43:24] [INFO] [划分] 折5 n=20 分布={1: 11, 0: 5, -1: 4} 多数类基线=0.550
[2026-09-24 15:43:24] [INFO] [CV] ridge 折1: 超参={'alpha': 100.0}  该折 acc=0.611 macroF1=0.462
[2026-09-24 15:43:24] [INFO] [CV] ridge 折2: 超参={'alpha': 1000.0}  该折 acc=0.632 macroF1=0.395
[2026-09-24 15:43:25] [INFO] [CV] ridge 折3: 超参={'alpha': 1000.0}  该折 acc=0.684 macroF1=0.433
[2026-09-24 15:43:25] [INFO] [CV] ridge 折4: 超参={'alpha': 10000.0}  该折 acc=0.542 macroF1=0.234
[2026-09-24 15:43:25] [INFO] [CV] ridge 折5: 超参={'alpha': 1000.0}  该折 acc=0.600 macroF1=0.378
[2026-09-24 15:43:25] [INFO] [CV] enet 折1: 超参={'alpha': 0.2, 'l1_ratio': 0.2}  该折 acc=0.556 macroF1=0.413
[2026-09-24 15:43:26] [INFO] [CV] enet 折2: 超参={'alpha': 0.02, 'l1_ratio': 0.8}  该折 acc=0.579 macroF1=0.421
[2026-09-24 15:43:26] [INFO] [CV] enet 折3: 超参={'alpha': 0.4, 'l1_ratio': 0.5}  该折 acc=0.632 macroF1=0.258
[2026-09-24 15:43:26] [INFO] [CV] enet 折4: 超参={'alpha': 0.4, 'l1_ratio': 0.5}  该折 acc=0.500 macroF1=0.222
[2026-09-24 15:43:27] [INFO] [CV] enet 折5: 超参={'alpha': 0.4, 'l1_ratio': 0.2}  该折 acc=0.650 macroF1=0.452
[2026-09-24 15:43:30] [INFO] [CV] mlp 折1: 超参={'alpha': 10.0}  该折 acc=0.667 macroF1=0.536
[2026-09-24 15:43:32] [INFO] [CV] mlp 折2: 超参={'alpha': 10.0}  该折 acc=0.632 macroF1=0.461
[2026-09-24 15:43:41] [INFO] [CV] mlp 折3: 超参={'alpha': 10.0}  该折 acc=0.632 macroF1=0.258
[2026-09-24 15:43:43] [INFO] [CV] mlp 折4: 超参={'alpha': 10.0}  该折 acc=0.417 macroF1=0.286
[2026-09-24 15:43:48] [INFO] [CV] mlp 折5: 超参={'alpha': 10.0}  该折 acc=0.500 macroF1=0.366
[2026-09-24 15:43:48] [INFO] [CV] logreg 折1: 超参={'C': 0.001}  该折 acc=0.667 macroF1=0.573
[2026-09-24 15:43:48] [INFO] [CV] logreg 折2: 超参={'C': 0.001}  该折 acc=0.526 macroF1=0.410
[2026-09-24 15:43:49] [INFO] [CV] logreg 折3: 超参={'C': 0.01}  该折 acc=0.737 macroF1=0.536
[2026-09-24 15:43:49] [INFO] [CV] logreg 折4: 超参={'C': 0.003}  该折 acc=0.583 macroF1=0.416
[2026-09-24 15:43:49] [INFO] [CV] logreg 折5: 超参={'C': 0.003}  该折 acc=0.650 macroF1=0.526
[2026-09-24 15:43:49] [INFO] [CV] svc 折1: 超参={'C': 1.0}  该折 acc=0.667 macroF1=0.528
[2026-09-24 15:43:50] [INFO] [CV] svc 折2: 超参={'C': 1.0}  该折 acc=0.684 macroF1=0.479
[2026-09-24 15:43:50] [INFO] [CV] svc 折3: 超参={'C': 10.0}  该折 acc=0.632 macroF1=0.258
[2026-09-24 15:43:50] [INFO] [CV] svc 折4: 超参={'C': 1.0}  该折 acc=0.583 macroF1=0.343
[2026-09-24 15:43:50] [INFO] [CV] svc 折5: 超参={'C': 1.0}  该折 acc=0.550 macroF1=0.253
[2026-09-24 15:43:50] [INFO] [落盘] D:\23届建模\data\model\cv_comparison.csv（7 行）
[2026-09-24 15:43:50] [INFO] [落盘] D:\23届建模\data\model\oof_predictions_all100.csv（100 行）
[2026-09-24 15:43:50] [INFO] ------------------------------------------------------------------------
[2026-09-24 15:43:50] [INFO] [对比] 结果（out-of-fold）
[2026-09-24 15:43:50] [INFO]   模型                       MAE       r     rho     acc macroF1   平衡acc    中性召回
[2026-09-24 15:43:50] [INFO]   多数类基线(逐折)                —       —       —     0.570   0.242   0.333   0.000
[2026-09-24 15:43:50] [INFO]   训练均值基线(逐折)             0.583  -0.107  -0.028     —       —       —       —  
[2026-09-24 15:43:50] [INFO]   Ridge 回归               0.536  +0.397  +0.520   0.614   0.381   0.420   0.000
[2026-09-24 15:43:50] [INFO]   ElasticNet 回归          0.564  +0.299  +0.370   0.583   0.353   0.415   0.000
[2026-09-24 15:43:50] [INFO]   MLP 回归(64)             0.844  +0.207  +0.290   0.569   0.381   0.467   0.000
[2026-09-24 15:43:50] [INFO]   逻辑回归(balanced)           —       —       —     0.633   0.492   0.502   0.240
[2026-09-24 15:43:50] [INFO]   SVC(rbf, balanced)       —       —       —     0.623   0.372   0.418   0.160
[2026-09-24 15:43:52] [INFO] [消融] text                 d= 768  r=+0.422 rho=+0.496  acc(分类)=0.600 macroF1(分类)=0.494
[2026-09-24 15:43:53] [INFO] [消融] audio                d= 148  r=-0.103 rho=-0.034  acc(分类)=0.520 macroF1(分类)=0.440
[2026-09-24 15:43:55] [INFO] [消融] text+audio           d= 916  r=+0.397 rho=+0.520  acc(分类)=0.630 macroF1(分类)=0.500
[2026-09-24 15:43:57] [INFO] [消融] text+audio           d= 916  r=+0.397 rho=+0.520  acc(分类)=0.630 macroF1(分类)=0.500
[2026-09-24 15:43:57] [INFO] [落盘] D:\23届建模\data\model\ablation.csv（4 行）
[2026-09-24 15:53:49] [INFO] [数据] 已读取工作表 'label': 100 行
[2026-09-24 15:53:49] [INFO] [数据] 加载标注表: 100 条样本, 列名: ['video_id', 'clip_id', 'text', 'label', 'annotation']
[2026-09-24 16:00:14] [INFO] [数据] 已读取工作表 'label': 100 行
[2026-09-24 16:00:14] [INFO] [数据] 加载标注表: 100 条样本, 列名: ['video_id', 'clip_id', 'text', 'label', 'annotation']
[2026-09-24 16:00:25] [INFO] [数据] 已读取工作表 'label': 100 行
[2026-09-24 16:00:25] [INFO] [数据] 加载标注表: 100 条样本, 列名: ['video_id', 'clip_id', 'text', 'label', 'annotation']
[2026-09-24 16:00:25] [INFO] [文本] 待处理样本 3 条
[2026-09-24 16:00:41] [INFO] [文本] 模型就绪 roberta-base（hidden=768, device=cpu, max_length=512）
[2026-09-24 16:00:43] [INFO] [文本] (1/3) -3g5yACwYnA_13 -> (W=17, D=768) 时长=5.51s
[2026-09-24 16:00:43] [INFO] [文本] (2/3) -3g5yACwYnA_3 -> (W=34, D=768) 时长=14.39s
[2026-09-24 16:00:43] [INFO] [文本] (3/3) -3g5yACwYnA_2 -> (W=16, D=768) 时长=9.39s
[2026-09-24 16:00:43] [INFO] [文本] 完成：成功 3 / 跳过 0 / 失败 0（输出目录 ../data/_tmp_textcheck）
[2026-09-24 16:01:08] [INFO] [数据] 已读取工作表 'label': 100 行
[2026-09-24 16:01:08] [INFO] [数据] 加载标注表: 100 条样本, 列名: ['video_id', 'clip_id', 'text', 'label', 'annotation']
[2026-09-24 16:01:12] [INFO] [数据] 已读取工作表 'label': 100 行
[2026-09-24 16:01:12] [INFO] [数据] 加载标注表: 100 条样本, 列名: ['video_id', 'clip_id', 'text', 'label', 'annotation']
[2026-09-24 16:01:18] [INFO] [数据] 已读取工作表 'label': 100 行
[2026-09-24 16:01:18] [INFO] [数据] 加载标注表: 100 条样本, 列名: ['video_id', 'clip_id', 'text', 'label', 'annotation']
[2026-09-24 16:03:01] [INFO] [数据] 已读取工作表 'label': 100 行
[2026-09-24 16:03:01] [INFO] [数据] 加载标注表: 100 条样本, 列名: ['video_id', 'clip_id', 'text', 'label', 'annotation']
[2026-09-24 16:03:40] [INFO] [数据] 已读取工作表 'label': 100 行
[2026-09-24 16:03:40] [INFO] [数据] 加载标注表: 100 条样本, 列名: ['video_id', 'clip_id', 'text', 'label', 'annotation']
[2026-09-24 16:03:40] [INFO] [文本] 待处理样本 100 条
[2026-09-24 16:03:42] [INFO] [数据] 已读取工作表 'label': 100 行
[2026-09-24 16:03:42] [INFO] [数据] 加载标注表: 100 条样本, 列名: ['video_id', 'clip_id', 'text', 'label', 'annotation']
[2026-09-24 16:03:57] [INFO] [数据] 已读取工作表 'label': 100 行
[2026-09-24 16:03:57] [INFO] [数据] 加载标注表: 100 条样本, 列名: ['video_id', 'clip_id', 'text', 'label', 'annotation']
[2026-09-24 16:04:12] [INFO] [文本] 模型就绪 roberta-base（hidden=768, device=cpu, max_length=512）
[2026-09-24 16:04:12] [INFO] [文本] (1/100) -3g5yACwYnA_13 -> (W=17, D=768) 时长=5.51s
[2026-09-24 16:04:12] [INFO] [文本] (2/100) -3g5yACwYnA_3 -> (W=34, D=768) 时长=14.39s
[2026-09-24 16:04:12] [INFO] [文本] (3/100) -3g5yACwYnA_2 -> (W=16, D=768) 时长=9.39s
[2026-09-24 16:04:13] [INFO] [文本] (4/100) -3g5yACwYnA_9 -> (W=28, D=768) 时长=8.82s
[2026-09-24 16:04:13] [INFO] [文本] (5/100) -3nNcZdcdvU_5 -> (W=19, D=768) 时长=7.87s
[2026-09-24 16:04:13] [INFO] [文本] (6/100) -HwX2H8Z4hY_2 -> (W=11, D=768) 时长=3.98s
[2026-09-24 16:04:13] [INFO] [文本] (7/100) -HwX2H8Z4hY_5 -> (W=10, D=768) 时长=5.65s
[2026-09-24 16:04:13] [INFO] [文本] (8/100) -HwX2H8Z4hY_6 -> (W=8, D=768) 时长=3.36s
[2026-09-24 16:04:13] [INFO] [文本] (9/100) -HwX2H8Z4hY_9 -> (W=23, D=768) 时长=7.73s
[2026-09-24 16:04:14] [INFO] [文本] (10/100) -NFrJFQijFE_1 -> (W=16, D=768) 时长=5.75s
[2026-09-24 16:04:14] [INFO] [文本] (11/100) -NFrJFQijFE_2 -> (W=18, D=768) 时长=6.86s
[2026-09-24 16:04:14] [INFO] [文本] (12/100) -THoVjtIkeU_12 -> (W=42, D=768) 时长=14.90s
[2026-09-24 16:04:14] [INFO] [文本] (13/100) -THoVjtIkeU_2 -> (W=11, D=768) 时长=4.29s
[2026-09-24 16:04:14] [INFO] [文本] (14/100) -THoVjtIkeU_6 -> (W=32, D=768) 时长=8.10s
[2026-09-24 16:04:14] [INFO] [文本] (15/100) -UuX1xuaiiE_1 -> (W=32, D=768) 时长=10.35s
[2026-09-24 16:04:15] [INFO] [文本] (16/100) -UuX1xuaiiE_0 -> (W=11, D=768) 时长=3.63s
[2026-09-24 16:04:15] [INFO] [文本] (17/100) -UuX1xuaiiE_3 -> (W=9, D=768) 时长=4.13s
[2026-09-24 16:04:15] [INFO] [文本] (18/100) -UuX1xuaiiE_6 -> (W=23, D=768) 时长=8.11s
[2026-09-24 16:04:15] [INFO] [文本] (19/100) -a55Q6RWvTA_3 -> (W=78, D=768) 时长=22.15s
[2026-09-24 16:04:16] [INFO] [文本] (20/100) -aNfi7CP8vM_7 -> (W=22, D=768) 时长=8.69s
[2026-09-24 16:04:16] [INFO] [文本] (21/100) -aqamKhZ1Ec_0 -> (W=16, D=768) 时长=10.97s
[2026-09-24 16:04:16] [INFO] [文本] (22/100) -dxfTGcXJoc_1 -> (W=41, D=768) 时长=16.16s
[2026-09-24 16:04:16] [INFO] [文本] (23/100) -dxfTGcXJoc_0 -> (W=47, D=768) 时长=20.50s
[2026-09-24 16:04:16] [INFO] [文本] (24/100) -dxfTGcXJoc_2 -> (W=39, D=768) 时长=16.70s
[2026-09-24 16:04:17] [INFO] [文本] (25/100) -dxfTGcXJoc_6 -> (W=31, D=768) 时长=12.74s
[2026-09-24 16:04:17] [INFO] [文本] (26/100) -egA8-b7-3M_26 -> (W=17, D=768) 时长=6.03s
[2026-09-24 16:04:17] [INFO] [文本] (27/100) -egA8-b7-3M_17 -> (W=19, D=768) 时长=7.27s
[2026-09-24 16:04:17] [INFO] [文本] (28/100) -egA8-b7-3M_18 -> (W=25, D=768) 时长=8.39s
[2026-09-24 16:04:17] [INFO] [文本] (29/100) -egA8-b7-3M_16 -> (W=13, D=768) 时长=5.54s
[2026-09-24 16:04:17] [INFO] [文本] (30/100) -egA8-b7-3M_13 -> (W=14, D=768) 时长=4.18s
[2026-09-24 16:04:18] [INFO] [文本] (31/100) -egA8-b7-3M_1 -> (W=22, D=768) 时长=10.27s
[2026-09-24 16:04:18] [INFO] [文本] (32/100) -egA8-b7-3M_6 -> (W=13, D=768) 时长=6.26s
[2026-09-24 16:04:18] [INFO] [文本] (33/100) -egA8-b7-3M_9 -> (W=12, D=768) 时长=5.09s
[2026-09-24 16:04:18] [INFO] [文本] (34/100) -egA8-b7-3M_20 -> (W=23, D=768) 时长=6.64s
[2026-09-24 16:04:18] [INFO] [文本] (35/100) -iRBcNs9oI8_3 -> (W=9, D=768) 时长=5.62s
[2026-09-24 16:04:18] [INFO] [文本] (36/100) -iRBcNs9oI8_7 -> (W=14, D=768) 时长=4.10s
[2026-09-24 16:04:19] [INFO] [文本] (37/100) -iRBcNs9oI8_6 -> (W=5, D=768) 时长=2.90s
[2026-09-24 16:04:19] [INFO] [文本] (38/100) -iRBcNs9oI8_9 -> (W=5, D=768) 时长=3.42s
[2026-09-24 16:04:19] [INFO] [文本] (39/100) -iRBcNs9oI8_8 -> (W=25, D=768) 时长=8.09s
[2026-09-24 16:04:19] [INFO] [文本] (40/100) -lzEya4AM_4_5 -> (W=21, D=768) 时长=7.67s
[2026-09-24 16:04:19] [INFO] [文本] (41/100) -lzEya4AM_4_6 -> (W=46, D=768) 时长=14.79s
[2026-09-24 16:04:20] [INFO] [文本] (42/100) -mJ2ud6oKI8_1 -> (W=13, D=768) 时长=6.10s
[2026-09-24 16:04:20] [INFO] [文本] (43/100) -mJ2ud6oKI8_2 -> (W=11, D=768) 时长=5.73s
[2026-09-24 16:04:20] [INFO] [文本] (44/100) -mJ2ud6oKI8_6 -> (W=5, D=768) 时长=2.26s
[2026-09-24 16:04:20] [INFO] [文本] (45/100) -mJ2ud6oKI8_9 -> (W=25, D=768) 时长=7.03s
[2026-09-24 16:04:20] [INFO] [文本] (46/100) -mJ2ud6oKI8_8 -> (W=11, D=768) 时长=4.19s
[2026-09-24 16:04:20] [INFO] [文本] (47/100) -mqbVkbCndg_0 -> (W=17, D=768) 时长=6.47s
[2026-09-24 16:04:21] [INFO] [文本] (48/100) -t217m2on-s_2 -> (W=14, D=768) 时长=5.69s
[2026-09-24 16:04:21] [INFO] [文本] (49/100) -t217m2on-s_7 -> (W=50, D=768) 时长=17.18s
[2026-09-24 16:04:21] [INFO] [文本] (50/100) -tANM6ETl_M_3 -> (W=27, D=768) 时长=6.76s
[2026-09-24 16:04:21] [INFO] [文本] (51/100) -tPCytz4rww_11 -> (W=19, D=768) 时长=5.47s
[2026-09-24 16:04:21] [INFO] [文本] (52/100) -tPCytz4rww_10 -> (W=14, D=768) 时长=4.79s
[2026-09-24 16:04:21] [INFO] [文本] (53/100) -tPCytz4rww_12 -> (W=28, D=768) 时长=11.86s
[2026-09-24 16:04:22] [INFO] [文本] (54/100) -tPCytz4rww_16 -> (W=17, D=768) 时长=7.21s
[2026-09-24 16:04:22] [INFO] [文本] (55/100) -tPCytz4rww_18 -> (W=19, D=768) 时长=6.64s
[2026-09-24 16:04:22] [INFO] [文本] (56/100) -vxjVxOeScU_4 -> (W=25, D=768) 时长=9.13s
[2026-09-24 16:04:22] [INFO] [文本] (57/100) -wMB_hJL-3o_7 -> (W=23, D=768) 时长=6.04s
[2026-09-24 16:04:22] [INFO] [文本] (58/100) -wny0OAz3g8_1 -> (W=26, D=768) 时长=6.84s
[2026-09-24 16:04:23] [INFO] [文本] (59/100) -wny0OAz3g8_0 -> (W=10, D=768) 时长=3.33s
[2026-09-24 16:04:23] [INFO] [文本] (60/100) -wny0OAz3g8_3 -> (W=20, D=768) 时长=6.15s
[2026-09-24 16:04:23] [INFO] [文本] (61/100) -wny0OAz3g8_2 -> (W=27, D=768) 时长=6.69s
[2026-09-24 16:04:23] [INFO] [文本] (62/100) -wny0OAz3g8_5 -> (W=22, D=768) 时长=6.91s
[2026-09-24 16:04:23] [INFO] [文本] (63/100) -wny0OAz3g8_7 -> (W=29, D=768) 时长=8.07s
[2026-09-24 16:04:23] [INFO] [文本] (64/100) -wny0OAz3g8_9 -> (W=22, D=768) 时长=6.21s
[2026-09-24 16:04:24] [INFO] [文本] (65/100) -571d8cVauQ_0 -> (W=14, D=768) 时长=5.07s
[2026-09-24 16:04:24] [INFO] [文本] (66/100) -571d8cVauQ_5 -> (W=50, D=768) 时长=15.27s
[2026-09-24 16:04:24] [INFO] [文本] (67/100) -I_e4mIh0yE_1 -> (W=20, D=768) 时长=7.62s
[2026-09-24 16:04:24] [INFO] [文本] (68/100) -I_e4mIh0yE_3 -> (W=27, D=768) 时长=9.16s
[2026-09-24 16:04:24] [INFO] [文本] (69/100) -UacrmKiTn4_10 -> (W=21, D=768) 时长=7.36s
[2026-09-24 16:04:25] [INFO] [文本] (70/100) -UacrmKiTn4_4 -> (W=15, D=768) 时长=4.74s
[2026-09-24 16:04:25] [INFO] [文本] (71/100) -hnBHBN8p5A_7 -> (W=16, D=768) 时长=7.37s
[2026-09-24 16:04:25] [INFO] [文本] (72/100) -hnBHBN8p5A_6 -> (W=14, D=768) 时长=6.40s
[2026-09-24 16:04:25] [INFO] [文本] (73/100) -qDkUB0GgYY_6 -> (W=18, D=768) 时长=4.68s
[2026-09-24 16:04:25] [INFO] [文本] (74/100) -uywlfIYOS8_4 -> (W=21, D=768) 时长=6.04s
[2026-09-24 16:04:25] [INFO] [文本] (75/100) -6rXp3zJ3kc_8 -> (W=36, D=768) 时长=12.81s
[2026-09-24 16:04:26] [INFO] [文本] (76/100) -9y-fZ3swSY_0 -> (W=27, D=768) 时长=6.83s
[2026-09-24 16:04:26] [INFO] [文本] (77/100) -9y-fZ3swSY_4 -> (W=10, D=768) 时长=2.82s
[2026-09-24 16:04:26] [INFO] [文本] (78/100) -9y-fZ3swSY_8 -> (W=13, D=768) 时长=4.99s
[2026-09-24 16:04:26] [INFO] [文本] (79/100) -AUZQgSxyPQ_2 -> (W=46, D=768) 时长=22.51s
[2026-09-24 16:04:26] [INFO] [文本] (80/100) -HeZS2-Prhc_2 -> (W=17, D=768) 时长=8.26s
[2026-09-24 16:04:27] [INFO] [文本] (81/100) -MeTTeMJBNc_0 -> (W=25, D=768) 时长=9.30s
[2026-09-24 16:04:27] [INFO] [文本] (82/100) -MeTTeMJBNc_13 -> (W=16, D=768) 时长=5.43s
[2026-09-24 16:04:27] [INFO] [文本] (83/100) -MeTTeMJBNc_7 -> (W=33, D=768) 时长=10.52s
[2026-09-24 16:04:27] [INFO] [文本] (84/100) -RfYyzHpjk4_11 -> (W=19, D=768) 时长=5.24s
[2026-09-24 16:04:27] [INFO] [文本] (85/100) -RfYyzHpjk4_8 -> (W=20, D=768) 时长=4.59s
[2026-09-24 16:04:27] [INFO] [文本] (86/100) -RfYyzHpjk4_2 -> (W=28, D=768) 时长=5.52s
[2026-09-24 16:04:28] [INFO] [文本] (87/100) -UUCSKoHeMA_0 -> (W=21, D=768) 时长=7.80s
[2026-09-24 16:04:28] [INFO] [文本] (88/100) -ri04Z7vwnc_0 -> (W=8, D=768) 时长=2.81s
[2026-09-24 16:04:28] [INFO] [文本] (89/100) -ri04Z7vwnc_2 -> (W=22, D=768) 时长=6.03s
[2026-09-24 16:04:28] [INFO] [文本] (90/100) -ri04Z7vwnc_5 -> (W=10, D=768) 时长=3.54s
[2026-09-24 16:04:28] [INFO] [文本] (91/100) -s9qJ7ATP7w_1 -> (W=12, D=768) 时长=4.79s
[2026-09-24 16:04:28] [INFO] [文本] (92/100) -s9qJ7ATP7w_0 -> (W=28, D=768) 时长=6.80s
[2026-09-24 16:04:29] [INFO] [文本] (93/100) -s9qJ7ATP7w_5 -> (W=20, D=768) 时长=8.56s
[2026-09-24 16:04:29] [INFO] [文本] (94/100) -s9qJ7ATP7w_4 -> (W=10, D=768) 时长=4.43s
[2026-09-24 16:04:29] [INFO] [文本] (95/100) -s9qJ7ATP7w_7 -> (W=35, D=768) 时长=6.97s
[2026-09-24 16:04:29] [INFO] [文本] (96/100) -s9qJ7ATP7w_6 -> (W=5, D=768) 时长=2.48s
[2026-09-24 16:04:29] [INFO] [文本] (97/100) -s9qJ7ATP7w_8 -> (W=17, D=768) 时长=3.29s
[2026-09-24 16:04:30] [INFO] [文本] (98/100) -yRb-Jum7EQ_1 -> (W=55, D=768) 时长=29.29s
[2026-09-24 16:04:30] [INFO] [文本] (99/100) -yRb-Jum7EQ_5 -> (W=29, D=768) 时长=13.17s
[2026-09-24 16:04:30] [INFO] [文本] (100/100) -yRb-Jum7EQ_6 -> (W=22, D=768) 时长=11.23s
[2026-09-24 16:04:30] [INFO] [文本] 完成：成功 100 / 跳过 0 / 失败 0（输出目录 D:\23届建模\data\unaligned_features\text）
[2026-09-24 16:04:45] [INFO] [数据] 已读取工作表 'label': 100 行
[2026-09-24 16:04:45] [INFO] [数据] 加载标注表: 100 条样本, 列名: ['video_id', 'clip_id', 'text', 'label', 'annotation']
[2026-09-24 16:04:45] [INFO] [对齐] 待处理样本 100 条；未对齐根目录 D:\23届建模\data\unaligned_features
[2026-09-24 16:04:45] [INFO] [对齐] (1/100) -3g5yACwYnA_13 时长=5.51s 槽宽=0.1103s | 有效槽 文本17/语音49/视觉50
[2026-09-24 16:04:45] [INFO] [对齐] (2/100) -3g5yACwYnA_3 时长=14.39s 槽宽=0.2878s | 有效槽 文本34/语音50/视觉50
[2026-09-24 16:04:46] [INFO] [对齐] (3/100) -3g5yACwYnA_2 时长=9.39s 槽宽=0.1879s | 有效槽 文本16/语音49/视觉50
[2026-09-24 16:04:46] [INFO] [对齐] (4/100) -3g5yACwYnA_9 时长=8.82s 槽宽=0.1763s | 有效槽 文本28/语音50/视觉50
[2026-09-24 16:04:46] [INFO] [对齐] (5/100) -3nNcZdcdvU_5 时长=7.87s 槽宽=0.1574s | 有效槽 文本19/语音50/视觉50
[2026-09-24 16:04:46] [INFO] [对齐] (6/100) -HwX2H8Z4hY_2 时长=3.98s 槽宽=0.0796s | 有效槽 文本11/语音49/视觉50
[2026-09-24 16:04:46] [INFO] [对齐] (7/100) -HwX2H8Z4hY_5 时长=5.65s 槽宽=0.1131s | 有效槽 文本10/语音49/视觉50
[2026-09-24 16:04:46] [INFO] [对齐] (8/100) -HwX2H8Z4hY_6 时长=3.36s 槽宽=0.0672s | 有效槽 文本8/语音49/视觉49
[2026-09-24 16:04:46] [INFO] [对齐] (9/100) -HwX2H8Z4hY_9 时长=7.73s 槽宽=0.1547s | 有效槽 文本23/语音50/视觉50
[2026-09-24 16:04:46] [INFO] [对齐] (10/100) -NFrJFQijFE_1 时长=5.75s 槽宽=0.1149s | 有效槽 文本16/语音50/视觉50
[2026-09-24 16:04:46] [INFO] [对齐] (11/100) -NFrJFQijFE_2 时长=6.86s 槽宽=0.1371s | 有效槽 文本18/语音49/视觉50
[2026-09-24 16:04:46] [INFO] [对齐] (12/100) -THoVjtIkeU_12 时长=14.90s 槽宽=0.2979s | 有效槽 文本42/语音50/视觉50
[2026-09-24 16:04:46] [INFO] [对齐] (13/100) -THoVjtIkeU_2 时长=4.29s 槽宽=0.0858s | 有效槽 文本11/语音49/视觉49
[2026-09-24 16:04:46] [INFO] [对齐] (14/100) -THoVjtIkeU_6 时长=8.10s 槽宽=0.1619s | 有效槽 文本32/语音50/视觉50
[2026-09-24 16:04:46] [INFO] [对齐] (15/100) -UuX1xuaiiE_1 时长=10.35s 槽宽=0.2070s | 有效槽 文本32/语音50/视觉50
[2026-09-24 16:04:46] [INFO] [对齐] (16/100) -UuX1xuaiiE_0 时长=3.63s 槽宽=0.0727s | 有效槽 文本11/语音49/视觉50
[2026-09-24 16:04:46] [INFO] [对齐] (17/100) -UuX1xuaiiE_3 时长=4.13s 槽宽=0.0826s | 有效槽 文本9/语音49/视觉50
[2026-09-24 16:04:46] [INFO] [对齐] (18/100) -UuX1xuaiiE_6 时长=8.11s 槽宽=0.1623s | 有效槽 文本23/语音49/视觉50
[2026-09-24 16:04:46] [INFO] [对齐] (19/100) -a55Q6RWvTA_3 时长=22.15s 槽宽=0.4431s | 有效槽 文本50/语音50/视觉50
[2026-09-24 16:04:46] [INFO] [对齐] (20/100) -aNfi7CP8vM_7 时长=8.70s 槽宽=0.1739s | 有效槽 文本22/语音49/视觉50
[2026-09-24 16:04:46] [INFO] [对齐] (21/100) -aqamKhZ1Ec_0 时长=10.97s 槽宽=0.2193s | 有效槽 文本16/语音50/视觉50
[2026-09-24 16:04:46] [INFO] [对齐] (22/100) -dxfTGcXJoc_1 时长=16.16s 槽宽=0.3232s | 有效槽 文本41/语音50/视觉50
[2026-09-24 16:04:46] [INFO] [对齐] (23/100) -dxfTGcXJoc_0 时长=20.50s 槽宽=0.4100s | 有效槽 文本47/语音50/视觉50
[2026-09-24 16:04:46] [INFO] [对齐] (24/100) -dxfTGcXJoc_2 时长=16.70s 槽宽=0.3340s | 有效槽 文本39/语音50/视觉50
[2026-09-24 16:04:46] [INFO] [对齐] (25/100) -dxfTGcXJoc_6 时长=12.73s 槽宽=0.2547s | 有效槽 文本31/语音50/视觉50
[2026-09-24 16:04:46] [INFO] [对齐] (26/100) -egA8-b7-3M_26 时长=6.03s 槽宽=0.1206s | 有效槽 文本17/语音49/视觉50
[2026-09-24 16:04:46] [INFO] [对齐] (27/100) -egA8-b7-3M_17 时长=7.27s 槽宽=0.1454s | 有效槽 文本19/语音49/视觉50
[2026-09-24 16:04:46] [INFO] [对齐] (28/100) -egA8-b7-3M_18 时长=8.39s 槽宽=0.1677s | 有效槽 文本25/语音50/视觉50
[2026-09-24 16:04:46] [INFO] [对齐] (29/100) -egA8-b7-3M_16 时长=5.54s 槽宽=0.1108s | 有效槽 文本13/语音50/视觉50
[2026-09-24 16:04:46] [INFO] [对齐] (30/100) -egA8-b7-3M_13 时长=4.18s 槽宽=0.0837s | 有效槽 文本14/语音48/视觉50
[2026-09-24 16:04:46] [INFO] [对齐] (31/100) -egA8-b7-3M_1 时长=10.27s 槽宽=0.2053s | 有效槽 文本22/语音50/视觉50
[2026-09-24 16:04:46] [INFO] [对齐] (32/100) -egA8-b7-3M_6 时长=6.26s 槽宽=0.1253s | 有效槽 文本13/语音50/视觉50
[2026-09-24 16:04:46] [INFO] [对齐] (33/100) -egA8-b7-3M_9 时长=5.09s 槽宽=0.1018s | 有效槽 文本12/语音49/视觉50
[2026-09-24 16:04:46] [INFO] [对齐] (34/100) -egA8-b7-3M_20 时长=6.64s 槽宽=0.1329s | 有效槽 文本23/语音49/视觉50
[2026-09-24 16:04:46] [INFO] [对齐] (35/100) -iRBcNs9oI8_3 时长=5.62s 槽宽=0.1124s | 有效槽 文本9/语音49/视觉50
[2026-09-24 16:04:46] [INFO] [对齐] (36/100) -iRBcNs9oI8_7 时长=4.10s 槽宽=0.0821s | 有效槽 文本14/语音49/视觉49
[2026-09-24 16:04:46] [INFO] [对齐] (37/100) -iRBcNs9oI8_6 时长=2.90s 槽宽=0.0581s | 有效槽 文本5/语音49/视觉43
[2026-09-24 16:04:46] [INFO] [对齐] (38/100) -iRBcNs9oI8_9 时长=3.42s 槽宽=0.0683s | 有效槽 文本5/语音50/视觉49
[2026-09-24 16:04:46] [INFO] [对齐] (39/100) -iRBcNs9oI8_8 时长=8.09s 槽宽=0.1619s | 有效槽 文本25/语音50/视觉50
[2026-09-24 16:04:46] [INFO] [对齐] (40/100) -lzEya4AM_4_5 时长=7.67s 槽宽=0.1535s | 有效槽 文本21/语音50/视觉50
[2026-09-24 16:04:46] [INFO] [对齐] (41/100) -lzEya4AM_4_6 时长=14.79s 槽宽=0.2958s | 有效槽 文本46/语音50/视觉50
[2026-09-24 16:04:46] [INFO] [对齐] (42/100) -mJ2ud6oKI8_1 时长=6.10s 槽宽=0.1221s | 有效槽 文本13/语音50/视觉50
[2026-09-24 16:04:46] [INFO] [对齐] (43/100) -mJ2ud6oKI8_2 时长=5.73s 槽宽=0.1146s | 有效槽 文本11/语音50/视觉50
[2026-09-24 16:04:46] [INFO] [对齐] (44/100) -mJ2ud6oKI8_6 时长=2.26s 槽宽=0.0451s | 有效槽 文本5/语音45/视觉34
[2026-09-24 16:04:46] [INFO] [对齐] (45/100) -mJ2ud6oKI8_9 时长=7.03s 槽宽=0.1407s | 有效槽 文本25/语音50/视觉50
[2026-09-24 16:04:46] [INFO] [对齐] (46/100) -mJ2ud6oKI8_8 时长=4.19s 槽宽=0.0838s | 有效槽 文本11/语音50/视觉50
[2026-09-24 16:04:46] [INFO] [对齐] (47/100) -mqbVkbCndg_0 时长=6.47s 槽宽=0.1293s | 有效槽 文本17/语音50/视觉50
[2026-09-24 16:04:46] [INFO] [对齐] (48/100) -t217m2on-s_2 时长=5.69s 槽宽=0.1137s | 有效槽 文本14/语音50/视觉50
[2026-09-24 16:04:46] [INFO] [对齐] (49/100) -t217m2on-s_7 时长=17.18s 槽宽=0.3437s | 有效槽 文本50/语音50/视觉50
[2026-09-24 16:04:46] [INFO] [对齐] (50/100) -tANM6ETl_M_3 时长=6.76s 槽宽=0.1352s | 有效槽 文本27/语音49/视觉50
[2026-09-24 16:04:46] [INFO] [对齐] (51/100) -tPCytz4rww_11 时长=5.47s 槽宽=0.1093s | 有效槽 文本19/语音49/视觉50
[2026-09-24 16:04:46] [INFO] [对齐] (52/100) -tPCytz4rww_10 时长=4.79s 槽宽=0.0958s | 有效槽 文本14/语音49/视觉50
[2026-09-24 16:04:46] [INFO] [对齐] (53/100) -tPCytz4rww_12 时长=11.86s 槽宽=0.2373s | 有效槽 文本28/语音50/视觉50
[2026-09-24 16:04:46] [INFO] [对齐] (54/100) -tPCytz4rww_16 时长=7.21s 槽宽=0.1441s | 有效槽 文本17/语音50/视觉50
[2026-09-24 16:04:46] [INFO] [对齐] (55/100) -tPCytz4rww_18 时长=6.64s 槽宽=0.1329s | 有效槽 文本19/语音50/视觉50
[2026-09-24 16:04:46] [INFO] [对齐] (56/100) -vxjVxOeScU_4 时长=9.13s 槽宽=0.1825s | 有效槽 文本25/语音50/视觉50
[2026-09-24 16:04:47] [INFO] [对齐] (57/100) -wMB_hJL-3o_7 时长=6.04s 槽宽=0.1209s | 有效槽 文本23/语音50/视觉50
[2026-09-24 16:04:47] [INFO] [对齐] (58/100) -wny0OAz3g8_1 时长=6.84s 槽宽=0.1369s | 有效槽 文本26/语音50/视觉50
[2026-09-24 16:04:47] [INFO] [对齐] (59/100) -wny0OAz3g8_0 时长=3.33s 槽宽=0.0667s | 有效槽 文本10/语音49/视觉50
[2026-09-24 16:04:47] [INFO] [对齐] (60/100) -wny0OAz3g8_3 时长=6.15s 槽宽=0.1229s | 有效槽 文本20/语音50/视觉50
[2026-09-24 16:04:47] [INFO] [对齐] (61/100) -wny0OAz3g8_2 时长=6.69s 槽宽=0.1337s | 有效槽 文本27/语音49/视觉50
[2026-09-24 16:04:47] [INFO] [对齐] (62/100) -wny0OAz3g8_5 时长=6.91s 槽宽=0.1382s | 有效槽 文本22/语音49/视觉50
[2026-09-24 16:04:47] [INFO] [对齐] (63/100) -wny0OAz3g8_7 时长=8.07s 槽宽=0.1614s | 有效槽 文本29/语音49/视觉50
[2026-09-24 16:04:47] [INFO] [对齐] (64/100) -wny0OAz3g8_9 时长=6.21s 槽宽=0.1243s | 有效槽 文本22/语音49/视觉50
[2026-09-24 16:04:47] [INFO] [对齐] (65/100) -571d8cVauQ_0 时长=5.07s 槽宽=0.1013s | 有效槽 文本14/语音49/视觉50
[2026-09-24 16:04:47] [INFO] [对齐] (66/100) -571d8cVauQ_5 时长=15.27s 槽宽=0.3055s | 有效槽 文本50/语音50/视觉50
[2026-09-24 16:04:47] [INFO] [对齐] (67/100) -I_e4mIh0yE_1 时长=7.62s 槽宽=0.1524s | 有效槽 文本20/语音49/视觉50
[2026-09-24 16:04:47] [INFO] [对齐] (68/100) -I_e4mIh0yE_3 时长=9.16s 槽宽=0.1833s | 有效槽 文本27/语音49/视觉50
[2026-09-24 16:04:47] [INFO] [对齐] (69/100) -UacrmKiTn4_10 时长=7.36s 槽宽=0.1472s | 有效槽 文本21/语音49/视觉50
[2026-09-24 16:04:47] [INFO] [对齐] (70/100) -UacrmKiTn4_4 时长=4.74s 槽宽=0.0948s | 有效槽 文本15/语音50/视觉50
[2026-09-24 16:04:47] [INFO] [对齐] (71/100) -hnBHBN8p5A_7 时长=7.37s 槽宽=0.1474s | 有效槽 文本16/语音50/视觉50
[2026-09-24 16:04:47] [INFO] [对齐] (72/100) -hnBHBN8p5A_6 时长=6.40s 槽宽=0.1280s | 有效槽 文本14/语音50/视觉50
[2026-09-24 16:04:47] [INFO] [对齐] (73/100) -qDkUB0GgYY_6 时长=4.68s 槽宽=0.0936s | 有效槽 文本18/语音50/视觉50
[2026-09-24 16:04:47] [INFO] [对齐] (74/100) -uywlfIYOS8_4 时长=6.04s 槽宽=0.1209s | 有效槽 文本21/语音49/视觉50
[2026-09-24 16:04:47] [INFO] [对齐] (75/100) -6rXp3zJ3kc_8 时长=12.80s 槽宽=0.2561s | 有效槽 文本36/语音50/视觉50
[2026-09-24 16:04:47] [INFO] [对齐] (76/100) -9y-fZ3swSY_0 时长=6.83s 槽宽=0.1367s | 有效槽 文本27/语音50/视觉50
[2026-09-24 16:04:47] [INFO] [对齐] (77/100) -9y-fZ3swSY_4 时长=2.82s 槽宽=0.0564s | 有效槽 文本10/语音47/视觉41
[2026-09-24 16:04:47] [INFO] [对齐] (78/100) -9y-fZ3swSY_8 时长=4.99s 槽宽=0.0998s | 有效槽 文本13/语音50/视觉50
[2026-09-24 16:04:47] [INFO] [对齐] (79/100) -AUZQgSxyPQ_2 时长=22.51s 槽宽=0.4502s | 有效槽 文本46/语音50/视觉50
[2026-09-24 16:04:47] [INFO] [对齐] (80/100) -HeZS2-Prhc_2 时长=8.26s 槽宽=0.1652s | 有效槽 文本17/语音50/视觉50
[2026-09-24 16:04:47] [INFO] [对齐] (81/100) -MeTTeMJBNc_0 时长=9.30s 槽宽=0.1860s | 有效槽 文本25/语音50/视觉50
[2026-09-24 16:04:47] [INFO] [对齐] (82/100) -MeTTeMJBNc_13 时长=5.43s 槽宽=0.1086s | 有效槽 文本16/语音49/视觉49
[2026-09-24 16:04:47] [INFO] [对齐] (83/100) -MeTTeMJBNc_7 时长=10.52s 槽宽=0.2103s | 有效槽 文本33/语音50/视觉50
[2026-09-24 16:04:47] [INFO] [对齐] (84/100) -RfYyzHpjk4_11 时长=5.24s 槽宽=0.1048s | 有效槽 文本19/语音49/视觉50
[2026-09-24 16:04:47] [INFO] [对齐] (85/100) -RfYyzHpjk4_8 时长=4.59s 槽宽=0.0918s | 有效槽 文本20/语音50/视觉50
[2026-09-24 16:04:47] [INFO] [对齐] (86/100) -RfYyzHpjk4_2 时长=5.52s 槽宽=0.1103s | 有效槽 文本28/语音49/视觉50
[2026-09-24 16:04:47] [INFO] [对齐] (87/100) -UUCSKoHeMA_0 时长=7.80s 槽宽=0.1560s | 有效槽 文本21/语音50/视觉50
[2026-09-24 16:04:47] [INFO] [对齐] (88/100) -ri04Z7vwnc_0 时长=2.81s 槽宽=0.0561s | 有效槽 文本8/语音49/视觉38
[2026-09-24 16:04:47] [INFO] [对齐] (89/100) -ri04Z7vwnc_2 时长=6.03s 槽宽=0.1205s | 有效槽 文本22/语音49/视觉50
[2026-09-24 16:04:47] [INFO] [对齐] (90/100) -ri04Z7vwnc_5 时长=3.54s 槽宽=0.0709s | 有效槽 文本10/语音48/视觉43
[2026-09-24 16:04:47] [INFO] [对齐] (91/100) -s9qJ7ATP7w_1 时长=4.79s 槽宽=0.0958s | 有效槽 文本12/语音48/视觉49
[2026-09-24 16:04:47] [INFO] [对齐] (92/100) -s9qJ7ATP7w_0 时长=6.80s 槽宽=0.1360s | 有效槽 文本28/语音50/视觉50
[2026-09-24 16:04:47] [INFO] [对齐] (93/100) -s9qJ7ATP7w_5 时长=8.56s 槽宽=0.1712s | 有效槽 文本20/语音49/视觉50
[2026-09-24 16:04:47] [INFO] [对齐] (94/100) -s9qJ7ATP7w_4 时长=4.43s 槽宽=0.0885s | 有效槽 文本10/语音48/视觉49
[2026-09-24 16:04:47] [INFO] [对齐] (95/100) -s9qJ7ATP7w_7 时长=6.97s 槽宽=0.1393s | 有效槽 文本35/语音49/视觉50
[2026-09-24 16:04:47] [INFO] [对齐] (96/100) -s9qJ7ATP7w_6 时长=2.48s 槽宽=0.0495s | 有效槽 文本5/语音47/视觉36
[2026-09-24 16:04:47] [INFO] [对齐] (97/100) -s9qJ7ATP7w_8 时长=3.29s 槽宽=0.0659s | 有效槽 文本17/语音48/视觉49
[2026-09-24 16:04:47] [INFO] [对齐] (98/100) -yRb-Jum7EQ_1 时长=29.29s 槽宽=0.5858s | 有效槽 文本50/语音50/视觉50
[2026-09-24 16:04:47] [INFO] [对齐] (99/100) -yRb-Jum7EQ_5 时长=13.17s 槽宽=0.2634s | 有效槽 文本29/语音50/视觉50
[2026-09-24 16:04:47] [INFO] [对齐] (100/100) -yRb-Jum7EQ_6 时长=11.23s 槽宽=0.2245s | 有效槽 文本22/语音50/视觉50
[2026-09-24 16:04:47] [INFO] [对齐] 汇总输出 ...
[2026-09-24 16:04:48] [INFO] [对齐]   D:\23届建模\data\aligned\aligned_50.npz
[2026-09-24 16:08:23] [INFO] [数据] 已读取工作表 'label': 100 行
[2026-09-24 16:08:23] [INFO] [数据] 加载标注表: 100 条样本, 列名: ['video_id', 'clip_id', 'text', 'label', 'annotation']
[2026-09-24 16:08:32] [INFO] [数据] 已读取工作表 'label': 100 行
[2026-09-24 16:08:32] [INFO] [数据] 加载标注表: 100 条样本, 列名: ['video_id', 'clip_id', 'text', 'label', 'annotation']
[2026-09-24 16:08:32] [INFO] [核验] 样本 100 条，开始 12 项机器检查 ...
[2026-09-24 16:08:32] [INFO] [数据] 已读取工作表 'label': 100 行
[2026-09-24 16:08:32] [INFO] [数据] 加载标注表: 100 条样本, 列名: ['video_id', 'clip_id', 'text', 'label', 'annotation']
[2026-09-24 16:09:10] [INFO] [数据] 已读取工作表 'label': 100 行
[2026-09-24 16:09:10] [INFO] [数据] 加载标注表: 100 条样本, 列名: ['video_id', 'clip_id', 'text', 'label', 'annotation']
[2026-09-24 16:09:10] [INFO] [核验] 样本 100 条，开始 12 项机器检查 ...
[2026-09-24 16:09:10] [INFO] [数据] 已读取工作表 'label': 100 行
[2026-09-24 16:09:10] [INFO] [数据] 加载标注表: 100 条样本, 列名: ['video_id', 'clip_id', 'text', 'label', 'annotation']
[2026-09-24 16:09:39] [INFO] [数据] 已读取工作表 'label': 100 行
[2026-09-24 16:09:39] [INFO] [数据] 加载标注表: 100 条样本, 列名: ['video_id', 'clip_id', 'text', 'label', 'annotation']
[2026-09-24 16:09:39] [INFO] [核验] 样本 100 条，开始 12 项机器检查 ...
[2026-09-24 16:09:39] [INFO] [数据] 已读取工作表 'label': 100 行
[2026-09-24 16:09:39] [INFO] [数据] 加载标注表: 100 条样本, 列名: ['video_id', 'clip_id', 'text', 'label', 'annotation']
[2026-09-24 16:09:54] [INFO] [核验] V1   覆盖完整性（双向集合相等）                            通过（检查 100，失败 0）
[2026-09-24 16:09:54] [INFO] [核验] V2   词区间单调且不越出视频范围                            通过（检查 900，失败 0）
[2026-09-24 16:09:54] [INFO] [核验] V3   序列长度与词索引一致                               通过（检查 1403，失败 0）
[2026-09-24 16:09:54] [INFO] [核验] V4   每个音视频聚合值都能找到来源帧                          通过（检查 12626，失败 0）
[2026-09-24 16:09:54] [INFO] [核验] V5   槽几何与可逆映射                                 通过（检查 300，失败 0）
[2026-09-24 16:09:54] [INFO] [核验] V6   填充规则一致性                                  通过（检查 401，失败 0）
[2026-09-24 16:09:54] [INFO] [核验] V7   数值合规（无 NaN/Inf，dtype 正确）                 通过（检查 1200，失败 0）
[2026-09-24 16:09:54] [INFO] [核验] V8   时长口径交叉核对（外部 ffprobe）                     通过（检查 100，失败 0）
[2026-09-24 16:09:54] [INFO] [核验] V9   预训练权重真实性（掩码补全，外部证据）                      通过（检查 0，失败 0）
[2026-09-24 16:09:54] [INFO] [核验] V10  跨样本重复检测                                  通过（检查 300，失败 0）
[2026-09-24 16:09:54] [INFO] [核验] V11  产物新鲜度（对齐晚于特征）                            通过（检查 4，失败 0）
[2026-09-24 16:09:54] [INFO] [核验] V12  异常普查（仅用于标注，不用于删除）                        通过（检查 100，失败 0）
[2026-09-24 16:09:54] [INFO] [核验] 结论：全部通过（12/12 项通过）。报告 D:\23届建模\data\q1_delivery\verify_report.json / D:\23届建模\data\q1_delivery\verify_report.md
[2026-09-24 16:10:49] [INFO] [数据] 已读取工作表 'label': 100 行
[2026-09-24 16:10:49] [INFO] [数据] 加载标注表: 100 条样本, 列名: ['video_id', 'clip_id', 'text', 'label', 'annotation']
[2026-09-24 16:10:49] [INFO] [恢复] 从 100 个单样本对齐文件重建 results
[2026-09-24 16:10:49] [WARNING] [恢复] slot_time_map.csv 被外部程序占用，跳过（请关闭后重跑本脚本）：[Errno 13] Permission denied: 'D:\\23届建模\\data\\aligned\\slot_time_map.csv'
[2026-09-24 16:10:49] [INFO] [恢复] 写出 D:\23届建模\data\aligned\align_summary.csv
[2026-09-24 16:10:49] [INFO] [恢复] 完成 ['align_summary.csv']；被占用 ['slot_time_map.csv']
[2026-09-24 16:11:02] [INFO] [数据] 已读取工作表 'label': 100 行
[2026-09-24 16:11:02] [INFO] [数据] 加载标注表: 100 条样本, 列名: ['video_id', 'clip_id', 'text', 'label', 'annotation']
[2026-09-24 16:11:02] [INFO] [核验] 样本 100 条，开始 12 项机器检查 ...
[2026-09-24 16:11:02] [INFO] [数据] 已读取工作表 'label': 100 行
[2026-09-24 16:11:02] [INFO] [数据] 加载标注表: 100 条样本, 列名: ['video_id', 'clip_id', 'text', 'label', 'annotation']
[2026-09-24 16:12:02] [INFO] [核验] V1   覆盖完整性（双向集合相等）                            通过（检查 100，失败 0）
[2026-09-24 16:12:02] [INFO] [核验] V2   词区间单调且不越出视频范围                            通过（检查 900，失败 0）
[2026-09-24 16:12:02] [INFO] [核验] V3   序列长度与词索引一致                               通过（检查 1403，失败 0）
[2026-09-24 16:12:02] [INFO] [核验] V4   每个音视频聚合值都能找到来源帧                          通过（检查 12626，失败 0）
[2026-09-24 16:12:02] [INFO] [核验] V5   槽几何与可逆映射                                 通过（检查 300，失败 0）
[2026-09-24 16:12:02] [INFO] [核验] V6   填充规则一致性                                  通过（检查 401，失败 0）
[2026-09-24 16:12:02] [INFO] [核验] V7   数值合规（无 NaN/Inf，dtype 正确）                 通过（检查 1200，失败 0）
[2026-09-24 16:12:02] [INFO] [核验] V8   时长口径交叉核对（外部 ffprobe）                     通过（检查 100，失败 0）
[2026-09-24 16:12:02] [INFO] [核验] V9   预训练权重真实性（掩码补全，外部证据）                      通过（检查 2，失败 0）
[2026-09-24 16:12:02] [INFO] [核验] V10  跨样本重复检测                                  通过（检查 300，失败 0）
[2026-09-24 16:12:02] [INFO] [核验] V11  产物新鲜度（对齐晚于特征）                            通过（检查 4，失败 0）
[2026-09-24 16:12:02] [INFO] [核验] V12  异常普查（仅用于标注，不用于删除）                        通过（检查 100，失败 0）
[2026-09-24 16:13:07] [INFO] [数据] 已读取工作表 'label': 100 行
[2026-09-24 16:13:07] [INFO] [数据] 加载标注表: 100 条样本, 列名: ['video_id', 'clip_id', 'text', 'label', 'annotation']
[2026-09-24 16:13:07] [INFO] [核验] 样本 100 条，开始 12 项机器检查 ...
[2026-09-24 16:13:07] [INFO] [数据] 已读取工作表 'label': 100 行
[2026-09-24 16:13:07] [INFO] [数据] 加载标注表: 100 条样本, 列名: ['video_id', 'clip_id', 'text', 'label', 'annotation']
[2026-09-24 16:13:37] [INFO] [核验] V1   覆盖完整性（双向集合相等）                            通过（检查 100，失败 0）
[2026-09-24 16:13:37] [INFO] [核验] V2   词区间单调且不越出视频范围                            通过（检查 900，失败 0）
[2026-09-24 16:13:37] [INFO] [核验] V3   序列长度与词索引一致                               通过（检查 1403，失败 0）
[2026-09-24 16:13:37] [INFO] [核验] V4   每个音视频聚合值都能找到来源帧                          通过（检查 12626，失败 0）
[2026-09-24 16:13:37] [INFO] [核验] V5   槽几何与可逆映射                                 通过（检查 300，失败 0）
[2026-09-24 16:13:37] [INFO] [核验] V6   填充规则一致性                                  通过（检查 401，失败 0）
[2026-09-24 16:13:37] [INFO] [核验] V7   数值合规（无 NaN/Inf，dtype 正确）                 通过（检查 1200，失败 0）
[2026-09-24 16:13:37] [INFO] [核验] V8   时长口径交叉核对（外部 ffprobe）                     通过（检查 100，失败 0）
[2026-09-24 16:13:37] [INFO] [核验] V9   预训练权重真实性（掩码补全，外部证据）                      通过（检查 2，失败 0）
[2026-09-24 16:13:37] [INFO] [核验] V10  跨样本重复检测                                  通过（检查 300，失败 0）
[2026-09-24 16:13:37] [INFO] [核验] V11  产物新鲜度（对齐晚于特征）                            通过（检查 4，失败 0）
[2026-09-24 16:13:37] [INFO] [核验] V12  异常普查（仅用于标注，不用于删除）                        通过（检查 100，失败 0）
[2026-09-24 16:13:37] [INFO] [核验] 结论：全部通过（12/12 项通过）。报告 D:\23届建模\data\q1_delivery\verify_report.json / D:\23届建模\data\q1_delivery\verify_report.md
[2026-09-24 16:16:51] [INFO] [数据] 已读取工作表 'label': 100 行
[2026-09-24 16:16:51] [INFO] [数据] 加载标注表: 100 条样本, 列名: ['video_id', 'clip_id', 'text', 'label', 'annotation']
[2026-09-24 16:16:51] [INFO] [交付] features_q1 text    拼接完成 (Σ=2191, D=768, float32)
[2026-09-24 16:16:52] [INFO] [交付] features_q1 audio   拼接完成 (Σ=15588, D=74, float32)
[2026-09-24 16:16:52] [INFO] [交付] features_q1 vision  拼接完成 (Σ=11790, D=35, float32)
[2026-09-24 16:16:53] [INFO] [交付] 写出 D:\23届建模\data\q1_delivery\features_q1.npz（11.63 MB）
[2026-09-24 16:16:59] [INFO] [数据] 已读取工作表 'label': 100 行
[2026-09-24 16:16:59] [INFO] [数据] 加载标注表: 100 条样本, 列名: ['video_id', 'clip_id', 'text', 'label', 'annotation']
[2026-09-24 16:17:01] [INFO] [交付] 写出 anomaly_ledger.csv（150 行，14 类异常）
[2026-09-24 16:17:01] [INFO] [交付] features_q1 text    拼接完成 (Σ=2191, D=768, float32)
[2026-09-24 16:17:01] [INFO] [交付] features_q1 audio   拼接完成 (Σ=15588, D=74, float32)
[2026-09-24 16:17:01] [INFO] [交付] features_q1 vision  拼接完成 (Σ=11790, D=35, float32)
[2026-09-24 16:17:02] [INFO] [交付] 写出 D:\23届建模\data\q1_delivery\features_q1.npz（11.63 MB）
[2026-09-24 16:17:16] [INFO] [数据] 已读取工作表 'label': 100 行
[2026-09-24 16:17:16] [INFO] [数据] 加载标注表: 100 条样本, 列名: ['video_id', 'clip_id', 'text', 'label', 'annotation']
[2026-09-24 16:17:17] [INFO] [交付] 写出 anomaly_ledger.csv（150 行，14 类异常）
[2026-09-24 16:17:17] [INFO] [交付] features_q1 text    拼接完成 (Σ=2191, D=768, float32)
[2026-09-24 16:17:17] [INFO] [交付] features_q1 audio   拼接完成 (Σ=15588, D=74, float32)
[2026-09-24 16:17:17] [INFO] [交付] features_q1 vision  拼接完成 (Σ=11790, D=35, float32)
[2026-09-24 16:17:18] [INFO] [交付] 写出 D:\23届建模\data\q1_delivery\features_q1.npz（11.63 MB）
[2026-09-24 16:17:19] [INFO] [交付] 写出 D:\23届建模\data\q1_delivery\alignment_q1.json（0.76 MB）
[2026-09-24 16:17:20] [INFO] [交付] 写出 D:\23届建模\data\q1_delivery\summary_q1.csv（100 行）
[2026-09-24 16:17:26] [INFO] [交付] 写出 D:\23届建模\data\q1_delivery\extract_config.json（9.1 KB）
[2026-09-24 16:17:27] [INFO] [交付] 写出 D:\23届建模\data\q1_delivery\size_budget.csv
[2026-09-24 16:17:27] [INFO] [交付]   anomaly_ledger.csv                                   0.032 MB
[2026-09-24 16:17:27] [INFO] [交付]   features_q1.npz                                      11.635 MB
[2026-09-24 16:17:27] [INFO] [交付]   alignment_q1.json                                    0.758 MB
[2026-09-24 16:17:27] [INFO] [交付]   summary_q1.csv                                       0.043 MB
[2026-09-24 16:17:27] [INFO] [交付]   extract_config.json                                  0.009 MB
[2026-09-24 16:17:27] [INFO] [交付]   size_budget.csv                                      0.001 MB
[2026-09-24 16:17:27] [INFO] [交付] 交付物合计 12.48 MB / 上限 52 MB，余量 39.95 MB
[2026-09-24 16:17:27] [INFO] [交付] 完成：6 个交付物，合计 12.48 MB
[2026-09-24 16:19:21] [INFO] [数据] 已读取工作表 'label': 100 行
[2026-09-24 16:19:21] [INFO] [数据] 加载标注表: 100 条样本, 列名: ['video_id', 'clip_id', 'text', 'label', 'annotation']
[2026-09-24 16:19:33] [INFO] [数据] 已读取工作表 'label': 100 行
[2026-09-24 16:19:33] [INFO] [数据] 加载标注表: 100 条样本, 列名: ['video_id', 'clip_id', 'text', 'label', 'annotation']
[2026-09-24 16:19:46] [INFO] [数据] 已读取工作表 'label': 100 行
[2026-09-24 16:19:46] [INFO] [数据] 加载标注表: 100 条样本, 列名: ['video_id', 'clip_id', 'text', 'label', 'annotation']
[2026-09-24 16:21:06] [INFO] [数据] 已读取工作表 'label': 100 行
[2026-09-24 16:21:06] [INFO] [数据] 加载标注表: 100 条样本, 列名: ['video_id', 'clip_id', 'text', 'label', 'annotation']
[2026-09-24 16:21:06] [INFO] [探测] 样本 1 条；抽样时刻 ['0.15T', '0.50T', '0.85T']；逐样本墙钟超时 180 s
[2026-09-24 16:21:13] [INFO] [探测] (1/1) -3g5yACwYnA_13 → OK 脸数=1;1;1 最大框面积比=0.086955（7.2 s，累计 1/1 条）
[2026-09-24 16:21:13] [INFO] [探测] 完成：新增 1 / 跳过 0；不可用 0 条（已如实记状态码，未剔除样本）
[2026-09-24 16:21:13] [INFO] [探测] 写出 D:\23届建模\data\q1_delivery\face_probe.csv（1 行）与 D:\23届建模\data\q1_delivery\face_probe_frames.csv（3 行）
[2026-09-24 16:21:25] [INFO] [数据] 已读取工作表 'label': 100 行
[2026-09-24 16:21:25] [INFO] [数据] 加载标注表: 100 条样本, 列名: ['video_id', 'clip_id', 'text', 'label', 'annotation']
[2026-09-24 16:21:25] [INFO] [探测] 样本 100 条；抽样时刻 ['0.15T', '0.50T', '0.85T']；逐样本墙钟超时 180 s
[2026-09-24 16:21:25] [INFO] [探测] 已有结果 1 条，默认跳过（--overwrite 可全部重探）
[2026-09-24 16:21:32] [INFO] [探测] (2/100) -3g5yACwYnA_3 → OK 脸数=1;1;1 最大框面积比=0.088753（7.2 s，累计 2/100 条）
[2026-09-24 16:21:39] [INFO] [探测] (3/100) -3g5yACwYnA_2 → OK 脸数=1;1;1 最大框面积比=0.089534（7.2 s，累计 3/100 条）
[2026-09-24 16:21:46] [INFO] [探测] (4/100) -3g5yACwYnA_9 → OK 脸数=1;1;1 最大框面积比=0.090627（7.3 s，累计 4/100 条）
[2026-09-24 16:21:53] [INFO] [探测] (5/100) -3nNcZdcdvU_5 → OK 脸数=1;1;1 最大框面积比=0.051236（6.5 s，累计 5/100 条）
[2026-09-24 16:22:00] [INFO] [探测] (6/100) -HwX2H8Z4hY_2 → OK 脸数=2;2;1 最大框面积比=0.157062（7.2 s，累计 6/100 条）
[2026-09-24 16:22:07] [INFO] [探测] (7/100) -HwX2H8Z4hY_5 → OK 脸数=1;1;1 最大框面积比=0.220941（7.1 s，累计 7/100 条）
[2026-09-24 16:22:14] [INFO] [探测] (8/100) -HwX2H8Z4hY_6 → OK 脸数=1;1;1 最大框面积比=0.266258（7.1 s，累计 8/100 条）
[2026-09-24 16:22:21] [INFO] [探测] (9/100) -HwX2H8Z4hY_9 → OK 脸数=0;1;0 最大框面积比=0.013767（7.1 s，累计 9/100 条）
[2026-09-24 16:22:28] [INFO] [探测] (10/100) -NFrJFQijFE_1 → OK 脸数=0;0;0 最大框面积比=0.0（7.0 s，累计 10/100 条）
[2026-09-24 16:22:35] [INFO] [探测] (11/100) -NFrJFQijFE_2 → OK 脸数=1;0;0 最大框面积比=0.001585（6.9 s，累计 11/100 条）
[2026-09-24 16:22:42] [INFO] [探测] (12/100) -THoVjtIkeU_12 → OK 脸数=1;1;1 最大框面积比=0.110266（6.8 s，累计 12/100 条）
[2026-09-24 16:22:49] [INFO] [探测] (13/100) -THoVjtIkeU_2 → OK 脸数=1;1;1 最大框面积比=0.127475（6.7 s，累计 13/100 条）
[2026-09-24 16:22:56] [INFO] [探测] (14/100) -THoVjtIkeU_6 → OK 脸数=1;1;1 最大框面积比=0.099828（6.7 s，累计 14/100 条）
[2026-09-24 16:23:04] [INFO] [探测] (15/100) -UuX1xuaiiE_1 → OK 脸数=4;8;9 最大框面积比=0.013234（8.0 s，累计 15/100 条）
[2026-09-24 16:23:11] [INFO] [探测] (16/100) -UuX1xuaiiE_0 → OK 脸数=1;4;4 最大框面积比=0.050775（7.4 s，累计 16/100 条）
[2026-09-24 16:23:18] [INFO] [探测] (17/100) -UuX1xuaiiE_3 → OK 脸数=1;1;1 最大框面积比=0.072275（7.2 s，累计 17/100 条）
[2026-09-24 16:23:26] [INFO] [探测] (18/100) -UuX1xuaiiE_6 → OK 脸数=1;1;1 最大框面积比=0.101647（7.6 s，累计 18/100 条）
[2026-09-24 16:23:32] [INFO] [探测] (19/100) -a55Q6RWvTA_3 → OK 脸数=1;1;1 最大框面积比=0.028165（6.7 s，累计 19/100 条）
[2026-09-24 16:23:39] [INFO] [探测] (20/100) -aNfi7CP8vM_7 → OK 脸数=1;1;1 最大框面积比=0.061309（6.6 s，累计 20/100 条）
[2026-09-24 16:23:46] [INFO] [探测] (21/100) -aqamKhZ1Ec_0 → OK 脸数=1;1;1 最大框面积比=0.090314（6.9 s，累计 21/100 条）
[2026-09-24 16:23:52] [INFO] [探测] (22/100) -dxfTGcXJoc_1 → OK 脸数=1;1;1 最大框面积比=0.048834（6.5 s，累计 22/100 条）
[2026-09-24 16:23:59] [INFO] [探测] (23/100) -dxfTGcXJoc_0 → OK 脸数=0;1;1 最大框面积比=0.047471（6.5 s，累计 23/100 条）
[2026-09-24 16:24:05] [INFO] [探测] (24/100) -dxfTGcXJoc_2 → OK 脸数=1;1;1 最大框面积比=0.095444（6.5 s，累计 24/100 条）
[2026-09-24 16:24:12] [INFO] ========================================================================
[2026-09-24 16:24:12] [INFO] 情感判定建模启动：模态=('text', 'audio', 'vision')，回归=ridge，分类=logreg，seed=42
[2026-09-24 16:24:12] [INFO] ========================================================================
[2026-09-24 16:24:12] [INFO] [探测] (25/100) -dxfTGcXJoc_6 → OK 脸数=1;1;1 最大框面积比=0.056413（6.7 s，累计 25/100 条）
[2026-09-24 16:24:13] [INFO] [数据] 已读取工作表 'label': 100 行
[2026-09-24 16:24:13] [INFO] [数据] 加载标注表: 100 条样本, 列名: ['video_id', 'clip_id', 'text', 'label', 'annotation']
[2026-09-24 16:24:13] [INFO] [装配] 监督标签：100 条，label 范围 [-2.000, 2.667]，状态分布 {'Positive': np.int64(57), 'Neutral': np.int64(25), 'Negative': np.int64(18)}
[2026-09-24 16:24:13] [INFO] [装配] 模态 text   → 768 维（仅均值 池化）
[2026-09-24 16:24:13] [INFO] [装配] 模态 audio  → 148 维（均值+std 池化）
[2026-09-24 16:24:13] [INFO] [装配] 模态 vision → 70 维（均值+std 池化）
[2026-09-24 16:24:13] [INFO] [可用性] 视觉不可用（face_ratio<0.50）6 条；其中特征全零 2 条
[2026-09-24 16:24:13] [INFO] [可用性] 其中 4 条为「低人脸率但特征非零」（插值借用），已保留其原始特征不做丢弃：['-HwX2H8Z4hY_9', '-NFrJFQijFE_1', '-NFrJFQijFE_2', '-ri04Z7vwnc_2']
[2026-09-24 16:24:13] [INFO] [装配] 自检通过：100 条样本 / 986 维 / 37 组 / 无 NaN
[2026-09-24 16:24:13] [INFO] [装配] 设计矩阵 X(100, 986)，37 个视频分组，状态分布 {'Positive': 57, 'Neutral': 25, 'Negative': 18}
[2026-09-24 16:24:15] [INFO] [划分] 5 折，测试折大小 [18, 19, 19, 24, 20]
[2026-09-24 16:24:15] [INFO] [划分] 折1 n=18 分布={1: 10, 0: 5, -1: 3} 多数类基线=0.556
[2026-09-24 16:24:15] [INFO] [划分] 折2 n=19 分布={1: 11, 0: 5, -1: 3} 多数类基线=0.579
[2026-09-24 16:24:15] [INFO] [划分] 折3 n=19 分布={1: 12, 0: 4, -1: 3} 多数类基线=0.632
[2026-09-24 16:24:15] [INFO] [划分] 折4 n=24 分布={1: 13, 0: 6, -1: 5} 多数类基线=0.542
[2026-09-24 16:24:15] [INFO] [划分] 折5 n=20 分布={1: 11, 0: 5, -1: 4} 多数类基线=0.550
[2026-09-24 16:24:16] [INFO] [CV] ridge 折1: 超参={'alpha': 1000.0}  该折 acc=0.611 macroF1=0.414
[2026-09-24 16:24:16] [INFO] [CV] ridge 折2: 超参={'alpha': 1000.0}  该折 acc=0.632 macroF1=0.383
[2026-09-24 16:24:16] [INFO] [CV] ridge 折3: 超参={'alpha': 10000.0}  该折 acc=0.632 macroF1=0.258
[2026-09-24 16:24:16] [INFO] [CV] ridge 折4: 超参={'alpha': 1000.0}  该折 acc=0.583 macroF1=0.338
[2026-09-24 16:24:16] [INFO] [CV] ridge 折5: 超参={'alpha': 1000.0}  该折 acc=0.550 macroF1=0.237
[2026-09-24 16:24:16] [INFO] [CV] enet 折1: 超参={'alpha': 0.05, 'l1_ratio': 0.5}  该折 acc=0.556 macroF1=0.413
[2026-09-24 16:24:17] [INFO] [CV] enet 折2: 超参={'alpha': 0.4, 'l1_ratio': 0.2}  该折 acc=0.632 macroF1=0.420
[2026-09-24 16:24:17] [INFO] [CV] enet 折3: 超参={'alpha': 0.4, 'l1_ratio': 0.5}  该折 acc=0.632 macroF1=0.258
[2026-09-24 16:24:18] [INFO] [CV] enet 折4: 超参={'alpha': 0.2, 'l1_ratio': 0.8}  该折 acc=0.458 macroF1=0.216
[2026-09-24 16:24:18] [INFO] [CV] enet 折5: 超参={'alpha': 0.4, 'l1_ratio': 0.2}  该折 acc=0.550 macroF1=0.333
[2026-09-24 16:24:20] [INFO] [探测] (26/100) -egA8-b7-3M_26 → OK 脸数=2;2;2 最大框面积比=0.056884（7.9 s，累计 26/100 条）
[2026-09-24 16:24:23] [INFO] [CV] mlp 折1: 超参={'alpha': 10.0}  该折 acc=0.556 macroF1=0.415
[2026-09-24 16:24:29] [INFO] [探测] (27/100) -egA8-b7-3M_17 → OK 脸数=1;1;1 最大框面积比=0.063941（8.4 s，累计 27/100 条）
[2026-09-24 16:24:29] [INFO] [CV] mlp 折2: 超参={'alpha': 10.0}  该折 acc=0.579 macroF1=0.407
[2026-09-24 16:24:33] [INFO] [CV] mlp 折3: 超参={'alpha': 10.0}  该折 acc=0.684 macroF1=0.462
[2026-09-24 16:24:37] [INFO] [CV] mlp 折4: 超参={'alpha': 10.0}  该折 acc=0.542 macroF1=0.355
[2026-09-24 16:24:38] [INFO] [探测] (28/100) -egA8-b7-3M_18 → OK 脸数=1;1;1 最大框面积比=0.062616（9.0 s，累计 28/100 条）
[2026-09-24 16:24:39] [INFO] [CV] mlp 折5: 超参={'alpha': 10.0}  该折 acc=0.550 macroF1=0.399
[2026-09-24 16:24:40] [INFO] [CV] logreg 折1: 超参={'C': 0.001}  该折 acc=0.611 macroF1=0.502
[2026-09-24 16:24:40] [INFO] [CV] logreg 折2: 超参={'C': 0.001}  该折 acc=0.526 macroF1=0.412
[2026-09-24 16:24:41] [INFO] [CV] logreg 折3: 超参={'C': 0.003}  该折 acc=0.737 macroF1=0.536
[2026-09-24 16:24:41] [INFO] [CV] logreg 折4: 超参={'C': 0.001}  该折 acc=0.625 macroF1=0.556
[2026-09-24 16:24:41] [INFO] [CV] logreg 折5: 超参={'C': 0.001}  该折 acc=0.650 macroF1=0.460
[2026-09-24 16:24:42] [INFO] [CV] svc 折1: 超参={'C': 10.0}  该折 acc=0.556 macroF1=0.238
[2026-09-24 16:24:42] [INFO] [CV] svc 折2: 超参={'C': 1.0}  该折 acc=0.632 macroF1=0.440
[2026-09-24 16:24:42] [INFO] [CV] svc 折3: 超参={'C': 10.0}  该折 acc=0.632 macroF1=0.258
[2026-09-24 16:24:42] [INFO] [CV] svc 折4: 超参={'C': 1.0}  该折 acc=0.583 macroF1=0.343
[2026-09-24 16:24:42] [INFO] [CV] svc 折5: 超参={'C': 1.0}  该折 acc=0.550 macroF1=0.244
[2026-09-24 16:24:42] [INFO] [落盘] D:/23届建模/data/_d1_check_model\cv_comparison.csv（7 行）
[2026-09-24 16:24:42] [INFO] [落盘] D:/23届建模/data/_d1_check_model\oof_predictions_all100.csv（100 行）
[2026-09-24 16:24:42] [INFO] ------------------------------------------------------------------------
[2026-09-24 16:24:42] [INFO] [对比] 结果（out-of-fold）
[2026-09-24 16:24:42] [INFO]   模型                       MAE       r     rho     acc macroF1   平衡acc    中性召回
[2026-09-24 16:24:42] [INFO]   多数类基线(逐折)                —       —       —     0.570   0.242   0.333   0.000
[2026-09-24 16:24:42] [INFO]   训练均值基线(逐折)             0.583  -0.107  -0.028     —       —       —       —  
[2026-09-24 16:24:42] [INFO]   Ridge 回归               0.527  +0.413  +0.505   0.602   0.326   0.389   0.000
[2026-09-24 16:24:42] [INFO]   ElasticNet 回归          0.534  +0.385  +0.458   0.565   0.328   0.378   0.000
[2026-09-24 16:24:42] [INFO]   MLP 回归(64)             0.564  +0.307  +0.413   0.582   0.408   0.491   0.000
[2026-09-24 16:24:42] [INFO]   逻辑回归(balanced)           —       —       —     0.630   0.493   0.504   0.320
[2026-09-24 16:24:42] [INFO]   SVC(rbf, balanced)       —       —       —     0.590   0.305   0.380   0.120
[2026-09-24 16:24:44] [INFO] [消融] text                 d= 768  r=+0.422 rho=+0.496  acc(分类)=0.600 macroF1(分类)=0.494
[2026-09-24 16:24:45] [INFO] [探测] (29/100) -egA8-b7-3M_16 → OK 脸数=1;1;1 最大框面积比=0.057266（7.7 s，累计 29/100 条）
[2026-09-24 16:24:46] [INFO] [消融] audio                d= 148  r=-0.103 rho=-0.034  acc(分类)=0.520 macroF1(分类)=0.440
[2026-09-24 16:24:47] [INFO] [消融] vision               d=  70  r=+0.130 rho=+0.185  acc(分类)=0.450 macroF1(分类)=0.352
[2026-09-24 16:24:50] [INFO] [消融] text+audio           d= 916  r=+0.397 rho=+0.520  acc(分类)=0.630 macroF1(分类)=0.500
[2026-09-24 16:24:52] [INFO] [消融] text+vision          d= 838  r=+0.432 rho=+0.488  acc(分类)=0.640 macroF1(分类)=0.508
[2026-09-24 16:24:53] [INFO] [探测] (30/100) -egA8-b7-3M_13 → OK 脸数=1;1;1 最大框面积比=0.058121（7.5 s，累计 30/100 条）
[2026-09-24 16:24:54] [INFO] [消融] audio+vision         d= 218  r=+0.074 rho=+0.098  acc(分类)=0.500 macroF1(分类)=0.428
[2026-09-24 16:24:57] [INFO] [消融] text+audio+vision    d= 986  r=+0.413 rho=+0.505  acc(分类)=0.630 macroF1(分类)=0.507
[2026-09-24 16:24:57] [INFO] [落盘] D:/23届建模/data/_d1_check_model\ablation.csv（7 行）
[2026-09-24 16:25:00] [INFO] [探测] (31/100) -egA8-b7-3M_1 → OK 脸数=1;1;1 最大框面积比=0.059018（7.2 s，累计 31/100 条）
[2026-09-24 16:25:07] [INFO] [探测] (32/100) -egA8-b7-3M_6 → OK 脸数=1;1;1 最大框面积比=0.057862（6.7 s，累计 32/100 条）
[2026-09-24 16:25:13] [INFO] [探测] (33/100) -egA8-b7-3M_9 → OK 脸数=1;1;1 最大框面积比=0.061884（6.7 s，累计 33/100 条）
[2026-09-24 16:25:20] [INFO] [探测] (34/100) -egA8-b7-3M_20 → OK 脸数=1;1;1 最大框面积比=0.059172（6.7 s，累计 34/100 条）
[2026-09-24 16:25:23] [INFO] ========================================================================
[2026-09-24 16:25:23] [INFO] 情感判定建模启动：模态=('text', 'audio', 'vision')，回归=ridge，分类=logreg，seed=42
[2026-09-24 16:25:23] [INFO] ========================================================================
[2026-09-24 16:25:24] [INFO] [数据] 已读取工作表 'label': 100 行
[2026-09-24 16:25:24] [INFO] [数据] 加载标注表: 100 条样本, 列名: ['video_id', 'clip_id', 'text', 'label', 'annotation']
[2026-09-24 16:25:24] [INFO] [装配] 监督标签：100 条，label 范围 [-2.000, 2.667]，状态分布 {'Positive': np.int64(57), 'Neutral': np.int64(25), 'Negative': np.int64(18)}
[2026-09-24 16:25:24] [INFO] [装配] 模态 text   → 768 维（仅均值 池化）
[2026-09-24 16:25:24] [INFO] [装配] 模态 audio  → 148 维（均值+std 池化）
[2026-09-24 16:25:24] [INFO] [装配] 模态 vision → 70 维（均值+std 池化）
[2026-09-24 16:25:25] [INFO] [可用性] 视觉不可用（face_ratio<0.50）6 条；其中特征全零 2 条
[2026-09-24 16:25:25] [INFO] [可用性] 其中 4 条为「低人脸率但特征非零」（插值借用），已保留其原始特征不做丢弃：['-HwX2H8Z4hY_9', '-NFrJFQijFE_1', '-NFrJFQijFE_2', '-ri04Z7vwnc_2']
[2026-09-24 16:25:25] [INFO] [装配] 自检通过：100 条样本 / 986 维 / 37 组 / 无 NaN
[2026-09-24 16:25:25] [INFO] [装配] 设计矩阵 X(100, 986)，37 个视频分组，状态分布 {'Positive': 57, 'Neutral': 25, 'Negative': 18}
[2026-09-24 16:25:27] [INFO] [划分] 5 折，测试折大小 [18, 19, 19, 24, 20]
[2026-09-24 16:25:27] [INFO] [划分] 折1 n=18 分布={1: 10, 0: 5, -1: 3} 多数类基线=0.556
[2026-09-24 16:25:27] [INFO] [划分] 折2 n=19 分布={1: 11, 0: 5, -1: 3} 多数类基线=0.579
[2026-09-24 16:25:27] [INFO] [划分] 折3 n=19 分布={1: 12, 0: 4, -1: 3} 多数类基线=0.632
[2026-09-24 16:25:27] [INFO] [划分] 折4 n=24 分布={1: 13, 0: 6, -1: 5} 多数类基线=0.542
[2026-09-24 16:25:27] [INFO] [划分] 折5 n=20 分布={1: 11, 0: 5, -1: 4} 多数类基线=0.550
[2026-09-24 16:25:27] [INFO] [CV] ridge 折1: 超参={'alpha': 1000.0}  该折 acc=0.611 macroF1=0.414
[2026-09-24 16:25:27] [INFO] [CV] ridge 折2: 超参={'alpha': 1000.0}  该折 acc=0.632 macroF1=0.383
[2026-09-24 16:25:27] [INFO] [CV] ridge 折3: 超参={'alpha': 10000.0}  该折 acc=0.632 macroF1=0.258
[2026-09-24 16:25:27] [INFO] [CV] ridge 折4: 超参={'alpha': 1000.0}  该折 acc=0.583 macroF1=0.338
[2026-09-24 16:25:27] [INFO] [CV] ridge 折5: 超参={'alpha': 1000.0}  该折 acc=0.550 macroF1=0.237
[2026-09-24 16:25:28] [INFO] [探测] (35/100) -iRBcNs9oI8_3 → OK 脸数=1;2;2 最大框面积比=0.013771（7.4 s，累计 35/100 条）
[2026-09-24 16:25:28] [INFO] [CV] enet 折1: 超参={'alpha': 0.05, 'l1_ratio': 0.5}  该折 acc=0.556 macroF1=0.413
[2026-09-24 16:25:29] [INFO] [CV] enet 折2: 超参={'alpha': 0.4, 'l1_ratio': 0.2}  该折 acc=0.632 macroF1=0.420
[2026-09-24 16:25:29] [INFO] [CV] enet 折3: 超参={'alpha': 0.4, 'l1_ratio': 0.5}  该折 acc=0.632 macroF1=0.258
[2026-09-24 16:25:29] [INFO] [CV] enet 折4: 超参={'alpha': 0.2, 'l1_ratio': 0.8}  该折 acc=0.458 macroF1=0.216
[2026-09-24 16:25:30] [INFO] [CV] enet 折5: 超参={'alpha': 0.4, 'l1_ratio': 0.2}  该折 acc=0.550 macroF1=0.333
[2026-09-24 16:25:35] [INFO] [CV] mlp 折1: 超参={'alpha': 10.0}  该折 acc=0.556 macroF1=0.415
[2026-09-24 16:25:36] [INFO] [探测] (36/100) -iRBcNs9oI8_7 → OK 脸数=1;2;1 最大框面积比=0.013064（8.7 s，累计 36/100 条）
[2026-09-24 16:25:40] [INFO] [CV] mlp 折2: 超参={'alpha': 10.0}  该折 acc=0.579 macroF1=0.407
[2026-09-24 16:25:45] [INFO] [CV] mlp 折3: 超参={'alpha': 10.0}  该折 acc=0.684 macroF1=0.462
[2026-09-24 16:25:45] [INFO] [探测] (37/100) -iRBcNs9oI8_6 → OK 脸数=2;1;1 最大框面积比=0.01317（9.2 s，累计 37/100 条）
[2026-09-24 16:25:48] [INFO] [CV] mlp 折4: 超参={'alpha': 10.0}  该折 acc=0.542 macroF1=0.355
[2026-09-24 16:25:50] [INFO] [CV] mlp 折5: 超参={'alpha': 10.0}  该折 acc=0.550 macroF1=0.399
[2026-09-24 16:25:51] [INFO] [CV] logreg 折1: 超参={'C': 0.001}  该折 acc=0.611 macroF1=0.502
[2026-09-24 16:25:51] [INFO] [CV] logreg 折2: 超参={'C': 0.001}  该折 acc=0.526 macroF1=0.412
[2026-09-24 16:25:52] [INFO] [CV] logreg 折3: 超参={'C': 0.003}  该折 acc=0.737 macroF1=0.536
[2026-09-24 16:25:52] [INFO] [CV] logreg 折4: 超参={'C': 0.001}  该折 acc=0.625 macroF1=0.556
[2026-09-24 16:25:53] [INFO] [CV] logreg 折5: 超参={'C': 0.001}  该折 acc=0.650 macroF1=0.460
[2026-09-24 16:25:53] [INFO] [CV] svc 折1: 超参={'C': 10.0}  该折 acc=0.556 macroF1=0.238
[2026-09-24 16:25:53] [INFO] [CV] svc 折2: 超参={'C': 1.0}  该折 acc=0.632 macroF1=0.440
[2026-09-24 16:25:53] [INFO] [CV] svc 折3: 超参={'C': 10.0}  该折 acc=0.632 macroF1=0.258
[2026-09-24 16:25:53] [INFO] [CV] svc 折4: 超参={'C': 1.0}  该折 acc=0.583 macroF1=0.343
[2026-09-24 16:25:53] [INFO] [CV] svc 折5: 超参={'C': 1.0}  该折 acc=0.550 macroF1=0.244
[2026-09-24 16:25:53] [INFO] [落盘] D:/23届建模/data/_d1_check_model2\cv_comparison.csv（7 行）
[2026-09-24 16:25:53] [INFO] [落盘] D:/23届建模/data/_d1_check_model2\oof_predictions_all100.csv（100 行）
[2026-09-24 16:25:53] [INFO] ------------------------------------------------------------------------
[2026-09-24 16:25:53] [INFO] [对比] 结果（out-of-fold）
[2026-09-24 16:25:53] [INFO]   模型                       MAE       r     rho     acc macroF1   平衡acc    中性召回
[2026-09-24 16:25:53] [INFO]   多数类基线(逐折)                —       —       —     0.570   0.242   0.333   0.000
[2026-09-24 16:25:53] [INFO]   训练均值基线(逐折)             0.583  -0.107  -0.028     —       —       —       —  
[2026-09-24 16:25:53] [INFO]   Ridge 回归               0.527  +0.413  +0.505   0.602   0.326   0.389   0.000
[2026-09-24 16:25:53] [INFO]   ElasticNet 回归          0.534  +0.385  +0.458   0.565   0.328   0.378   0.000
[2026-09-24 16:25:53] [INFO]   MLP 回归(64)             0.564  +0.307  +0.413   0.582   0.408   0.491   0.000
[2026-09-24 16:25:53] [INFO]   逻辑回归(balanced)           —       —       —     0.630   0.493   0.504   0.320
[2026-09-24 16:25:53] [INFO]   SVC(rbf, balanced)       —       —       —     0.590   0.305   0.380   0.120
[2026-09-24 16:25:54] [INFO] [探测] (38/100) -iRBcNs9oI8_9 → OK 脸数=1;1;1 最大框面积比=0.013551（8.6 s，累计 38/100 条）
[2026-09-24 16:25:55] [INFO] [消融] text                 d= 768  r=+0.422 rho=+0.496  acc(分类)=0.600 macroF1(分类)=0.494
[2026-09-24 16:25:57] [INFO] [消融] audio                d= 148  r=-0.103 rho=-0.034  acc(分类)=0.520 macroF1(分类)=0.440
[2026-09-24 16:25:58] [INFO] [消融] vision               d=  70  r=+0.130 rho=+0.185  acc(分类)=0.450 macroF1(分类)=0.352
[2026-09-24 16:26:01] [INFO] [消融] text+audio           d= 916  r=+0.397 rho=+0.520  acc(分类)=0.630 macroF1(分类)=0.500
[2026-09-24 16:26:02] [INFO] [探测] (39/100) -iRBcNs9oI8_8 → OK 脸数=1;1;1 最大框面积比=0.012391（7.7 s，累计 39/100 条）
[2026-09-24 16:26:03] [INFO] [消融] text+vision          d= 838  r=+0.432 rho=+0.488  acc(分类)=0.640 macroF1(分类)=0.508
[2026-09-24 16:26:05] [INFO] [消融] audio+vision         d= 218  r=+0.074 rho=+0.098  acc(分类)=0.500 macroF1(分类)=0.428
[2026-09-24 16:26:07] [INFO] [消融] text+audio+vision    d= 986  r=+0.413 rho=+0.505  acc(分类)=0.630 macroF1(分类)=0.507
[2026-09-24 16:26:07] [INFO] [落盘] D:/23届建模/data/_d1_check_model2\ablation.csv（7 行）
[2026-09-24 16:26:09] [INFO] [探测] (40/100) -lzEya4AM_4_5 → OK 脸数=1;1;1 最大框面积比=0.031347（7.2 s，累计 40/100 条）
[2026-09-24 16:26:16] [INFO] [探测] (41/100) -lzEya4AM_4_6 → OK 脸数=1;1;1 最大框面积比=0.033805（6.7 s，累计 41/100 条）
[2026-09-24 16:26:23] [INFO] [探测] (42/100) -mJ2ud6oKI8_1 → OK 脸数=0;0;0 最大框面积比=0.0（6.9 s，累计 42/100 条）
[2026-09-24 16:26:30] [INFO] [探测] (43/100) -mJ2ud6oKI8_2 → OK 脸数=0;0;1 最大框面积比=0.010625（7.2 s，累计 43/100 条）
[2026-09-24 16:26:37] [INFO] [探测] (44/100) -mJ2ud6oKI8_6 → OK 脸数=2;1;1 最大框面积比=0.03283（7.2 s，累计 44/100 条）
[2026-09-24 16:26:44] [INFO] [探测] (45/100) -mJ2ud6oKI8_9 → OK 脸数=1;1;1 最大框面积比=0.05845（7.2 s，累计 45/100 条）
[2026-09-24 16:26:52] [INFO] [探测] (46/100) -mJ2ud6oKI8_8 → OK 脸数=1;1;1 最大框面积比=0.032531（7.3 s，累计 46/100 条）
[2026-09-24 16:26:59] [INFO] [探测] (47/100) -mqbVkbCndg_0 → OK 脸数=1;1;1 最大框面积比=0.120023（7.1 s，累计 47/100 条）
[2026-09-24 16:27:02] [INFO] ========================================================================
[2026-09-24 16:27:02] [INFO] 情感判定建模启动：模态=('text', 'audio')，回归=ridge，分类=logreg，seed=42
[2026-09-24 16:27:02] [INFO] ========================================================================
[2026-09-24 16:27:03] [INFO] [数据] 已读取工作表 'label': 100 行
[2026-09-24 16:27:03] [INFO] [数据] 加载标注表: 100 条样本, 列名: ['video_id', 'clip_id', 'text', 'label', 'annotation']
[2026-09-24 16:27:03] [INFO] [装配] 监督标签：100 条，label 范围 [-2.000, 2.667]，状态分布 {'Positive': np.int64(57), 'Neutral': np.int64(25), 'Negative': np.int64(18)}
[2026-09-24 16:27:03] [INFO] [装配] 模态 text   → 768 维（仅均值 池化）
[2026-09-24 16:27:03] [INFO] [装配] 模态 audio  → 148 维（均值+std 池化）
[2026-09-24 16:27:04] [INFO] [可用性] 视觉不可用（face_ratio<0.50）6 条；其中特征全零 2 条
[2026-09-24 16:27:04] [INFO] [可用性] 其中 4 条为「低人脸率但特征非零」（插值借用），已保留其原始特征不做丢弃：['-HwX2H8Z4hY_9', '-NFrJFQijFE_1', '-NFrJFQijFE_2', '-ri04Z7vwnc_2']
[2026-09-24 16:27:04] [INFO] [装配] 自检通过：100 条样本 / 916 维 / 37 组 / 无 NaN
[2026-09-24 16:27:04] [INFO] [装配] 设计矩阵 X(100, 916)，37 个视频分组，状态分布 {'Positive': 57, 'Neutral': 25, 'Negative': 18}
[2026-09-24 16:27:05] [INFO] [探测] (48/100) -t217m2on-s_2 → OK 脸数=1;1;1 最大框面积比=0.031643（6.7 s，累计 48/100 条）
[2026-09-24 16:27:06] [INFO] [划分] 5 折，测试折大小 [18, 19, 19, 24, 20]
[2026-09-24 16:27:06] [INFO] [划分] 折1 n=18 分布={1: 10, 0: 5, -1: 3} 多数类基线=0.556
[2026-09-24 16:27:06] [INFO] [划分] 折2 n=19 分布={1: 11, 0: 5, -1: 3} 多数类基线=0.579
[2026-09-24 16:27:06] [INFO] [划分] 折3 n=19 分布={1: 12, 0: 4, -1: 3} 多数类基线=0.632
[2026-09-24 16:27:06] [INFO] [划分] 折4 n=24 分布={1: 13, 0: 6, -1: 5} 多数类基线=0.542
[2026-09-24 16:27:06] [INFO] [划分] 折5 n=20 分布={1: 11, 0: 5, -1: 4} 多数类基线=0.550
[2026-09-24 16:27:06] [INFO] [CV] ridge 折1: 超参={'alpha': 100.0}  该折 acc=0.611 macroF1=0.462
[2026-09-24 16:27:06] [INFO] [CV] ridge 折2: 超参={'alpha': 1000.0}  该折 acc=0.632 macroF1=0.395
[2026-09-24 16:27:06] [INFO] [CV] ridge 折3: 超参={'alpha': 1000.0}  该折 acc=0.684 macroF1=0.433
[2026-09-24 16:27:06] [INFO] [CV] ridge 折4: 超参={'alpha': 10000.0}  该折 acc=0.542 macroF1=0.234
[2026-09-24 16:27:06] [INFO] [CV] ridge 折5: 超参={'alpha': 1000.0}  该折 acc=0.600 macroF1=0.378
[2026-09-24 16:27:07] [INFO] [CV] enet 折1: 超参={'alpha': 0.2, 'l1_ratio': 0.2}  该折 acc=0.556 macroF1=0.413
[2026-09-24 16:27:07] [INFO] [CV] enet 折2: 超参={'alpha': 0.02, 'l1_ratio': 0.8}  该折 acc=0.579 macroF1=0.421
[2026-09-24 16:27:08] [INFO] [CV] enet 折3: 超参={'alpha': 0.4, 'l1_ratio': 0.5}  该折 acc=0.632 macroF1=0.258
[2026-09-24 16:27:08] [INFO] [CV] enet 折4: 超参={'alpha': 0.4, 'l1_ratio': 0.5}  该折 acc=0.500 macroF1=0.222
[2026-09-24 16:27:09] [INFO] [CV] enet 折5: 超参={'alpha': 0.4, 'l1_ratio': 0.2}  该折 acc=0.650 macroF1=0.452
[2026-09-24 16:27:13] [INFO] [探测] (49/100) -t217m2on-s_7 → OK 脸数=1;1;1 最大框面积比=0.031631（7.7 s，累计 49/100 条）
[2026-09-24 16:27:13] [INFO] [CV] mlp 折1: 超参={'alpha': 10.0}  该折 acc=0.667 macroF1=0.536
[2026-09-24 16:27:16] [INFO] [CV] mlp 折2: 超参={'alpha': 10.0}  该折 acc=0.632 macroF1=0.461
[2026-09-24 16:27:22] [INFO] [探测] (50/100) -tANM6ETl_M_3 → OK 脸数=1;1;1 最大框面积比=0.049854（9.0 s，累计 50/100 条）
[2026-09-24 16:27:27] [INFO] [CV] mlp 折3: 超参={'alpha': 10.0}  该折 acc=0.632 macroF1=0.258
[2026-09-24 16:27:30] [INFO] [CV] mlp 折4: 超参={'alpha': 10.0}  该折 acc=0.417 macroF1=0.286
[2026-09-24 16:27:30] [INFO] [探测] (51/100) -tPCytz4rww_11 → OK 脸数=1;2;1 最大框面积比=0.038367（8.3 s，累计 51/100 条）
[2026-09-24 16:27:35] [INFO] [CV] mlp 折5: 超参={'alpha': 10.0}  该折 acc=0.500 macroF1=0.366
[2026-09-24 16:27:36] [INFO] [CV] logreg 折1: 超参={'C': 0.001}  该折 acc=0.667 macroF1=0.573
[2026-09-24 16:27:36] [INFO] [CV] logreg 折2: 超参={'C': 0.001}  该折 acc=0.526 macroF1=0.410
[2026-09-24 16:27:36] [INFO] [CV] logreg 折3: 超参={'C': 0.01}  该折 acc=0.737 macroF1=0.536
[2026-09-24 16:27:37] [INFO] [CV] logreg 折4: 超参={'C': 0.003}  该折 acc=0.583 macroF1=0.416
[2026-09-24 16:27:37] [INFO] [CV] logreg 折5: 超参={'C': 0.003}  该折 acc=0.650 macroF1=0.526
[2026-09-24 16:27:37] [INFO] [CV] svc 折1: 超参={'C': 1.0}  该折 acc=0.667 macroF1=0.528
[2026-09-24 16:27:37] [INFO] [CV] svc 折2: 超参={'C': 1.0}  该折 acc=0.684 macroF1=0.479
[2026-09-24 16:27:37] [INFO] [CV] svc 折3: 超参={'C': 10.0}  该折 acc=0.632 macroF1=0.258
[2026-09-24 16:27:38] [INFO] [CV] svc 折4: 超参={'C': 1.0}  该折 acc=0.583 macroF1=0.343
[2026-09-24 16:27:38] [INFO] [CV] svc 折5: 超参={'C': 1.0}  该折 acc=0.550 macroF1=0.253
[2026-09-24 16:27:38] [INFO] [落盘] D:/23届建模/data/_d1_check_ta\cv_comparison.csv（7 行）
[2026-09-24 16:27:38] [INFO] [落盘] D:/23届建模/data/_d1_check_ta\oof_predictions_all100.csv（100 行）
[2026-09-24 16:27:38] [INFO] ------------------------------------------------------------------------
[2026-09-24 16:27:38] [INFO] [对比] 结果（out-of-fold）
[2026-09-24 16:27:38] [INFO]   模型                       MAE       r     rho     acc macroF1   平衡acc    中性召回
[2026-09-24 16:27:38] [INFO]   多数类基线(逐折)                —       —       —     0.570   0.242   0.333   0.000
[2026-09-24 16:27:38] [INFO]   训练均值基线(逐折)             0.583  -0.107  -0.028     —       —       —       —  
[2026-09-24 16:27:38] [INFO]   Ridge 回归               0.536  +0.397  +0.520   0.614   0.381   0.420   0.000
[2026-09-24 16:27:38] [INFO]   ElasticNet 回归          0.564  +0.299  +0.370   0.583   0.353   0.415   0.000
[2026-09-24 16:27:38] [INFO]   MLP 回归(64)             0.844  +0.207  +0.290   0.569   0.381   0.467   0.000
[2026-09-24 16:27:38] [INFO]   逻辑回归(balanced)           —       —       —     0.633   0.492   0.502   0.240
[2026-09-24 16:27:38] [INFO]   SVC(rbf, balanced)       —       —       —     0.623   0.372   0.418   0.160
[2026-09-24 16:27:38] [INFO] [探测] (52/100) -tPCytz4rww_10 → OK 脸数=1;1;1 最大框面积比=0.039886（7.8 s，累计 52/100 条）
[2026-09-24 16:27:40] [INFO] [消融] text                 d= 768  r=+0.422 rho=+0.496  acc(分类)=0.600 macroF1(分类)=0.494
[2026-09-24 16:27:41] [INFO] [消融] audio                d= 148  r=-0.103 rho=-0.034  acc(分类)=0.520 macroF1(分类)=0.440
[2026-09-24 16:27:44] [INFO] [消融] text+audio           d= 916  r=+0.397 rho=+0.520  acc(分类)=0.630 macroF1(分类)=0.500
[2026-09-24 16:27:46] [INFO] [探测] (53/100) -tPCytz4rww_12 → OK 脸数=1;1;2 最大框面积比=0.042798（7.3 s，累计 53/100 条）
[2026-09-24 16:27:46] [INFO] [消融] text+audio           d= 916  r=+0.397 rho=+0.520  acc(分类)=0.630 macroF1(分类)=0.500
[2026-09-24 16:27:46] [INFO] [落盘] D:/23届建模/data/_d1_check_ta\ablation.csv（4 行）
[2026-09-24 16:27:52] [INFO] [探测] (54/100) -tPCytz4rww_16 → OK 脸数=1;1;1 最大框面积比=0.037219（6.7 s，累计 54/100 条）
[2026-09-24 16:27:59] [INFO] [探测] (55/100) -tPCytz4rww_18 → OK 脸数=2;1;1 最大框面积比=0.037795（6.6 s，累计 55/100 条）
[2026-09-24 16:28:05] [INFO] [探测] (56/100) -vxjVxOeScU_4 → OK 脸数=1;1;2 最大框面积比=0.054284（6.5 s，累计 56/100 条）
[2026-09-24 16:28:12] [INFO] [探测] (57/100) -wMB_hJL-3o_7 → OK 脸数=1;1;1 最大框面积比=0.046791（6.6 s，累计 57/100 条）
[2026-09-24 16:28:20] [INFO] [探测] (58/100) -wny0OAz3g8_1 → OK 脸数=2;1;1 最大框面积比=0.017451（7.8 s，累计 58/100 条）
[2026-09-24 16:28:27] [INFO] [探测] (59/100) -wny0OAz3g8_0 → OK 脸数=1;1;1 最大框面积比=0.039663（7.4 s，累计 59/100 条）
[2026-09-24 16:28:35] [INFO] [探测] (60/100) -wny0OAz3g8_3 → OK 脸数=1;1;1 最大框面积比=0.016814（7.8 s，累计 60/100 条）
[2026-09-24 16:28:43] [INFO] [探测] (61/100) -wny0OAz3g8_2 → OK 脸数=1;1;1 最大框面积比=0.037911（7.8 s，累计 61/100 条）
[2026-09-24 16:28:50] [INFO] [探测] (62/100) -wny0OAz3g8_5 → OK 脸数=3;1;2 最大框面积比=0.016659（7.5 s，累计 62/100 条）
[2026-09-24 16:28:58] [INFO] [探测] (63/100) -wny0OAz3g8_7 → OK 脸数=1;2;2 最大框面积比=0.016195（7.7 s，累计 63/100 条）
[2026-09-24 16:29:06] [INFO] [探测] (64/100) -wny0OAz3g8_9 → OK 脸数=1;1;1 最大框面积比=0.036586（7.7 s，累计 64/100 条）
[2026-09-24 16:29:12] [INFO] [探测] (65/100) -571d8cVauQ_0 → OK 脸数=1;1;1 最大框面积比=0.069104（6.4 s，累计 65/100 条）
[2026-09-24 16:29:19] [INFO] [探测] (66/100) -571d8cVauQ_5 → OK 脸数=1;1;1 最大框面积比=0.050613（6.6 s，累计 66/100 条）
[2026-09-24 16:29:25] [INFO] [探测] (67/100) -I_e4mIh0yE_1 → OK 脸数=1;1;1 最大框面积比=0.077432（6.7 s，累计 67/100 条）
[2026-09-24 16:29:31] [INFO] [探测] (68/100) -I_e4mIh0yE_3 → OK 脸数=1;1;1 最大框面积比=0.075602（6.2 s，累计 68/100 条）
[2026-09-24 16:29:38] [INFO] [探测] (69/100) -UacrmKiTn4_10 → OK 脸数=1;1;1 最大框面积比=0.096834（6.2 s，累计 69/100 条）
[2026-09-24 16:29:44] [INFO] [探测] (70/100) -UacrmKiTn4_4 → OK 脸数=1;1;2 最大框面积比=0.10157（6.3 s，累计 70/100 条）
[2026-09-24 16:29:51] [INFO] [探测] (71/100) -hnBHBN8p5A_7 → OK 脸数=1;2;1 最大框面积比=0.013976（7.0 s，累计 71/100 条）
[2026-09-24 16:29:58] [INFO] [探测] (72/100) -hnBHBN8p5A_6 → OK 脸数=1;1;1 最大框面积比=0.02036（6.8 s，累计 72/100 条）
[2026-09-24 16:30:04] [INFO] [探测] (73/100) -qDkUB0GgYY_6 → OK 脸数=1;1;1 最大框面积比=0.211618（6.1 s，累计 73/100 条）
[2026-09-24 16:30:10] [INFO] [探测] (74/100) -uywlfIYOS8_4 → OK 脸数=1;1;1 最大框面积比=0.067217（6.1 s，累计 74/100 条）
[2026-09-24 16:30:16] [INFO] [探测] (75/100) -6rXp3zJ3kc_8 → OK 脸数=1;1;1 最大框面积比=0.057782（6.1 s，累计 75/100 条）
[2026-09-24 16:30:23] [INFO] [探测] (76/100) -9y-fZ3swSY_0 → OK 脸数=1;1;1 最大框面积比=0.024738（6.6 s，累计 76/100 条）
[2026-09-24 16:30:30] [INFO] [探测] (77/100) -9y-fZ3swSY_4 → OK 脸数=1;1;1 最大框面积比=0.025842（6.8 s，累计 77/100 条）
[2026-09-24 16:30:32] [WARNING] [文档] 缺少 D:\23届建模\data\q1_delivery\typical_samples.csv（相关小节会标注为不可用）
[2026-09-24 16:30:32] [INFO] [文档] 写出 D:\23届建模\data\q1_delivery\README_问题一交付与验证.md（649 行，42.8 KB）
[2026-09-24 16:30:37] [INFO] [探测] (78/100) -9y-fZ3swSY_8 → OK 脸数=1;1;1 最大框面积比=0.020015（6.9 s，累计 78/100 条）
[2026-09-24 16:30:44] [INFO] [探测] (79/100) -AUZQgSxyPQ_2 → OK 脸数=1;1;1 最大框面积比=0.056799（7.1 s，累计 79/100 条）
[2026-09-24 16:30:50] [INFO] [探测] (80/100) -HeZS2-Prhc_2 → OK 脸数=1;1;1 最大框面积比=0.271811（6.2 s，累计 80/100 条）
[2026-09-24 16:30:51] [INFO] [数据] 已读取工作表 'label': 100 行
[2026-09-24 16:30:51] [INFO] [数据] 加载标注表: 100 条样本, 列名: ['video_id', 'clip_id', 'text', 'label', 'annotation']
[2026-09-24 16:30:56] [INFO] [数据] 已读取工作表 'label': 100 行
[2026-09-24 16:30:56] [INFO] [数据] 加载标注表: 100 条样本, 列名: ['video_id', 'clip_id', 'text', 'label', 'annotation']
[2026-09-24 16:30:56] [INFO] [探测] (81/100) -MeTTeMJBNc_0 → OK 脸数=2;1;1 最大框面积比=0.040534（6.6 s，累计 81/100 条）
[2026-09-24 16:31:03] [INFO] [探测] (82/100) -MeTTeMJBNc_13 → OK 脸数=1;1;1 最大框面积比=0.041946（6.3 s，累计 82/100 条）
[2026-09-24 16:31:09] [INFO] [探测] (83/100) -MeTTeMJBNc_7 → OK 脸数=1;1;1 最大框面积比=0.040259（6.2 s，累计 83/100 条）
[2026-09-24 16:31:16] [INFO] [探测] (84/100) -RfYyzHpjk4_11 → OK 脸数=1;1;1 最大框面积比=0.054512（7.1 s，累计 84/100 条）
[2026-09-24 16:31:24] [INFO] [探测] (85/100) -RfYyzHpjk4_8 → OK 脸数=1;1;1 最大框面积比=0.054915（8.0 s，累计 85/100 条）
[2026-09-24 16:31:33] [INFO] [探测] (86/100) -RfYyzHpjk4_2 → OK 脸数=1;1;1 最大框面积比=0.01999（8.7 s，累计 86/100 条）
[2026-09-24 16:31:40] [INFO] [探测] (87/100) -UUCSKoHeMA_0 → OK 脸数=1;1;1 最大框面积比=0.095298（6.6 s，累计 87/100 条）
[2026-09-24 16:31:46] [INFO] [探测] (88/100) -ri04Z7vwnc_0 → OK 脸数=0;0;0 最大框面积比=0.0（6.8 s，累计 88/100 条）
[2026-09-24 16:31:53] [INFO] [探测] (89/100) -ri04Z7vwnc_2 → OK 脸数=0;0;1 最大框面积比=0.028042（6.9 s，累计 89/100 条）
[2026-09-24 16:32:00] [INFO] [探测] (90/100) -ri04Z7vwnc_5 → OK 脸数=1;1;2 最大框面积比=0.042648（7.2 s，累计 90/100 条）
[2026-09-24 16:32:08] [INFO] [探测] (91/100) -s9qJ7ATP7w_1 → OK 脸数=2;2;2 最大框面积比=0.025296（7.7 s，累计 91/100 条）
[2026-09-24 16:32:16] [INFO] [探测] (92/100) -s9qJ7ATP7w_0 → OK 脸数=2;2;2 最大框面积比=0.027113（7.5 s，累计 92/100 条）
[2026-09-24 16:32:23] [INFO] [探测] (93/100) -s9qJ7ATP7w_5 → OK 脸数=1;1;1 最大框面积比=0.028294（7.4 s，累计 93/100 条）
[2026-09-24 16:32:31] [INFO] [探测] (94/100) -s9qJ7ATP7w_4 → OK 脸数=3;1;1 最大框面积比=0.027924（7.8 s，累计 94/100 条）
[2026-09-24 16:32:38] [INFO] [探测] (95/100) -s9qJ7ATP7w_7 → OK 脸数=0;2;2 最大框面积比=0.084517（7.1 s，累计 95/100 条）
[2026-09-24 16:32:46] [INFO] [探测] (96/100) -s9qJ7ATP7w_6 → OK 脸数=1;1;0 最大框面积比=0.025858（7.6 s，累计 96/100 条）
[2026-09-24 16:32:53] [INFO] [探测] (97/100) -s9qJ7ATP7w_8 → OK 脸数=2;2;2 最大框面积比=0.098052（7.9 s，累计 97/100 条）
[2026-09-24 16:33:00] [INFO] [探测] (98/100) -yRb-Jum7EQ_1 → OK 脸数=2;1;1 最大框面积比=0.059899（7.0 s，累计 98/100 条）
[2026-09-24 16:33:04] [WARNING] [文档] 缺少 D:\23届建模\data\q1_delivery\typical_samples.csv（相关小节会标注为不可用）
[2026-09-24 16:33:04] [INFO] [文档] 写出 D:\23届建模\data\q1_delivery\README_问题一交付与验证.md（656 行，43.5 KB）
[2026-09-24 16:33:08] [INFO] [探测] (99/100) -yRb-Jum7EQ_5 → OK 脸数=1;1;1 最大框面积比=0.058045（7.0 s，累计 99/100 条）
[2026-09-24 16:33:15] [INFO] [探测] (100/100) -yRb-Jum7EQ_6 → OK 脸数=1;1;1 最大框面积比=0.062418（7.0 s，累计 100/100 条）
[2026-09-24 16:33:15] [INFO] [探测] 完成：新增 99 / 跳过 1；不可用 0 条（已如实记状态码，未剔除样本）
[2026-09-24 16:33:15] [INFO] [探测] 写出 D:\23届建模\data\q1_delivery\face_probe.csv（100 行）与 D:\23届建模\data\q1_delivery\face_probe_frames.csv（297 行）
[2026-09-24 16:34:32] [INFO] [数据] 已读取工作表 'label': 100 行
[2026-09-24 16:34:32] [INFO] [数据] 加载标注表: 100 条样本, 列名: ['video_id', 'clip_id', 'text', 'label', 'annotation']
[2026-09-24 16:34:32] [INFO] [探测] 样本 100 条；抽样时刻 ['0.15T', '0.50T', '0.85T']；逐样本墙钟超时 180 s
[2026-09-24 16:34:32] [INFO] [探测] 已有结果 100 条，默认跳过（--overwrite 可全部重探）
[2026-09-24 16:34:32] [WARNING] [探测] 100 条样本的逐帧证据不齐（期望每样本 3 帧），将重新探测：-3g5yACwYnA_13、-3g5yACwYnA_2、-3g5yACwYnA_3、-3g5yACwYnA_9、-3nNcZdcdvU_5、-571d8cVauQ_0、-571d8cVauQ_5、-6rXp3zJ3kc_8…
[2026-09-24 16:34:39] [INFO] [探测] (1/100) -3g5yACwYnA_13 → OK 脸数=1;1;1 最大框面积比=0.086955（7.2 s，累计 100/100 条）
[2026-09-24 16:34:47] [INFO] [探测] (2/100) -3g5yACwYnA_3 → OK 脸数=1;1;1 最大框面积比=0.088753（7.3 s，累计 100/100 条）
[2026-09-24 16:34:54] [INFO] [探测] (3/100) -3g5yACwYnA_2 → OK 脸数=1;1;1 最大框面积比=0.089534（7.2 s，累计 100/100 条）
[2026-09-24 16:35:01] [INFO] [探测] (4/100) -3g5yACwYnA_9 → OK 脸数=1;1;1 最大框面积比=0.090627（7.3 s，累计 100/100 条）
[2026-09-24 16:35:07] [INFO] [探测] (5/100) -3nNcZdcdvU_5 → OK 脸数=1;1;1 最大框面积比=0.051236（6.4 s，累计 100/100 条）
[2026-09-24 16:35:15] [INFO] [探测] (6/100) -HwX2H8Z4hY_2 → OK 脸数=2;2;1 最大框面积比=0.157062（7.0 s，累计 100/100 条）
[2026-09-24 16:35:21] [INFO] [探测] (7/100) -HwX2H8Z4hY_5 → OK 脸数=1;1;1 最大框面积比=0.220941（6.9 s，累计 100/100 条）
[2026-09-24 16:35:28] [INFO] [探测] (8/100) -HwX2H8Z4hY_6 → OK 脸数=1;1;1 最大框面积比=0.266258（6.9 s，累计 100/100 条）
[2026-09-24 16:35:35] [INFO] [探测] (9/100) -HwX2H8Z4hY_9 → OK 脸数=0;1;0 最大框面积比=0.013767（7.0 s，累计 100/100 条）
[2026-09-24 16:35:42] [INFO] [探测] (10/100) -NFrJFQijFE_1 → OK 脸数=0;0;0 最大框面积比=0.0（6.9 s，累计 100/100 条）
[2026-09-24 16:35:49] [INFO] [探测] (11/100) -NFrJFQijFE_2 → OK 脸数=1;0;0 最大框面积比=0.001585（6.9 s，累计 100/100 条）
[2026-09-24 16:35:56] [INFO] [探测] (12/100) -THoVjtIkeU_12 → OK 脸数=1;1;1 最大框面积比=0.110266（6.6 s，累计 100/100 条）
[2026-09-24 16:36:02] [INFO] [探测] (13/100) -THoVjtIkeU_2 → OK 脸数=1;1;1 最大框面积比=0.127475（6.5 s，累计 100/100 条）
[2026-09-24 16:36:09] [INFO] [探测] (14/100) -THoVjtIkeU_6 → OK 脸数=1;1;1 最大框面积比=0.099828（6.5 s，累计 100/100 条）
[2026-09-24 16:36:17] [INFO] [探测] (15/100) -UuX1xuaiiE_1 → OK 脸数=4;8;9 最大框面积比=0.013234（7.7 s，累计 100/100 条）
[2026-09-24 16:36:24] [INFO] [探测] (16/100) -UuX1xuaiiE_0 → OK 脸数=1;4;4 最大框面积比=0.050775（7.2 s，累计 100/100 条）
[2026-09-24 16:36:31] [INFO] [探测] (17/100) -UuX1xuaiiE_3 → OK 脸数=1;1;1 最大框面积比=0.072275（7.0 s，累计 100/100 条）
[2026-09-24 16:36:38] [INFO] [探测] (18/100) -UuX1xuaiiE_6 → OK 脸数=1;1;1 最大框面积比=0.101647（7.1 s，累计 100/100 条）
[2026-09-24 16:36:45] [INFO] [探测] (19/100) -a55Q6RWvTA_3 → OK 脸数=1;1;1 最大框面积比=0.028165（6.7 s，累计 100/100 条）
[2026-09-24 16:36:51] [INFO] [探测] (20/100) -aNfi7CP8vM_7 → OK 脸数=1;1;1 最大框面积比=0.061309（6.5 s，累计 100/100 条）
[2026-09-24 16:36:58] [INFO] [探测] (21/100) -aqamKhZ1Ec_0 → OK 脸数=1;1;1 最大框面积比=0.090314（6.9 s，累计 100/100 条）
[2026-09-24 16:37:04] [INFO] [探测] (22/100) -dxfTGcXJoc_1 → OK 脸数=1;1;1 最大框面积比=0.048834（6.4 s，累计 100/100 条）
[2026-09-24 16:37:11] [INFO] [探测] (23/100) -dxfTGcXJoc_0 → OK 脸数=0;1;1 最大框面积比=0.047471（6.3 s，累计 100/100 条）
[2026-09-24 16:37:17] [INFO] [探测] (24/100) -dxfTGcXJoc_2 → OK 脸数=1;1;1 最大框面积比=0.095444（6.4 s，累计 100/100 条）
[2026-09-24 16:37:24] [INFO] [探测] (25/100) -dxfTGcXJoc_6 → OK 脸数=1;1;1 最大框面积比=0.056413（6.4 s，累计 100/100 条）
[2026-09-24 16:37:30] [INFO] [探测] (26/100) -egA8-b7-3M_26 → OK 脸数=2;2;2 最大框面积比=0.056884（6.6 s，累计 100/100 条）
[2026-09-24 16:37:37] [INFO] [探测] (27/100) -egA8-b7-3M_17 → OK 脸数=1;1;1 最大框面积比=0.063941（6.5 s，累计 100/100 条）
[2026-09-24 16:37:43] [INFO] [探测] (28/100) -egA8-b7-3M_18 → OK 脸数=1;1;1 最大框面积比=0.062616（6.4 s，累计 100/100 条）
[2026-09-24 16:37:50] [INFO] [探测] (29/100) -egA8-b7-3M_16 → OK 脸数=1;1;1 最大框面积比=0.057266（6.5 s，累计 100/100 条）
[2026-09-24 16:37:56] [INFO] [探测] (30/100) -egA8-b7-3M_13 → OK 脸数=1;1;1 最大框面积比=0.058121（6.5 s，累计 100/100 条）
[2026-09-24 16:38:03] [INFO] [探测] (31/100) -egA8-b7-3M_1 → OK 脸数=1;1;1 最大框面积比=0.059018（6.7 s，累计 100/100 条）
[2026-09-24 16:38:09] [INFO] [探测] (32/100) -egA8-b7-3M_6 → OK 脸数=1;1;1 最大框面积比=0.057862（6.7 s，累计 100/100 条）
[2026-09-24 16:38:16] [INFO] [探测] (33/100) -egA8-b7-3M_9 → OK 脸数=1;1;1 最大框面积比=0.061884（6.5 s，累计 100/100 条）
[2026-09-24 16:38:23] [INFO] [探测] (34/100) -egA8-b7-3M_20 → OK 脸数=1;1;1 最大框面积比=0.059172（6.5 s，累计 100/100 条）
[2026-09-24 16:38:30] [INFO] [探测] (35/100) -iRBcNs9oI8_3 → OK 脸数=1;2;2 最大框面积比=0.013771（7.2 s，累计 100/100 条）
[2026-09-24 16:38:37] [INFO] [探测] (36/100) -iRBcNs9oI8_7 → OK 脸数=1;2;1 最大框面积比=0.013064（7.1 s，累计 100/100 条）
[2026-09-24 16:38:44] [INFO] [探测] (37/100) -iRBcNs9oI8_6 → OK 脸数=2;1;1 最大框面积比=0.01317（7.1 s，累计 100/100 条）
[2026-09-24 16:38:51] [INFO] [探测] (38/100) -iRBcNs9oI8_9 → OK 脸数=1;1;1 最大框面积比=0.013551（7.3 s，累计 100/100 条）
[2026-09-24 16:38:58] [INFO] [探测] (39/100) -iRBcNs9oI8_8 → OK 脸数=1;1;1 最大框面积比=0.012391（7.0 s，累计 100/100 条）
[2026-09-24 16:39:05] [INFO] [探测] (40/100) -lzEya4AM_4_5 → OK 脸数=1;1;1 最大框面积比=0.031347（6.6 s，累计 100/100 条）
[2026-09-24 16:39:11] [INFO] [探测] (41/100) -lzEya4AM_4_6 → OK 脸数=1;1;1 最大框面积比=0.033805（6.5 s，累计 100/100 条）
[2026-09-24 16:39:18] [INFO] [探测] (42/100) -mJ2ud6oKI8_1 → OK 脸数=0;0;0 最大框面积比=0.0（6.8 s，累计 100/100 条）
[2026-09-24 16:39:25] [INFO] [探测] (43/100) -mJ2ud6oKI8_2 → OK 脸数=0;0;1 最大框面积比=0.010625（7.1 s，累计 100/100 条）
[2026-09-24 16:39:32] [INFO] [探测] (44/100) -mJ2ud6oKI8_6 → OK 脸数=2;1;1 最大框面积比=0.03283（7.0 s，累计 100/100 条）
[2026-09-24 16:39:40] [INFO] [探测] (45/100) -mJ2ud6oKI8_9 → OK 脸数=1;1;1 最大框面积比=0.05845（7.3 s，累计 100/100 条）
[2026-09-24 16:39:47] [INFO] [探测] (46/100) -mJ2ud6oKI8_8 → OK 脸数=1;1;1 最大框面积比=0.032531（7.3 s，累计 100/100 条）
[2026-09-24 16:39:54] [INFO] [探测] (47/100) -mqbVkbCndg_0 → OK 脸数=1;1;1 最大框面积比=0.120023（6.9 s，累计 100/100 条）
[2026-09-24 16:40:00] [INFO] [探测] (48/100) -t217m2on-s_2 → OK 脸数=1;1;1 最大框面积比=0.031643（6.4 s，累计 100/100 条）
[2026-09-24 16:40:07] [INFO] [探测] (49/100) -t217m2on-s_7 → OK 脸数=1;1;1 最大框面积比=0.031631（6.5 s，累计 100/100 条）
[2026-09-24 16:40:14] [INFO] [探测] (50/100) -tANM6ETl_M_3 → OK 脸数=1;1;1 最大框面积比=0.049854（7.4 s，累计 100/100 条）
[2026-09-24 16:40:21] [INFO] [探测] (51/100) -tPCytz4rww_11 → OK 脸数=1;2;1 最大框面积比=0.038367（6.4 s，累计 100/100 条）
[2026-09-24 16:40:27] [INFO] [探测] (52/100) -tPCytz4rww_10 → OK 脸数=1;1;1 最大框面积比=0.039886（6.5 s，累计 100/100 条）
[2026-09-24 16:40:34] [INFO] [探测] (53/100) -tPCytz4rww_12 → OK 脸数=1;1;2 最大框面积比=0.042798（6.6 s，累计 100/100 条）
[2026-09-24 16:40:40] [INFO] [探测] (54/100) -tPCytz4rww_16 → OK 脸数=1;1;1 最大框面积比=0.037219（6.6 s，累计 100/100 条）
[2026-09-24 16:40:47] [INFO] [探测] (55/100) -tPCytz4rww_18 → OK 脸数=2;1;1 最大框面积比=0.037795（6.5 s，累计 100/100 条）
[2026-09-24 16:40:53] [INFO] [探测] (56/100) -vxjVxOeScU_4 → OK 脸数=1;1;2 最大框面积比=0.054284（6.5 s，累计 100/100 条）
[2026-09-24 16:41:00] [INFO] [探测] (57/100) -wMB_hJL-3o_7 → OK 脸数=1;1;1 最大框面积比=0.046791（6.7 s，累计 100/100 条）
[2026-09-24 16:41:08] [INFO] [探测] (58/100) -wny0OAz3g8_1 → OK 脸数=2;1;1 最大框面积比=0.017451（7.8 s，累计 100/100 条）
[2026-09-24 16:41:10] [WARNING] [文档] 缺少 D:\23届建模\data\q1_delivery\typical_samples.csv（相关小节会标注为不可用）
[2026-09-24 16:41:11] [INFO] [文档] 写出 D:\23届建模\data\q1_delivery\README_问题一交付与验证.md（675 行，46.1 KB）
[2026-09-24 16:41:16] [INFO] [探测] (59/100) -wny0OAz3g8_0 → OK 脸数=1;1;1 最大框面积比=0.039663（7.8 s，累计 100/100 条）
[2026-09-24 16:41:24] [INFO] [探测] (60/100) -wny0OAz3g8_3 → OK 脸数=1;1;1 最大框面积比=0.016814（8.0 s，累计 100/100 条）
[2026-09-24 16:41:32] [INFO] [探测] (61/100) -wny0OAz3g8_2 → OK 脸数=1;1;1 最大框面积比=0.037911（7.9 s，累计 100/100 条）
[2026-09-24 16:41:35] [WARNING] [文档] 缺少 D:\23届建模\data\q1_delivery\typical_samples.csv（相关小节会标注为不可用）
[2026-09-24 16:41:36] [INFO] [文档] 写出 D:\23届建模\data\q1_delivery\README_问题一交付与验证.md（675 行，46.1 KB）
[2026-09-24 16:41:39] [INFO] [探测] (62/100) -wny0OAz3g8_5 → OK 脸数=3;1;2 最大框面积比=0.016659（7.7 s，累计 100/100 条）
[2026-09-24 16:41:47] [INFO] [探测] (63/100) -wny0OAz3g8_7 → OK 脸数=1;2;2 最大框面积比=0.016195（7.8 s，累计 100/100 条）
[2026-09-24 16:41:55] [INFO] [探测] (64/100) -wny0OAz3g8_9 → OK 脸数=1;1;1 最大框面积比=0.036586（7.7 s，累计 100/100 条）
[2026-09-24 16:42:01] [INFO] [探测] (65/100) -571d8cVauQ_0 → OK 脸数=1;1;1 最大框面积比=0.069104（6.6 s，累计 100/100 条）
[2026-09-24 16:42:08] [INFO] [探测] (66/100) -571d8cVauQ_5 → OK 脸数=1;1;1 最大框面积比=0.050613（6.6 s，累计 100/100 条）
[2026-09-24 16:42:15] [INFO] [探测] (67/100) -I_e4mIh0yE_1 → OK 脸数=1;1;1 最大框面积比=0.077432（6.5 s，累计 100/100 条）
[2026-09-24 16:42:18] [WARNING] [文档] 缺少 D:\23届建模\data\q1_delivery\typical_samples.csv（相关小节会标注为不可用）
[2026-09-24 16:42:18] [INFO] [文档] 写出 D:\23届建模\data\q1_delivery\README_问题一交付与验证.md（678 行，46.4 KB）
[2026-09-24 16:42:21] [INFO] [探测] (68/100) -I_e4mIh0yE_3 → OK 脸数=1;1;1 最大框面积比=0.075602（6.8 s，累计 100/100 条）
[2026-09-24 16:42:28] [INFO] [探测] (69/100) -UacrmKiTn4_10 → OK 脸数=1;1;1 最大框面积比=0.096834（6.4 s，累计 100/100 条）
[2026-09-24 16:42:35] [INFO] [探测] (70/100) -UacrmKiTn4_4 → OK 脸数=1;1;2 最大框面积比=0.10157（7.2 s，累计 100/100 条）
[2026-09-24 16:42:43] [INFO] [探测] (71/100) -hnBHBN8p5A_7 → OK 脸数=1;2;1 最大框面积比=0.013976（8.0 s，累计 100/100 条）
[2026-09-24 16:42:50] [INFO] [探测] (72/100) -hnBHBN8p5A_6 → OK 脸数=1;1;1 最大框面积比=0.02036（7.3 s，累计 100/100 条）
[2026-09-24 16:42:57] [INFO] [探测] (73/100) -qDkUB0GgYY_6 → OK 脸数=1;1;1 最大框面积比=0.211618（6.4 s，累计 100/100 条）
[2026-09-24 16:43:03] [INFO] [探测] (74/100) -uywlfIYOS8_4 → OK 脸数=1;1;1 最大框面积比=0.067217（6.7 s，累计 100/100 条）
[2026-09-24 16:43:10] [INFO] [探测] (75/100) -6rXp3zJ3kc_8 → OK 脸数=1;1;1 最大框面积比=0.057782（6.5 s，累计 100/100 条）
[2026-09-24 16:43:17] [INFO] [探测] (76/100) -9y-fZ3swSY_0 → OK 脸数=1;1;1 最大框面积比=0.024738（7.1 s，累计 100/100 条）
[2026-09-24 16:43:24] [INFO] [探测] (77/100) -9y-fZ3swSY_4 → OK 脸数=1;1;1 最大框面积比=0.025842（7.1 s，累计 100/100 条）
[2026-09-24 16:43:31] [INFO] [探测] (78/100) -9y-fZ3swSY_8 → OK 脸数=1;1;1 最大框面积比=0.020015（7.1 s，累计 100/100 条）
[2026-09-24 16:43:39] [INFO] [探测] (79/100) -AUZQgSxyPQ_2 → OK 脸数=1;1;1 最大框面积比=0.056799（7.6 s，累计 100/100 条）
[2026-09-24 16:43:45] [INFO] [探测] (80/100) -HeZS2-Prhc_2 → OK 脸数=1;1;1 最大框面积比=0.271811（6.6 s，累计 100/100 条）
[2026-09-24 16:43:52] [INFO] [探测] (81/100) -MeTTeMJBNc_0 → OK 脸数=2;1;1 最大框面积比=0.040534（6.3 s，累计 100/100 条）
[2026-09-24 16:43:58] [INFO] [探测] (82/100) -MeTTeMJBNc_13 → OK 脸数=1;1;1 最大框面积比=0.041946（6.3 s，累计 100/100 条）
[2026-09-24 16:44:05] [INFO] [探测] (83/100) -MeTTeMJBNc_7 → OK 脸数=1;1;1 最大框面积比=0.040259（6.4 s，累计 100/100 条）
[2026-09-24 16:44:12] [INFO] [探测] (84/100) -RfYyzHpjk4_11 → OK 脸数=1;1;1 最大框面积比=0.054512（7.5 s，累计 100/100 条）
[2026-09-24 16:44:19] [INFO] [探测] (85/100) -RfYyzHpjk4_8 → OK 脸数=1;1;1 最大框面积比=0.054915（7.2 s，累计 100/100 条）
[2026-09-24 16:44:27] [INFO] [探测] (86/100) -RfYyzHpjk4_2 → OK 脸数=1;1;1 最大框面积比=0.01999（7.3 s，累计 100/100 条）
[2026-09-24 16:44:33] [INFO] [探测] (87/100) -UUCSKoHeMA_0 → OK 脸数=1;1;1 最大框面积比=0.095298（6.6 s，累计 100/100 条）
[2026-09-24 16:44:40] [INFO] [探测] (88/100) -ri04Z7vwnc_0 → OK 脸数=0;0;0 最大框面积比=0.0（6.7 s，累计 100/100 条）
[2026-09-24 16:44:47] [INFO] [探测] (89/100) -ri04Z7vwnc_2 → OK 脸数=0;0;1 最大框面积比=0.028042（7.2 s，累计 100/100 条）
[2026-09-24 16:44:55] [INFO] [探测] (90/100) -ri04Z7vwnc_5 → OK 脸数=1;1;2 最大框面积比=0.042648（7.8 s，累计 100/100 条）
[2026-09-24 16:45:03] [INFO] [探测] (91/100) -s9qJ7ATP7w_1 → OK 脸数=2;2;2 最大框面积比=0.025296（8.0 s，累计 100/100 条）
[2026-09-24 16:45:11] [INFO] [探测] (92/100) -s9qJ7ATP7w_0 → OK 脸数=2;2;2 最大框面积比=0.027113（7.7 s，累计 100/100 条）
[2026-09-24 16:45:18] [INFO] [探测] (93/100) -s9qJ7ATP7w_5 → OK 脸数=1;1;1 最大框面积比=0.028294（7.8 s，累计 100/100 条）
[2026-09-24 16:45:26] [INFO] [探测] (94/100) -s9qJ7ATP7w_4 → OK 脸数=3;1;1 最大框面积比=0.027924（7.8 s，累计 100/100 条）
[2026-09-24 16:45:34] [INFO] [探测] (95/100) -s9qJ7ATP7w_7 → OK 脸数=0;2;2 最大框面积比=0.084517（7.3 s，累计 100/100 条）
[2026-09-24 16:45:41] [INFO] [探测] (96/100) -s9qJ7ATP7w_6 → OK 脸数=1;1;0 最大框面积比=0.025858（7.5 s，累计 100/100 条）
[2026-09-24 16:45:49] [INFO] [探测] (97/100) -s9qJ7ATP7w_8 → OK 脸数=2;2;2 最大框面积比=0.098052（7.4 s，累计 100/100 条）
[2026-09-24 16:45:56] [INFO] [探测] (98/100) -yRb-Jum7EQ_1 → OK 脸数=2;1;1 最大框面积比=0.059899（7.3 s，累计 100/100 条）
[2026-09-24 16:46:03] [INFO] [探测] (99/100) -yRb-Jum7EQ_5 → OK 脸数=1;1;1 最大框面积比=0.058045（7.1 s，累计 100/100 条）
[2026-09-24 16:46:10] [INFO] [探测] (100/100) -yRb-Jum7EQ_6 → OK 脸数=1;1;1 最大框面积比=0.062418（7.1 s，累计 100/100 条）
[2026-09-24 16:46:10] [INFO] [探测] 完成：新增 100 / 跳过 0；不可用 0 条（已如实记状态码，未剔除样本）
[2026-09-24 16:47:06] [INFO] [数据] 已读取工作表 'label': 100 行
[2026-09-24 16:47:06] [INFO] [数据] 加载标注表: 100 条样本, 列名: ['video_id', 'clip_id', 'text', 'label', 'annotation']
[2026-09-24 16:47:06] [INFO] [探测] 样本 100 条；抽样时刻 ['0.15T', '0.50T', '0.85T']；逐样本墙钟超时 180 s
[2026-09-24 16:47:06] [INFO] [探测] 已有结果 100 条，默认跳过（--overwrite 可全部重探）
[2026-09-24 16:47:06] [INFO] [探测] 完成：新增 0 / 跳过 100；不可用 0 条（已如实记状态码，未剔除样本）
[2026-09-24 16:47:06] [INFO] [探测] 逐帧证据自检通过：100 条样本 × 3 帧 = 300 行
[2026-09-24 16:47:06] [INFO] [探测] 写出 D:\23届建模\data\q1_delivery\face_probe.csv（100 行）与 D:\23届建模\data\q1_delivery\face_probe_frames.csv（0 行）
[2026-09-24 16:47:35] [INFO] [数据] 已读取工作表 'label': 100 行
[2026-09-24 16:47:35] [INFO] [数据] 加载标注表: 100 条样本, 列名: ['video_id', 'clip_id', 'text', 'label', 'annotation']
[2026-09-24 16:47:35] [INFO] [探测] 样本 100 条；抽样时刻 ['0.15T', '0.50T', '0.85T']；逐样本墙钟超时 180 s
[2026-09-24 16:47:35] [INFO] [探测] 已有结果 100 条，默认跳过（--overwrite 可全部重探）
[2026-09-24 16:47:35] [INFO] [探测] 完成：新增 0 / 跳过 100；不可用 0 条（已如实记状态码，未剔除样本）
[2026-09-24 16:47:35] [INFO] [探测] 逐帧证据自检通过：100 条样本 × 3 帧 = 300 行
[2026-09-24 16:47:35] [INFO] [探测] 写出 D:\23届建模\data\q1_delivery\face_probe.csv（100 行）与 D:\23届建模\data\q1_delivery\face_probe_frames.csv（300 行）
[2026-09-24 16:47:42] [INFO] [数据] 已读取工作表 'label': 100 行
[2026-09-24 16:47:42] [INFO] [数据] 加载标注表: 100 条样本, 列名: ['video_id', 'clip_id', 'text', 'label', 'annotation']
[2026-09-24 16:47:44] [INFO] [交付] 写出 anomaly_ledger.csv（151 行，15 类异常）
[2026-09-24 16:47:44] [INFO] [交付] features_q1 text    拼接完成 (Σ=2191, D=768, float32)
[2026-09-24 16:47:44] [INFO] [交付] features_q1 audio   拼接完成 (Σ=15588, D=74, float32)
[2026-09-24 16:47:44] [INFO] [交付] features_q1 vision  拼接完成 (Σ=11790, D=35, float32)
[2026-09-24 16:47:45] [INFO] [交付] 写出 D:\23届建模\data\q1_delivery\features_q1.npz（11.63 MB）
[2026-09-24 16:47:47] [INFO] [交付] 写出 D:\23届建模\data\q1_delivery\alignment_q1.json（0.76 MB）
[2026-09-24 16:47:48] [INFO] [交付] 写出 D:\23届建模\data\q1_delivery\summary_q1.csv（100 行）
[2026-09-24 16:47:54] [INFO] [交付] 写出 D:\23届建模\data\q1_delivery\extract_config.json（9.1 KB）
[2026-09-24 16:47:55] [INFO] [交付] 写出 D:\23届建模\data\q1_delivery\size_budget.csv
[2026-09-24 16:47:57] [INFO] [可视化] 中文字体: Microsoft YaHei
[2026-09-24 16:47:59] [INFO] [可视化] 已输出 D:\23届建模\data\q1_delivery\figures\-a55Q6RWvTA_3_timeline.png
[2026-09-24 16:47:59] [INFO] [可视化] 已输出对应表 D:\23届建模\data\q1_delivery\correspondence\-a55Q6RWvTA_3_correspondence.csv
[2026-09-24 16:48:00] [INFO] [可视化] 已输出 D:\23届建模\data\q1_delivery\figures\-mJ2ud6oKI8_6_timeline.png
[2026-09-24 16:48:01] [INFO] [可视化] 已输出对应表 D:\23届建模\data\q1_delivery\correspondence\-mJ2ud6oKI8_6_correspondence.csv
[2026-09-24 16:48:03] [INFO] [可视化] 已输出 D:\23届建模\data\q1_delivery\figures\-mJ2ud6oKI8_1_timeline.png
[2026-09-24 16:48:03] [INFO] [可视化] 已输出对应表 D:\23届建模\data\q1_delivery\correspondence\-mJ2ud6oKI8_1_correspondence.csv
[2026-09-24 16:48:05] [INFO] [可视化] 已输出 D:\23届建模\data\q1_delivery\figures\-UuX1xuaiiE_1_timeline.png
[2026-09-24 16:48:05] [INFO] [可视化] 已输出对应表 D:\23届建模\data\q1_delivery\correspondence\-UuX1xuaiiE_1_correspondence.csv
[2026-09-24 16:48:07] [INFO] [可视化] 已输出 D:\23届建模\data\q1_delivery\figures\-ri04Z7vwnc_0_timeline.png
[2026-09-24 16:48:08] [INFO] [可视化] 已输出对应表 D:\23届建模\data\q1_delivery\correspondence\-ri04Z7vwnc_0_correspondence.csv
[2026-09-24 16:48:08] [INFO] [典型] 写出 typical_samples.csv（5 类）
[2026-09-24 16:48:08] [INFO] [交付]   anomaly_ledger.csv                                   0.033 MB
[2026-09-24 16:48:08] [INFO] [交付]   features_q1.npz                                      11.635 MB
[2026-09-24 16:48:08] [INFO] [交付]   alignment_q1.json                                    0.758 MB
[2026-09-24 16:48:08] [INFO] [交付]   summary_q1.csv                                       0.044 MB
[2026-09-24 16:48:08] [INFO] [交付]   extract_config.json                                  0.009 MB
[2026-09-24 16:48:08] [INFO] [交付]   size_budget.csv                                      0.001 MB
[2026-09-24 16:48:08] [INFO] [交付]   typical_samples.csv                                  0.001 MB
[2026-09-24 16:48:08] [INFO] [交付]   figures/-a55Q6RWvTA_3_timeline.png                   0.841 MB
[2026-09-24 16:48:08] [INFO] [交付]   figures/-mJ2ud6oKI8_6_timeline.png                   0.654 MB
[2026-09-24 16:48:08] [INFO] [交付]   figures/-mJ2ud6oKI8_1_timeline.png                   0.319 MB
[2026-09-24 16:48:08] [INFO] [交付]   figures/-UuX1xuaiiE_1_timeline.png                   0.752 MB
[2026-09-24 16:48:08] [INFO] [交付]   figures/-ri04Z7vwnc_0_timeline.png                   0.325 MB
[2026-09-24 16:48:08] [INFO] [交付] 交付物合计 15.37 MB / 上限 50 MB，余量 34.63 MB
[2026-09-24 16:48:08] [INFO] [交付] 完成：12 个交付物，合计 15.37 MB
[2026-09-24 16:48:21] [INFO] [数据] 已读取工作表 'label': 100 行
[2026-09-24 16:48:21] [INFO] [数据] 加载标注表: 100 条样本, 列名: ['video_id', 'clip_id', 'text', 'label', 'annotation']
[2026-09-24 16:48:21] [INFO] [核验] 样本 100 条，开始 12 项机器检查 ...
[2026-09-24 16:48:21] [INFO] [数据] 已读取工作表 'label': 100 行
[2026-09-24 16:48:21] [INFO] [数据] 加载标注表: 100 条样本, 列名: ['video_id', 'clip_id', 'text', 'label', 'annotation']
[2026-09-24 16:48:52] [INFO] [核验] V1   覆盖完整性（双向集合相等）                            通过（检查 100，失败 0）
[2026-09-24 16:48:52] [INFO] [核验] V2   词区间单调且不越出视频范围                            通过（检查 900，失败 0）
[2026-09-24 16:48:52] [INFO] [核验] V3   序列长度与词索引一致                               通过（检查 1403，失败 0）
[2026-09-24 16:48:52] [INFO] [核验] V4   每个音视频聚合值都能找到来源帧                          通过（检查 12626，失败 0）
[2026-09-24 16:48:52] [INFO] [核验] V5   槽几何与可逆映射                                 通过（检查 300，失败 0）
[2026-09-24 16:48:52] [INFO] [核验] V6   填充规则一致性                                  通过（检查 401，失败 0）
[2026-09-24 16:48:52] [INFO] [核验] V7   数值合规（无 NaN/Inf，dtype 正确）                 通过（检查 1200，失败 0）
[2026-09-24 16:48:52] [INFO] [核验] V8   时长口径交叉核对（外部 ffprobe）                     通过（检查 100，失败 0）
[2026-09-24 16:48:52] [INFO] [核验] V9   预训练权重真实性（掩码补全，外部证据）                      通过（检查 2，失败 0）
[2026-09-24 16:48:52] [INFO] [核验] V10  跨样本重复检测                                  通过（检查 300，失败 0）
[2026-09-24 16:48:52] [INFO] [核验] V11  产物新鲜度（对齐晚于特征）                            通过（检查 4，失败 0）
[2026-09-24 16:48:52] [INFO] [核验] V12  异常普查（仅用于标注，不用于删除）                        通过（检查 100，失败 0）
[2026-09-24 16:48:52] [INFO] [核验] 结论：全部通过（12/12 项通过）。报告 D:\23届建模\data\q1_delivery\verify_report.json / D:\23届建模\data\q1_delivery\verify_report.md
[2026-09-24 16:49:34] [INFO] [数据] 已读取工作表 'label': 100 行
[2026-09-24 16:49:34] [INFO] [数据] 加载标注表: 100 条样本, 列名: ['video_id', 'clip_id', 'text', 'label', 'annotation']
[2026-09-24 16:49:50] [INFO] [数据] 已读取工作表 'label': 100 行
[2026-09-24 16:49:50] [INFO] [数据] 加载标注表: 100 条样本, 列名: ['video_id', 'clip_id', 'text', 'label', 'annotation']
[2026-09-24 16:49:51] [INFO] [交付] 写出 anomaly_ledger.csv（151 行，15 类异常）
[2026-09-24 16:49:51] [INFO] [交付] features_q1 text    拼接完成 (Σ=2191, D=768, float32)
[2026-09-24 16:49:51] [INFO] [交付] features_q1 audio   拼接完成 (Σ=15588, D=74, float32)
[2026-09-24 16:49:52] [INFO] [交付] features_q1 vision  拼接完成 (Σ=11790, D=35, float32)
[2026-09-24 16:49:52] [INFO] [交付] 写出 D:\23届建模\data\q1_delivery\features_q1.npz（11.63 MB）
[2026-09-24 16:49:54] [INFO] [交付] 写出 D:\23届建模\data\q1_delivery\alignment_q1.json（0.76 MB）
[2026-09-24 16:49:55] [INFO] [交付] 写出 D:\23届建模\data\q1_delivery\summary_q1.csv（100 行）
[2026-09-24 16:50:00] [INFO] [交付] 写出 D:\23届建模\data\q1_delivery\extract_config.json（9.1 KB）
[2026-09-24 16:50:02] [INFO] [交付] 写出 D:\23届建模\data\q1_delivery\size_budget.csv
[2026-09-24 16:50:03] [INFO] [可视化] 中文字体: Microsoft YaHei
[2026-09-24 16:50:04] [INFO] [可视化] 已输出 D:\23届建模\data\q1_delivery\figures\-a55Q6RWvTA_3_timeline.png
[2026-09-24 16:50:04] [INFO] [可视化] 已输出对应表 D:\23届建模\data\q1_delivery\correspondence\-a55Q6RWvTA_3_correspondence.csv
[2026-09-24 16:50:06] [INFO] [可视化] 已输出 D:\23届建模\data\q1_delivery\figures\-mJ2ud6oKI8_6_timeline.png
[2026-09-24 16:50:06] [INFO] [可视化] 已输出对应表 D:\23届建模\data\q1_delivery\correspondence\-mJ2ud6oKI8_6_correspondence.csv
[2026-09-24 16:50:08] [INFO] [可视化] 已输出 D:\23届建模\data\q1_delivery\figures\-s9qJ7ATP7w_8_timeline.png
[2026-09-24 16:50:08] [INFO] [可视化] 已输出对应表 D:\23届建模\data\q1_delivery\correspondence\-s9qJ7ATP7w_8_correspondence.csv
[2026-09-24 16:50:11] [INFO] [可视化] 已输出 D:\23届建模\data\q1_delivery\figures\-UuX1xuaiiE_1_timeline.png
[2026-09-24 16:50:11] [INFO] [可视化] 已输出对应表 D:\23届建模\data\q1_delivery\correspondence\-UuX1xuaiiE_1_correspondence.csv
[2026-09-24 16:50:13] [INFO] [可视化] 已输出 D:\23届建模\data\q1_delivery\figures\-mJ2ud6oKI8_1_timeline.png
[2026-09-24 16:50:13] [INFO] [可视化] 已输出对应表 D:\23届建模\data\q1_delivery\correspondence\-mJ2ud6oKI8_1_correspondence.csv
[2026-09-24 16:50:13] [INFO] [典型] 写出 typical_samples.csv（5 类）
[2026-09-24 16:50:13] [INFO] [交付]   anomaly_ledger.csv                                   0.033 MB
[2026-09-24 16:50:13] [INFO] [交付]   features_q1.npz                                      11.635 MB
[2026-09-24 16:50:13] [INFO] [交付]   alignment_q1.json                                    0.758 MB
[2026-09-24 16:50:13] [INFO] [交付]   summary_q1.csv                                       0.044 MB
[2026-09-24 16:50:13] [INFO] [交付]   extract_config.json                                  0.009 MB
[2026-09-24 16:50:13] [INFO] [交付]   size_budget.csv                                      0.001 MB
[2026-09-24 16:50:13] [INFO] [交付]   typical_samples.csv                                  0.001 MB
[2026-09-24 16:50:13] [INFO] [交付]   figures/-a55Q6RWvTA_3_timeline.png                   0.841 MB
[2026-09-24 16:50:13] [INFO] [交付]   figures/-mJ2ud6oKI8_6_timeline.png                   0.654 MB
[2026-09-24 16:50:13] [INFO] [交付]   figures/-s9qJ7ATP7w_8_timeline.png                   0.648 MB
[2026-09-24 16:50:13] [INFO] [交付]   figures/-UuX1xuaiiE_1_timeline.png                   0.752 MB
[2026-09-24 16:50:13] [INFO] [交付]   figures/-mJ2ud6oKI8_1_timeline.png                   0.319 MB
[2026-09-24 16:50:13] [INFO] [交付] 交付物合计 15.69 MB / 上限 50 MB，余量 34.31 MB
[2026-09-24 16:50:13] [INFO] [交付] 完成：12 个交付物，合计 15.69 MB
[2026-09-24 16:50:24] [INFO] [数据] 已读取工作表 'label': 100 行
[2026-09-24 16:50:24] [INFO] [数据] 加载标注表: 100 条样本, 列名: ['video_id', 'clip_id', 'text', 'label', 'annotation']
[2026-09-24 16:50:24] [INFO] [核验] 样本 100 条，开始 12 项机器检查 ...
[2026-09-24 16:50:24] [INFO] [数据] 已读取工作表 'label': 100 行
[2026-09-24 16:50:24] [INFO] [数据] 加载标注表: 100 条样本, 列名: ['video_id', 'clip_id', 'text', 'label', 'annotation']
[2026-09-24 16:50:53] [INFO] [核验] V1   覆盖完整性（双向集合相等）                            通过（检查 100，失败 0）
[2026-09-24 16:50:53] [INFO] [核验] V2   词区间单调且不越出视频范围                            通过（检查 900，失败 0）
[2026-09-24 16:50:53] [INFO] [核验] V3   序列长度与词索引一致                               通过（检查 1403，失败 0）
[2026-09-24 16:50:53] [INFO] [核验] V4   每个音视频聚合值都能找到来源帧                          通过（检查 12626，失败 0）
[2026-09-24 16:50:53] [INFO] [核验] V5   槽几何与可逆映射                                 通过（检查 300，失败 0）
[2026-09-24 16:50:53] [INFO] [核验] V6   填充规则一致性                                  通过（检查 401，失败 0）
[2026-09-24 16:50:53] [INFO] [核验] V7   数值合规（无 NaN/Inf，dtype 正确）                 通过（检查 1200，失败 0）
[2026-09-24 16:50:53] [INFO] [核验] V8   时长口径交叉核对（外部 ffprobe）                     通过（检查 100，失败 0）
[2026-09-24 16:50:53] [INFO] [核验] V9   预训练权重真实性（掩码补全，外部证据）                      通过（检查 2，失败 0）
[2026-09-24 16:50:53] [INFO] [核验] V10  跨样本重复检测                                  通过（检查 300，失败 0）
[2026-09-24 16:50:53] [INFO] [核验] V11  产物新鲜度（对齐晚于特征）                            通过（检查 4，失败 0）
[2026-09-24 16:50:53] [INFO] [核验] V12  异常普查（仅用于标注，不用于删除）                        通过（检查 100，失败 0）
[2026-09-24 16:50:53] [INFO] [核验] 结论：全部通过（12/12 项通过）。报告 D:\23届建模\data\q1_delivery\verify_report.json / D:\23届建模\data\q1_delivery\verify_report.md
[2026-09-24 16:51:16] [INFO] [数据] 已读取工作表 'label': 100 行
[2026-09-24 16:51:16] [INFO] [数据] 加载标注表: 100 条样本, 列名: ['video_id', 'clip_id', 'text', 'label', 'annotation']
[2026-09-24 16:51:17] [INFO] [交付] 写出 anomaly_ledger.csv（151 行，15 类异常）
[2026-09-24 16:51:17] [INFO] [交付] features_q1 text    拼接完成 (Σ=2191, D=768, float32)
[2026-09-24 16:51:18] [INFO] [交付] features_q1 audio   拼接完成 (Σ=15588, D=74, float32)
[2026-09-24 16:51:18] [INFO] [交付] features_q1 vision  拼接完成 (Σ=11790, D=35, float32)
[2026-09-24 16:51:19] [INFO] [交付] 写出 D:\23届建模\data\q1_delivery\features_q1.npz（11.63 MB）
[2026-09-24 16:51:20] [INFO] [交付] 写出 D:\23届建模\data\q1_delivery\alignment_q1.json（0.76 MB）
[2026-09-24 16:51:21] [INFO] [交付] 写出 D:\23届建模\data\q1_delivery\summary_q1.csv（100 行）
[2026-09-24 16:51:26] [INFO] [交付] 写出 D:\23届建模\data\q1_delivery\extract_config.json（9.1 KB）
[2026-09-24 16:51:28] [INFO] [交付] 写出 D:\23届建模\data\q1_delivery\size_budget.csv
[2026-09-24 16:51:29] [INFO] [可视化] 中文字体: Microsoft YaHei
[2026-09-24 16:51:31] [INFO] [可视化] 已输出 D:\23届建模\data\q1_delivery\figures\-a55Q6RWvTA_3_timeline.png
[2026-09-24 16:51:31] [INFO] [可视化] 已输出对应表 D:\23届建模\data\q1_delivery\correspondence\-a55Q6RWvTA_3_correspondence.csv
[2026-09-24 16:51:33] [INFO] [可视化] 已输出 D:\23届建模\data\q1_delivery\figures\-mJ2ud6oKI8_6_timeline.png
[2026-09-24 16:51:33] [INFO] [可视化] 已输出对应表 D:\23届建模\data\q1_delivery\correspondence\-mJ2ud6oKI8_6_correspondence.csv
[2026-09-24 16:51:35] [INFO] [可视化] 已输出 D:\23届建模\data\q1_delivery\figures\-s9qJ7ATP7w_8_timeline.png
[2026-09-24 16:51:35] [INFO] [可视化] 已输出对应表 D:\23届建模\data\q1_delivery\correspondence\-s9qJ7ATP7w_8_correspondence.csv
[2026-09-24 16:51:37] [INFO] [可视化] 已输出 D:\23届建模\data\q1_delivery\figures\-UuX1xuaiiE_1_timeline.png
[2026-09-24 16:51:37] [INFO] [可视化] 已输出对应表 D:\23届建模\data\q1_delivery\correspondence\-UuX1xuaiiE_1_correspondence.csv
[2026-09-24 16:51:39] [INFO] [可视化] 已输出 D:\23届建模\data\q1_delivery\figures\-ri04Z7vwnc_0_timeline.png
[2026-09-24 16:51:39] [INFO] [可视化] 已输出对应表 D:\23届建模\data\q1_delivery\correspondence\-ri04Z7vwnc_0_correspondence.csv
[2026-09-24 16:51:39] [INFO] [典型] 写出 typical_samples.csv（5 类）
[2026-09-24 16:51:39] [INFO] [交付]   anomaly_ledger.csv                                   0.033 MB
[2026-09-24 16:51:39] [INFO] [交付]   features_q1.npz                                      11.635 MB
[2026-09-24 16:51:39] [INFO] [交付]   alignment_q1.json                                    0.758 MB
[2026-09-24 16:51:39] [INFO] [交付]   summary_q1.csv                                       0.044 MB
[2026-09-24 16:51:39] [INFO] [交付]   extract_config.json                                  0.009 MB
[2026-09-24 16:51:39] [INFO] [交付]   size_budget.csv                                      0.001 MB
[2026-09-24 16:51:39] [INFO] [交付]   typical_samples.csv                                  0.001 MB
[2026-09-24 16:51:39] [INFO] [交付]   figures/-a55Q6RWvTA_3_timeline.png                   0.841 MB
[2026-09-24 16:51:39] [INFO] [交付]   figures/-mJ2ud6oKI8_6_timeline.png                   0.654 MB
[2026-09-24 16:51:39] [INFO] [交付]   figures/-s9qJ7ATP7w_8_timeline.png                   0.648 MB
[2026-09-24 16:51:39] [INFO] [交付]   figures/-UuX1xuaiiE_1_timeline.png                   0.752 MB
[2026-09-24 16:51:39] [INFO] [交付]   figures/-ri04Z7vwnc_0_timeline.png                   0.325 MB
[2026-09-24 16:51:39] [INFO] [交付] 交付物合计 15.70 MB / 上限 50 MB，余量 34.30 MB
[2026-09-24 16:51:39] [INFO] [交付] 完成：12 个交付物，合计 15.70 MB
[2026-09-24 16:51:49] [INFO] [数据] 已读取工作表 'label': 100 行
[2026-09-24 16:51:49] [INFO] [数据] 加载标注表: 100 条样本, 列名: ['video_id', 'clip_id', 'text', 'label', 'annotation']
[2026-09-24 16:51:49] [INFO] [核验] 样本 100 条，开始 12 项机器检查 ...
[2026-09-24 16:51:49] [INFO] [数据] 已读取工作表 'label': 100 行
[2026-09-24 16:51:49] [INFO] [数据] 加载标注表: 100 条样本, 列名: ['video_id', 'clip_id', 'text', 'label', 'annotation']
[2026-09-24 16:52:19] [INFO] [核验] V1   覆盖完整性（双向集合相等）                            通过（检查 100，失败 0）
[2026-09-24 16:52:19] [INFO] [核验] V2   词区间单调且不越出视频范围                            通过（检查 900，失败 0）
[2026-09-24 16:52:19] [INFO] [核验] V3   序列长度与词索引一致                               通过（检查 1403，失败 0）
[2026-09-24 16:52:19] [INFO] [核验] V4   每个音视频聚合值都能找到来源帧                          通过（检查 12626，失败 0）
[2026-09-24 16:52:19] [INFO] [核验] V5   槽几何与可逆映射                                 通过（检查 300，失败 0）
[2026-09-24 16:52:19] [INFO] [核验] V6   填充规则一致性                                  通过（检查 401，失败 0）
[2026-09-24 16:52:19] [INFO] [核验] V7   数值合规（无 NaN/Inf，dtype 正确）                 通过（检查 1200，失败 0）
[2026-09-24 16:52:19] [INFO] [核验] V8   时长口径交叉核对（外部 ffprobe）                     通过（检查 100，失败 0）
[2026-09-24 16:52:19] [INFO] [核验] V9   预训练权重真实性（掩码补全，外部证据）                      通过（检查 2，失败 0）
[2026-09-24 16:52:19] [INFO] [核验] V10  跨样本重复检测                                  通过（检查 300，失败 0）
[2026-09-24 16:52:19] [INFO] [核验] V11  产物新鲜度（对齐晚于特征）                            通过（检查 4，失败 0）
[2026-09-24 16:52:19] [INFO] [核验] V12  异常普查（仅用于标注，不用于删除）                        通过（检查 100，失败 0）
[2026-09-24 16:52:19] [INFO] [核验] 结论：全部通过（12/12 项通过）。报告 D:\23届建模\data\q1_delivery\verify_report.json / D:\23届建模\data\q1_delivery\verify_report.md
[2026-09-24 16:52:21] [INFO] [文档] 写出 D:\23届建模\data\q1_delivery\README_问题一交付与验证.md（694 行，48.9 KB）
[2026-09-24 16:52:41] [INFO] [文档] 写出 D:\23届建模\data\q1_delivery\README_问题一交付与验证.md（700 行，50.0 KB）
[2026-09-24 16:52:58] [INFO] [文档] 写出 D:\23届建模\data\q1_delivery\README_问题一交付与验证.md（700 行，50.2 KB）
[2026-09-24 16:53:12] [INFO] [数据] 已读取工作表 'label': 100 行
[2026-09-24 16:53:12] [INFO] [数据] 加载标注表: 100 条样本, 列名: ['video_id', 'clip_id', 'text', 'label', 'annotation']
[2026-09-24 16:53:13] [INFO] [恢复] 从 100 个单样本对齐文件重建 results
[2026-09-24 16:53:13] [WARNING] [恢复] slot_time_map.csv 被外部程序占用，跳过（请关闭后重跑本脚本）：[Errno 13] Permission denied: 'D:\\23届建模\\data\\aligned\\slot_time_map.csv'
[2026-09-24 16:53:13] [INFO] [恢复] 写出 D:\23届建模\data\aligned\align_summary.csv
[2026-09-24 16:53:13] [INFO] [恢复] 完成 ['align_summary.csv']；被占用 ['slot_time_map.csv']
[2026-09-24 16:53:36] [INFO] [数据] 已读取工作表 'label': 100 行
[2026-09-24 16:53:36] [INFO] [数据] 加载标注表: 100 条样本, 列名: ['video_id', 'clip_id', 'text', 'label', 'annotation']
[2026-09-24 16:53:36] [INFO] [核验] 样本 100 条，开始 12 项机器检查 ...
[2026-09-24 16:53:36] [INFO] [数据] 已读取工作表 'label': 100 行
[2026-09-24 16:53:36] [INFO] [数据] 加载标注表: 100 条样本, 列名: ['video_id', 'clip_id', 'text', 'label', 'annotation']
[2026-09-24 16:54:06] [INFO] [核验] V1   覆盖完整性（双向集合相等）                            通过（检查 100，失败 0）
[2026-09-24 16:54:06] [INFO] [核验] V2   词区间单调且不越出视频范围                            通过（检查 900，失败 0）
[2026-09-24 16:54:06] [INFO] [核验] V3   序列长度与词索引一致                               通过（检查 1403，失败 0）
[2026-09-24 16:54:06] [INFO] [核验] V4   每个音视频聚合值都能找到来源帧                          通过（检查 12626，失败 0）
[2026-09-24 16:54:06] [INFO] [核验] V5   槽几何与可逆映射                                 通过（检查 300，失败 0）
[2026-09-24 16:54:06] [INFO] [核验] V6   填充规则一致性                                  通过（检查 401，失败 0）
[2026-09-24 16:54:06] [INFO] [核验] V7   数值合规（无 NaN/Inf，dtype 正确）                 通过（检查 1200，失败 0）
[2026-09-24 16:54:06] [INFO] [核验] V8   时长口径交叉核对（外部 ffprobe）                     通过（检查 100，失败 0）
[2026-09-24 16:54:06] [INFO] [核验] V9   预训练权重真实性（掩码补全，外部证据）                      通过（检查 2，失败 0）
[2026-09-24 16:54:06] [INFO] [核验] V10  跨样本重复检测                                  通过（检查 300，失败 0）
[2026-09-24 16:54:06] [INFO] [核验] V11  产物新鲜度（对齐晚于特征）                            通过（检查 4，失败 0）
[2026-09-24 16:54:06] [INFO] [核验] V12  异常普查（仅用于标注，不用于删除）                        通过（检查 100，失败 0）
[2026-09-24 16:54:06] [INFO] [核验] 结论：全部通过（12/12 项通过）。报告 D:\23届建模\data\q1_delivery\verify_report.json / D:\23届建模\data\q1_delivery\verify_report.md
[2026-09-24 16:54:54] [INFO] [数据] 已读取工作表 'label': 100 行
[2026-09-24 16:54:54] [INFO] [数据] 加载标注表: 100 条样本, 列名: ['video_id', 'clip_id', 'text', 'label', 'annotation']
[2026-09-24 16:54:55] [INFO] [交付] 写出 anomaly_ledger.csv（151 行，15 类异常）
[2026-09-24 16:54:55] [INFO] [交付] features_q1 text    拼接完成 (Σ=2191, D=768, float32)
[2026-09-24 16:54:56] [INFO] [交付] features_q1 audio   拼接完成 (Σ=15588, D=74, float32)
[2026-09-24 16:54:56] [INFO] [交付] features_q1 vision  拼接完成 (Σ=11790, D=35, float32)
[2026-09-24 16:54:57] [INFO] [交付] 写出 D:\23届建模\data\q1_delivery\features_q1.npz（11.63 MB）
[2026-09-24 16:54:58] [INFO] [交付] 写出 D:\23届建模\data\q1_delivery\alignment_q1.json（0.76 MB）
[2026-09-24 16:54:59] [INFO] [交付] 写出 D:\23届建模\data\q1_delivery\summary_q1.csv（100 行）
[2026-09-24 16:55:04] [INFO] [交付] 写出 D:\23届建模\data\q1_delivery\extract_config.json（9.3 KB）
[2026-09-24 16:55:06] [INFO] [交付] 写出 D:\23届建模\data\q1_delivery\size_budget.csv
[2026-09-24 16:55:07] [INFO] [可视化] 中文字体: Microsoft YaHei
[2026-09-24 16:55:09] [INFO] [可视化] 已输出 D:\23届建模\data\q1_delivery\figures\-a55Q6RWvTA_3_timeline.png
[2026-09-24 16:55:09] [INFO] [可视化] 已输出对应表 D:\23届建模\data\q1_delivery\correspondence\-a55Q6RWvTA_3_correspondence.csv
[2026-09-24 16:55:10] [INFO] [可视化] 已输出 D:\23届建模\data\q1_delivery\figures\-mJ2ud6oKI8_6_timeline.png
[2026-09-24 16:55:10] [INFO] [可视化] 已输出对应表 D:\23届建模\data\q1_delivery\correspondence\-mJ2ud6oKI8_6_correspondence.csv
[2026-09-24 16:55:12] [INFO] [可视化] 已输出 D:\23届建模\data\q1_delivery\figures\-s9qJ7ATP7w_8_timeline.png
[2026-09-24 16:55:12] [INFO] [可视化] 已输出对应表 D:\23届建模\data\q1_delivery\correspondence\-s9qJ7ATP7w_8_correspondence.csv
[2026-09-24 16:55:15] [INFO] [可视化] 已输出 D:\23届建模\data\q1_delivery\figures\-UuX1xuaiiE_1_timeline.png
[2026-09-24 16:55:15] [INFO] [可视化] 已输出对应表 D:\23届建模\data\q1_delivery\correspondence\-UuX1xuaiiE_1_correspondence.csv
[2026-09-24 16:55:17] [INFO] [可视化] 已输出 D:\23届建模\data\q1_delivery\figures\-ri04Z7vwnc_0_timeline.png
[2026-09-24 16:55:17] [INFO] [可视化] 已输出对应表 D:\23届建模\data\q1_delivery\correspondence\-ri04Z7vwnc_0_correspondence.csv
[2026-09-24 16:55:17] [INFO] [典型] 写出 typical_samples.csv（5 类）
[2026-09-24 16:55:17] [INFO] [交付]   anomaly_ledger.csv                                   0.033 MB
[2026-09-24 16:55:17] [INFO] [交付]   features_q1.npz                                      11.635 MB
[2026-09-24 16:55:17] [INFO] [交付]   alignment_q1.json                                    0.758 MB
[2026-09-24 16:55:17] [INFO] [交付]   summary_q1.csv                                       0.044 MB
[2026-09-24 16:55:17] [INFO] [交付]   extract_config.json                                  0.009 MB
[2026-09-24 16:55:17] [INFO] [交付]   size_budget.csv                                      0.001 MB
[2026-09-24 16:55:17] [INFO] [交付]   typical_samples.csv                                  0.001 MB
[2026-09-24 16:55:17] [INFO] [交付]   figures/-a55Q6RWvTA_3_timeline.png                   0.841 MB
[2026-09-24 16:55:17] [INFO] [交付]   figures/-mJ2ud6oKI8_6_timeline.png                   0.654 MB
[2026-09-24 16:55:17] [INFO] [交付]   figures/-s9qJ7ATP7w_8_timeline.png                   0.648 MB
[2026-09-24 16:55:17] [INFO] [交付]   figures/-UuX1xuaiiE_1_timeline.png                   0.752 MB
[2026-09-24 16:55:17] [INFO] [交付]   figures/-ri04Z7vwnc_0_timeline.png                   0.325 MB
[2026-09-24 16:55:17] [INFO] [交付] 交付物合计 15.70 MB / 上限 50 MB，余量 34.30 MB
[2026-09-24 16:55:17] [INFO] [交付] 完成：12 个交付物，合计 15.70 MB
[2026-09-24 16:55:19] [INFO] [数据] 已读取工作表 'label': 100 行
[2026-09-24 16:55:19] [INFO] [数据] 加载标注表: 100 条样本, 列名: ['video_id', 'clip_id', 'text', 'label', 'annotation']
[2026-09-24 16:55:19] [INFO] [核验] 样本 100 条，开始 12 项机器检查 ...
[2026-09-24 16:55:19] [INFO] [数据] 已读取工作表 'label': 100 行
[2026-09-24 16:55:19] [INFO] [数据] 加载标注表: 100 条样本, 列名: ['video_id', 'clip_id', 'text', 'label', 'annotation']
[2026-09-24 16:55:49] [INFO] [核验] V1   覆盖完整性（双向集合相等）                            通过（检查 100，失败 0）
[2026-09-24 16:55:49] [INFO] [核验] V2   词区间单调且不越出视频范围                            通过（检查 900，失败 0）
[2026-09-24 16:55:49] [INFO] [核验] V3   序列长度与词索引一致                               通过（检查 1403，失败 0）
[2026-09-24 16:55:49] [INFO] [核验] V4   每个音视频聚合值都能找到来源帧                          通过（检查 12626，失败 0）
[2026-09-24 16:55:49] [INFO] [核验] V5   槽几何与可逆映射                                 通过（检查 300，失败 0）
[2026-09-24 16:55:49] [INFO] [核验] V6   填充规则一致性                                  通过（检查 401，失败 0）
[2026-09-24 16:55:49] [INFO] [核验] V7   数值合规（无 NaN/Inf，dtype 正确）                 通过（检查 1200，失败 0）
[2026-09-24 16:55:49] [INFO] [核验] V8   时长口径交叉核对（外部 ffprobe）                     通过（检查 100，失败 0）
[2026-09-24 16:55:49] [INFO] [核验] V9   预训练权重真实性（掩码补全，外部证据）                      通过（检查 2，失败 0）
[2026-09-24 16:55:49] [INFO] [核验] V10  跨样本重复检测                                  通过（检查 300，失败 0）
[2026-09-24 16:55:49] [INFO] [核验] V11  产物新鲜度（对齐晚于特征）                            通过（检查 4，失败 0）
[2026-09-24 16:55:49] [INFO] [核验] V12  异常普查（仅用于标注，不用于删除）                        通过（检查 100，失败 0）
[2026-09-24 16:55:49] [INFO] [核验] 结论：全部通过（12/12 项通过）。报告 D:\23届建模\data\q1_delivery\verify_report.json / D:\23届建模\data\q1_delivery\verify_report.md
[2026-09-24 16:55:51] [INFO] [文档] 写出 D:\23届建模\data\q1_delivery\README_问题一交付与验证.md（703 行，50.4 KB）
[2026-09-24 16:56:06] [INFO] [文档] 写出 D:\23届建模\data\q1_delivery\README_问题一交付与验证.md（703 行，50.5 KB）
[2026-09-24 17:00:33] [INFO] [数据] 已读取工作表 'label': 100 行
[2026-09-24 17:00:33] [INFO] [数据] 加载标注表: 100 条样本, 列名: ['video_id', 'clip_id', 'text', 'label', 'annotation']
[2026-09-24 17:00:33] [INFO] [恢复] 从 100 个单样本对齐文件重建 results
[2026-09-24 17:02:11] [INFO] [数据] 已读取工作表 'label': 100 行
[2026-09-24 17:02:11] [INFO] [数据] 加载标注表: 100 条样本, 列名: ['video_id', 'clip_id', 'text', 'label', 'annotation']
[2026-09-24 17:02:11] [INFO] [恢复] 从 100 个单样本对齐文件重建 results
[2026-09-24 17:02:32] [INFO] [数据] 已读取工作表 'label': 100 行
[2026-09-24 17:02:32] [INFO] [数据] 加载标注表: 100 条样本, 列名: ['video_id', 'clip_id', 'text', 'label', 'annotation']
[2026-09-24 17:02:32] [INFO] [恢复] 从 100 个单样本对齐文件重建 results
[2026-09-24 17:02:32] [INFO] [恢复] 写出 D:\23届建模\data\aligned\slot_time_map.csv
[2026-09-24 17:02:32] [INFO] [恢复] 写出 D:\23届建模\data\aligned\align_summary.csv
[2026-09-24 17:02:32] [INFO] [恢复] 完成 ['slot_time_map.csv', 'align_summary.csv']；被占用 []
[2026-09-24 17:03:32] [INFO] [数据] 已读取工作表 'label': 100 行
[2026-09-24 17:03:32] [INFO] [数据] 加载标注表: 100 条样本, 列名: ['video_id', 'clip_id', 'text', 'label', 'annotation']
[2026-09-24 17:03:32] [INFO] [核验] 样本 100 条，开始 12 项机器检查 ...
[2026-09-24 17:03:32] [INFO] [数据] 已读取工作表 'label': 100 行
[2026-09-24 17:03:32] [INFO] [数据] 加载标注表: 100 条样本, 列名: ['video_id', 'clip_id', 'text', 'label', 'annotation']
[2026-09-24 17:04:07] [INFO] [核验] V1   覆盖完整性（双向集合相等）                            通过（检查 100，失败 0）
[2026-09-24 17:04:07] [INFO] [核验] V2   词区间单调且不越出视频范围                            通过（检查 900，失败 0）
[2026-09-24 17:04:07] [INFO] [核验] V3   序列长度与词索引一致                               通过（检查 1403，失败 0）
[2026-09-24 17:04:07] [INFO] [核验] V4   每个音视频聚合值都能找到来源帧                          通过（检查 12626，失败 0）
[2026-09-24 17:04:07] [INFO] [核验] V5   槽几何与可逆映射                                 通过（检查 300，失败 0）
[2026-09-24 17:04:07] [INFO] [核验] V6   填充规则一致性                                  通过（检查 401，失败 0）
[2026-09-24 17:04:07] [INFO] [核验] V7   数值合规（无 NaN/Inf，dtype 正确）                 通过（检查 1200，失败 0）
[2026-09-24 17:04:07] [INFO] [核验] V8   时长口径交叉核对（外部 ffprobe）                     通过（检查 100，失败 0）
[2026-09-24 17:04:07] [INFO] [核验] V9   预训练权重真实性（掩码补全，外部证据）                      通过（检查 2，失败 0）
[2026-09-24 17:04:07] [INFO] [核验] V10  跨样本重复检测                                  通过（检查 300，失败 0）
[2026-09-24 17:04:07] [INFO] [核验] V11  产物新鲜度（对齐晚于特征）                            通过（检查 4，失败 0）
[2026-09-24 17:04:07] [INFO] [核验] V12  异常普查（仅用于标注，不用于删除）                        通过（检查 100，失败 0）
[2026-09-24 17:04:07] [INFO] [核验] 结论：全部通过（12/12 项通过）。报告 D:\23届建模\data\q1_delivery\verify_report.json / D:\23届建模\data\q1_delivery\verify_report.md
[2026-09-24 17:04:15] [INFO] [文档] 写出 D:\23届建模\data\q1_delivery\README_问题一交付与验证.md（703 行，50.5 KB）
[2026-09-25 13:23:37] [INFO] [数据] 已读取工作表 'label': 100 行
[2026-09-25 13:23:37] [INFO] [数据] 加载标注表: 100 条样本, 列名: ['video_id', 'clip_id', 'text', 'label', 'annotation']
[2026-09-25 13:23:37] [INFO] ========================================================================
[2026-09-25 13:23:37] [INFO] 流水线启动：100 条样本；未对齐输出 D:\23届建模\data\unaligned_features；对齐输出 D:\23届建模\data\aligned
[2026-09-25 13:23:37] [INFO] ========================================================================
[2026-09-25 13:23:37] [INFO] ------------------------------------------------------------------------
[2026-09-25 13:23:37] [INFO] [1/4] 开始：文本（RoBERTa 词级，不对齐）
[2026-09-25 13:24:33] [INFO] [文本] 模型就绪 roberta-base（hidden=768, device=cpu, max_length=512）
[2026-09-25 13:24:33] [INFO] [文本] (1/100) 已存在，跳过 -3g5yACwYnA_13
[2026-09-25 13:24:33] [INFO] [文本] (2/100) 已存在，跳过 -3g5yACwYnA_3
[2026-09-25 13:24:33] [INFO] [文本] (3/100) 已存在，跳过 -3g5yACwYnA_2
[2026-09-25 13:24:33] [INFO] [文本] (4/100) 已存在，跳过 -3g5yACwYnA_9
[2026-09-25 13:24:33] [INFO] [文本] (5/100) 已存在，跳过 -3nNcZdcdvU_5
[2026-09-25 13:24:33] [INFO] [文本] (6/100) 已存在，跳过 -HwX2H8Z4hY_2
[2026-09-25 13:24:33] [INFO] [文本] (7/100) 已存在，跳过 -HwX2H8Z4hY_5
[2026-09-25 13:24:33] [INFO] [文本] (8/100) 已存在，跳过 -HwX2H8Z4hY_6
[2026-09-25 13:24:33] [INFO] [文本] (9/100) 已存在，跳过 -HwX2H8Z4hY_9
[2026-09-25 13:24:33] [INFO] [文本] (10/100) 已存在，跳过 -NFrJFQijFE_1
[2026-09-25 13:24:33] [INFO] [文本] (11/100) 已存在，跳过 -NFrJFQijFE_2
[2026-09-25 13:24:33] [INFO] [文本] (12/100) 已存在，跳过 -THoVjtIkeU_12
[2026-09-25 13:24:33] [INFO] [文本] (13/100) 已存在，跳过 -THoVjtIkeU_2
[2026-09-25 13:24:33] [INFO] [文本] (14/100) 已存在，跳过 -THoVjtIkeU_6
[2026-09-25 13:24:33] [INFO] [文本] (15/100) 已存在，跳过 -UuX1xuaiiE_1
[2026-09-25 13:24:33] [INFO] [文本] (16/100) 已存在，跳过 -UuX1xuaiiE_0
[2026-09-25 13:24:33] [INFO] [文本] (17/100) 已存在，跳过 -UuX1xuaiiE_3
[2026-09-25 13:24:33] [INFO] [文本] (18/100) 已存在，跳过 -UuX1xuaiiE_6
[2026-09-25 13:24:33] [INFO] [文本] (19/100) 已存在，跳过 -a55Q6RWvTA_3
[2026-09-25 13:24:33] [INFO] [文本] (20/100) 已存在，跳过 -aNfi7CP8vM_7
[2026-09-25 13:24:33] [INFO] [文本] (21/100) 已存在，跳过 -aqamKhZ1Ec_0
[2026-09-25 13:24:33] [INFO] [文本] (22/100) 已存在，跳过 -dxfTGcXJoc_1
[2026-09-25 13:24:33] [INFO] [文本] (23/100) 已存在，跳过 -dxfTGcXJoc_0
[2026-09-25 13:24:33] [INFO] [文本] (24/100) 已存在，跳过 -dxfTGcXJoc_2
[2026-09-25 13:24:33] [INFO] [文本] (25/100) 已存在，跳过 -dxfTGcXJoc_6
[2026-09-25 13:24:33] [INFO] [文本] (26/100) 已存在，跳过 -egA8-b7-3M_26
[2026-09-25 13:24:33] [INFO] [文本] (27/100) 已存在，跳过 -egA8-b7-3M_17
[2026-09-25 13:24:33] [INFO] [文本] (28/100) 已存在，跳过 -egA8-b7-3M_18
[2026-09-25 13:24:33] [INFO] [文本] (29/100) 已存在，跳过 -egA8-b7-3M_16
[2026-09-25 13:24:33] [INFO] [文本] (30/100) 已存在，跳过 -egA8-b7-3M_13
[2026-09-25 13:24:33] [INFO] [文本] (31/100) 已存在，跳过 -egA8-b7-3M_1
[2026-09-25 13:24:33] [INFO] [文本] (32/100) 已存在，跳过 -egA8-b7-3M_6
[2026-09-25 13:24:33] [INFO] [文本] (33/100) 已存在，跳过 -egA8-b7-3M_9
[2026-09-25 13:24:33] [INFO] [文本] (34/100) 已存在，跳过 -egA8-b7-3M_20
[2026-09-25 13:24:33] [INFO] [文本] (35/100) 已存在，跳过 -iRBcNs9oI8_3
[2026-09-25 13:24:33] [INFO] [文本] (36/100) 已存在，跳过 -iRBcNs9oI8_7
[2026-09-25 13:24:33] [INFO] [文本] (37/100) 已存在，跳过 -iRBcNs9oI8_6
[2026-09-25 13:24:33] [INFO] [文本] (38/100) 已存在，跳过 -iRBcNs9oI8_9
[2026-09-25 13:24:33] [INFO] [文本] (39/100) 已存在，跳过 -iRBcNs9oI8_8
[2026-09-25 13:24:33] [INFO] [文本] (40/100) 已存在，跳过 -lzEya4AM_4_5
[2026-09-25 13:24:33] [INFO] [文本] (41/100) 已存在，跳过 -lzEya4AM_4_6
[2026-09-25 13:24:33] [INFO] [文本] (42/100) 已存在，跳过 -mJ2ud6oKI8_1
[2026-09-25 13:24:33] [INFO] [文本] (43/100) 已存在，跳过 -mJ2ud6oKI8_2
[2026-09-25 13:24:33] [INFO] [文本] (44/100) 已存在，跳过 -mJ2ud6oKI8_6
[2026-09-25 13:24:33] [INFO] [文本] (45/100) 已存在，跳过 -mJ2ud6oKI8_9
[2026-09-25 13:24:33] [INFO] [文本] (46/100) 已存在，跳过 -mJ2ud6oKI8_8
[2026-09-25 13:24:33] [INFO] [文本] (47/100) 已存在，跳过 -mqbVkbCndg_0
[2026-09-25 13:24:33] [INFO] [文本] (48/100) 已存在，跳过 -t217m2on-s_2
[2026-09-25 13:24:33] [INFO] [文本] (49/100) 已存在，跳过 -t217m2on-s_7
[2026-09-25 13:24:33] [INFO] [文本] (50/100) 已存在，跳过 -tANM6ETl_M_3
[2026-09-25 13:24:33] [INFO] [文本] (51/100) 已存在，跳过 -tPCytz4rww_11
[2026-09-25 13:24:33] [INFO] [文本] (52/100) 已存在，跳过 -tPCytz4rww_10
[2026-09-25 13:24:33] [INFO] [文本] (53/100) 已存在，跳过 -tPCytz4rww_12
[2026-09-25 13:24:33] [INFO] [文本] (54/100) 已存在，跳过 -tPCytz4rww_16
[2026-09-25 13:24:33] [INFO] [文本] (55/100) 已存在，跳过 -tPCytz4rww_18
[2026-09-25 13:24:33] [INFO] [文本] (56/100) 已存在，跳过 -vxjVxOeScU_4
[2026-09-25 13:24:33] [INFO] [文本] (57/100) 已存在，跳过 -wMB_hJL-3o_7
[2026-09-25 13:24:33] [INFO] [文本] (58/100) 已存在，跳过 -wny0OAz3g8_1
[2026-09-25 13:24:33] [INFO] [文本] (59/100) 已存在，跳过 -wny0OAz3g8_0
[2026-09-25 13:24:33] [INFO] [文本] (60/100) 已存在，跳过 -wny0OAz3g8_3
[2026-09-25 13:24:33] [INFO] [文本] (61/100) 已存在，跳过 -wny0OAz3g8_2
[2026-09-25 13:24:33] [INFO] [文本] (62/100) 已存在，跳过 -wny0OAz3g8_5
[2026-09-25 13:24:33] [INFO] [文本] (63/100) 已存在，跳过 -wny0OAz3g8_7
[2026-09-25 13:24:33] [INFO] [文本] (64/100) 已存在，跳过 -wny0OAz3g8_9
[2026-09-25 13:24:33] [INFO] [文本] (65/100) 已存在，跳过 -571d8cVauQ_0
[2026-09-25 13:24:33] [INFO] [文本] (66/100) 已存在，跳过 -571d8cVauQ_5
[2026-09-25 13:24:33] [INFO] [文本] (67/100) 已存在，跳过 -I_e4mIh0yE_1
[2026-09-25 13:24:33] [INFO] [文本] (68/100) 已存在，跳过 -I_e4mIh0yE_3
[2026-09-25 13:24:33] [INFO] [文本] (69/100) 已存在，跳过 -UacrmKiTn4_10
[2026-09-25 13:24:33] [INFO] [文本] (70/100) 已存在，跳过 -UacrmKiTn4_4
[2026-09-25 13:24:33] [INFO] [文本] (71/100) 已存在，跳过 -hnBHBN8p5A_7
[2026-09-25 13:24:33] [INFO] [文本] (72/100) 已存在，跳过 -hnBHBN8p5A_6
[2026-09-25 13:24:33] [INFO] [文本] (73/100) 已存在，跳过 -qDkUB0GgYY_6
[2026-09-25 13:24:33] [INFO] [文本] (74/100) 已存在，跳过 -uywlfIYOS8_4
[2026-09-25 13:24:33] [INFO] [文本] (75/100) 已存在，跳过 -6rXp3zJ3kc_8
[2026-09-25 13:24:33] [INFO] [文本] (76/100) 已存在，跳过 -9y-fZ3swSY_0
[2026-09-25 13:24:33] [INFO] [文本] (77/100) 已存在，跳过 -9y-fZ3swSY_4
[2026-09-25 13:24:33] [INFO] [文本] (78/100) 已存在，跳过 -9y-fZ3swSY_8
[2026-09-25 13:24:33] [INFO] [文本] (79/100) 已存在，跳过 -AUZQgSxyPQ_2
[2026-09-25 13:24:33] [INFO] [文本] (80/100) 已存在，跳过 -HeZS2-Prhc_2
[2026-09-25 13:24:33] [INFO] [文本] (81/100) 已存在，跳过 -MeTTeMJBNc_0
[2026-09-25 13:24:33] [INFO] [文本] (82/100) 已存在，跳过 -MeTTeMJBNc_13
[2026-09-25 13:24:33] [INFO] [文本] (83/100) 已存在，跳过 -MeTTeMJBNc_7
[2026-09-25 13:24:33] [INFO] [文本] (84/100) 已存在，跳过 -RfYyzHpjk4_11
[2026-09-25 13:24:33] [INFO] [文本] (85/100) 已存在，跳过 -RfYyzHpjk4_8
[2026-09-25 13:24:33] [INFO] [文本] (86/100) 已存在，跳过 -RfYyzHpjk4_2
[2026-09-25 13:24:33] [INFO] [文本] (87/100) 已存在，跳过 -UUCSKoHeMA_0
[2026-09-25 13:24:33] [INFO] [文本] (88/100) 已存在，跳过 -ri04Z7vwnc_0
[2026-09-25 13:24:33] [INFO] [文本] (89/100) 已存在，跳过 -ri04Z7vwnc_2
[2026-09-25 13:24:33] [INFO] [文本] (90/100) 已存在，跳过 -ri04Z7vwnc_5
[2026-09-25 13:24:33] [INFO] [文本] (91/100) 已存在，跳过 -s9qJ7ATP7w_1
[2026-09-25 13:24:33] [INFO] [文本] (92/100) 已存在，跳过 -s9qJ7ATP7w_0
[2026-09-25 13:24:33] [INFO] [文本] (93/100) 已存在，跳过 -s9qJ7ATP7w_5
[2026-09-25 13:24:33] [INFO] [文本] (94/100) 已存在，跳过 -s9qJ7ATP7w_4
[2026-09-25 13:24:33] [INFO] [文本] (95/100) 已存在，跳过 -s9qJ7ATP7w_7
[2026-09-25 13:24:33] [INFO] [文本] (96/100) 已存在，跳过 -s9qJ7ATP7w_6
[2026-09-25 13:24:33] [INFO] [文本] (97/100) 已存在，跳过 -s9qJ7ATP7w_8
[2026-09-25 13:24:33] [INFO] [文本] (98/100) 已存在，跳过 -yRb-Jum7EQ_1
[2026-09-25 13:24:33] [INFO] [文本] (99/100) 已存在，跳过 -yRb-Jum7EQ_5
[2026-09-25 13:24:33] [INFO] [文本] (100/100) 已存在，跳过 -yRb-Jum7EQ_6
[2026-09-25 13:24:33] [INFO] [文本] 完成：成功 0 / 跳过 100 / 失败 0（输出目录 D:\23届建模\data\unaligned_features\text）
[2026-09-25 13:24:33] [INFO] [1/4] 完成：文本（RoBERTa 词级，不对齐）（用时 55.8 s）
[2026-09-25 13:24:33] [INFO] ------------------------------------------------------------------------
[2026-09-25 13:24:33] [INFO] [2/4] 开始：语音（74 维 @ 20 Hz，不对齐）
[2026-09-25 13:24:33] [INFO] [音频] 逐帧 74 维，帧率 20.0 Hz（sr=16000, hop=800=50.0 ms, win=1024, n_mfcc=20）
[2026-09-25 13:24:33] [INFO] [音频] 完成：成功 0 / 跳过 100 / 失败 0（输出目录 D:\23届建模\data\unaligned_features\audio）
[2026-09-25 13:24:33] [INFO] [2/4] 完成：语音（74 维 @ 20 Hz，不对齐）（用时 0.0 s）
[2026-09-25 13:24:33] [INFO] ------------------------------------------------------------------------
[2026-09-25 13:24:33] [INFO] [3/4] 开始：视觉（35 维人脸特征 @ 15 Hz，不对齐；逐样本看门狗）
[2026-09-25 13:24:33] [INFO] [视觉] 待处理 0 条，逐样本看门狗超时 900 s
[2026-09-25 13:24:33] [INFO] [3/4] 完成：视觉（35 维人脸特征 @ 15 Hz，不对齐；逐样本看门狗）（用时 0.0 s）
[2026-09-25 13:24:33] [INFO] ------------------------------------------------------------------------
[2026-09-25 13:24:33] [INFO] [4/4] 开始：三模态对齐（统一秒轴 → (50,D)）
[2026-09-25 13:24:33] [INFO] [对齐] (1/100) -3g5yACwYnA_13 时长=5.51s 槽宽=0.1103s | 有效槽 文本17/语音49/视觉50
[2026-09-25 13:24:33] [INFO] [对齐] (2/100) -3g5yACwYnA_3 时长=14.39s 槽宽=0.2878s | 有效槽 文本34/语音50/视觉50
[2026-09-25 13:24:33] [INFO] [对齐] (3/100) -3g5yACwYnA_2 时长=9.39s 槽宽=0.1879s | 有效槽 文本16/语音49/视觉50
[2026-09-25 13:24:33] [INFO] [对齐] (4/100) -3g5yACwYnA_9 时长=8.82s 槽宽=0.1763s | 有效槽 文本28/语音50/视觉50
[2026-09-25 13:24:33] [INFO] [对齐] (5/100) -3nNcZdcdvU_5 时长=7.87s 槽宽=0.1574s | 有效槽 文本19/语音50/视觉50
[2026-09-25 13:24:33] [INFO] [对齐] (6/100) -HwX2H8Z4hY_2 时长=3.98s 槽宽=0.0796s | 有效槽 文本11/语音49/视觉50
[2026-09-25 13:24:33] [INFO] [对齐] (7/100) -HwX2H8Z4hY_5 时长=5.65s 槽宽=0.1131s | 有效槽 文本10/语音49/视觉50
[2026-09-25 13:24:33] [INFO] [对齐] (8/100) -HwX2H8Z4hY_6 时长=3.36s 槽宽=0.0672s | 有效槽 文本8/语音49/视觉49
[2026-09-25 13:24:33] [INFO] [对齐] (9/100) -HwX2H8Z4hY_9 时长=7.73s 槽宽=0.1547s | 有效槽 文本23/语音50/视觉50
[2026-09-25 13:24:33] [INFO] [对齐] (10/100) -NFrJFQijFE_1 时长=5.75s 槽宽=0.1149s | 有效槽 文本16/语音50/视觉50
[2026-09-25 13:24:33] [INFO] [对齐] (11/100) -NFrJFQijFE_2 时长=6.86s 槽宽=0.1371s | 有效槽 文本18/语音49/视觉50
[2026-09-25 13:24:33] [INFO] [对齐] (12/100) -THoVjtIkeU_12 时长=14.90s 槽宽=0.2979s | 有效槽 文本42/语音50/视觉50
[2026-09-25 13:24:33] [INFO] [对齐] (13/100) -THoVjtIkeU_2 时长=4.29s 槽宽=0.0858s | 有效槽 文本11/语音49/视觉49
[2026-09-25 13:24:33] [INFO] [对齐] (14/100) -THoVjtIkeU_6 时长=8.10s 槽宽=0.1619s | 有效槽 文本32/语音50/视觉50
[2026-09-25 13:24:33] [INFO] [对齐] (15/100) -UuX1xuaiiE_1 时长=10.35s 槽宽=0.2070s | 有效槽 文本32/语音50/视觉50
[2026-09-25 13:24:33] [INFO] [对齐] (16/100) -UuX1xuaiiE_0 时长=3.63s 槽宽=0.0727s | 有效槽 文本11/语音49/视觉50
[2026-09-25 13:24:33] [INFO] [对齐] (17/100) -UuX1xuaiiE_3 时长=4.13s 槽宽=0.0826s | 有效槽 文本9/语音49/视觉50
[2026-09-25 13:24:33] [INFO] [对齐] (18/100) -UuX1xuaiiE_6 时长=8.11s 槽宽=0.1623s | 有效槽 文本23/语音49/视觉50
[2026-09-25 13:24:33] [INFO] [对齐] (19/100) -a55Q6RWvTA_3 时长=22.15s 槽宽=0.4431s | 有效槽 文本50/语音50/视觉50
[2026-09-25 13:24:33] [INFO] [对齐] (20/100) -aNfi7CP8vM_7 时长=8.70s 槽宽=0.1739s | 有效槽 文本22/语音49/视觉50
[2026-09-25 13:24:33] [INFO] [对齐] (21/100) -aqamKhZ1Ec_0 时长=10.97s 槽宽=0.2193s | 有效槽 文本16/语音50/视觉50
[2026-09-25 13:24:33] [INFO] [对齐] (22/100) -dxfTGcXJoc_1 时长=16.16s 槽宽=0.3232s | 有效槽 文本41/语音50/视觉50
[2026-09-25 13:24:34] [INFO] [对齐] (23/100) -dxfTGcXJoc_0 时长=20.50s 槽宽=0.4100s | 有效槽 文本47/语音50/视觉50
[2026-09-25 13:24:34] [INFO] [对齐] (24/100) -dxfTGcXJoc_2 时长=16.70s 槽宽=0.3340s | 有效槽 文本39/语音50/视觉50
[2026-09-25 13:24:34] [INFO] [对齐] (25/100) -dxfTGcXJoc_6 时长=12.73s 槽宽=0.2547s | 有效槽 文本31/语音50/视觉50
[2026-09-25 13:24:34] [INFO] [对齐] (26/100) -egA8-b7-3M_26 时长=6.03s 槽宽=0.1206s | 有效槽 文本17/语音49/视觉50
[2026-09-25 13:24:34] [INFO] [对齐] (27/100) -egA8-b7-3M_17 时长=7.27s 槽宽=0.1454s | 有效槽 文本19/语音49/视觉50
[2026-09-25 13:24:34] [INFO] [对齐] (28/100) -egA8-b7-3M_18 时长=8.39s 槽宽=0.1677s | 有效槽 文本25/语音50/视觉50
[2026-09-25 13:24:34] [INFO] [对齐] (29/100) -egA8-b7-3M_16 时长=5.54s 槽宽=0.1108s | 有效槽 文本13/语音50/视觉50
[2026-09-25 13:24:34] [INFO] [对齐] (30/100) -egA8-b7-3M_13 时长=4.18s 槽宽=0.0837s | 有效槽 文本14/语音48/视觉50
[2026-09-25 13:24:34] [INFO] [对齐] (31/100) -egA8-b7-3M_1 时长=10.27s 槽宽=0.2053s | 有效槽 文本22/语音50/视觉50
[2026-09-25 13:24:34] [INFO] [对齐] (32/100) -egA8-b7-3M_6 时长=6.26s 槽宽=0.1253s | 有效槽 文本13/语音50/视觉50
[2026-09-25 13:24:34] [INFO] [对齐] (33/100) -egA8-b7-3M_9 时长=5.09s 槽宽=0.1018s | 有效槽 文本12/语音49/视觉50
[2026-09-25 13:24:34] [INFO] [对齐] (34/100) -egA8-b7-3M_20 时长=6.64s 槽宽=0.1329s | 有效槽 文本23/语音49/视觉50
[2026-09-25 13:24:34] [INFO] [对齐] (35/100) -iRBcNs9oI8_3 时长=5.62s 槽宽=0.1124s | 有效槽 文本9/语音49/视觉50
[2026-09-25 13:24:34] [INFO] [对齐] (36/100) -iRBcNs9oI8_7 时长=4.10s 槽宽=0.0821s | 有效槽 文本14/语音49/视觉49
[2026-09-25 13:24:34] [INFO] [对齐] (37/100) -iRBcNs9oI8_6 时长=2.90s 槽宽=0.0581s | 有效槽 文本5/语音49/视觉43
[2026-09-25 13:24:34] [INFO] [对齐] (38/100) -iRBcNs9oI8_9 时长=3.42s 槽宽=0.0683s | 有效槽 文本5/语音50/视觉49
[2026-09-25 13:24:34] [INFO] [对齐] (39/100) -iRBcNs9oI8_8 时长=8.09s 槽宽=0.1619s | 有效槽 文本25/语音50/视觉50
[2026-09-25 13:24:34] [INFO] [对齐] (40/100) -lzEya4AM_4_5 时长=7.67s 槽宽=0.1535s | 有效槽 文本21/语音50/视觉50
[2026-09-25 13:24:34] [INFO] [对齐] (41/100) -lzEya4AM_4_6 时长=14.79s 槽宽=0.2958s | 有效槽 文本46/语音50/视觉50
[2026-09-25 13:24:34] [INFO] [对齐] (42/100) -mJ2ud6oKI8_1 时长=6.10s 槽宽=0.1221s | 有效槽 文本13/语音50/视觉50
[2026-09-25 13:24:34] [INFO] [对齐] (43/100) -mJ2ud6oKI8_2 时长=5.73s 槽宽=0.1146s | 有效槽 文本11/语音50/视觉50
[2026-09-25 13:24:34] [INFO] [对齐] (44/100) -mJ2ud6oKI8_6 时长=2.26s 槽宽=0.0451s | 有效槽 文本5/语音45/视觉34
[2026-09-25 13:24:35] [INFO] [对齐] (45/100) -mJ2ud6oKI8_9 时长=7.03s 槽宽=0.1407s | 有效槽 文本25/语音50/视觉50
[2026-09-25 13:24:35] [INFO] [对齐] (46/100) -mJ2ud6oKI8_8 时长=4.19s 槽宽=0.0838s | 有效槽 文本11/语音50/视觉50
[2026-09-25 13:24:35] [INFO] [对齐] (47/100) -mqbVkbCndg_0 时长=6.47s 槽宽=0.1293s | 有效槽 文本17/语音50/视觉50
[2026-09-25 13:24:35] [INFO] [对齐] (48/100) -t217m2on-s_2 时长=5.69s 槽宽=0.1137s | 有效槽 文本14/语音50/视觉50
[2026-09-25 13:24:35] [INFO] [对齐] (49/100) -t217m2on-s_7 时长=17.18s 槽宽=0.3437s | 有效槽 文本50/语音50/视觉50
[2026-09-25 13:24:35] [INFO] [对齐] (50/100) -tANM6ETl_M_3 时长=6.76s 槽宽=0.1352s | 有效槽 文本27/语音49/视觉50
[2026-09-25 13:24:35] [INFO] [对齐] (51/100) -tPCytz4rww_11 时长=5.47s 槽宽=0.1093s | 有效槽 文本19/语音49/视觉50
[2026-09-25 13:24:35] [INFO] [对齐] (52/100) -tPCytz4rww_10 时长=4.79s 槽宽=0.0958s | 有效槽 文本14/语音49/视觉50
[2026-09-25 13:24:35] [INFO] [对齐] (53/100) -tPCytz4rww_12 时长=11.86s 槽宽=0.2373s | 有效槽 文本28/语音50/视觉50
[2026-09-25 13:24:35] [INFO] [对齐] (54/100) -tPCytz4rww_16 时长=7.21s 槽宽=0.1441s | 有效槽 文本17/语音50/视觉50
[2026-09-25 13:24:35] [INFO] [对齐] (55/100) -tPCytz4rww_18 时长=6.64s 槽宽=0.1329s | 有效槽 文本19/语音50/视觉50
[2026-09-25 13:24:35] [INFO] [对齐] (56/100) -vxjVxOeScU_4 时长=9.13s 槽宽=0.1825s | 有效槽 文本25/语音50/视觉50
[2026-09-25 13:24:35] [INFO] [对齐] (57/100) -wMB_hJL-3o_7 时长=6.04s 槽宽=0.1209s | 有效槽 文本23/语音50/视觉50
[2026-09-25 13:24:35] [INFO] [对齐] (58/100) -wny0OAz3g8_1 时长=6.84s 槽宽=0.1369s | 有效槽 文本26/语音50/视觉50
[2026-09-25 13:24:35] [INFO] [对齐] (59/100) -wny0OAz3g8_0 时长=3.33s 槽宽=0.0667s | 有效槽 文本10/语音49/视觉50
[2026-09-25 13:24:35] [INFO] [对齐] (60/100) -wny0OAz3g8_3 时长=6.15s 槽宽=0.1229s | 有效槽 文本20/语音50/视觉50
[2026-09-25 13:24:35] [INFO] [对齐] (61/100) -wny0OAz3g8_2 时长=6.69s 槽宽=0.1337s | 有效槽 文本27/语音49/视觉50
[2026-09-25 13:24:35] [INFO] [对齐] (62/100) -wny0OAz3g8_5 时长=6.91s 槽宽=0.1382s | 有效槽 文本22/语音49/视觉50
[2026-09-25 13:24:35] [INFO] [对齐] (63/100) -wny0OAz3g8_7 时长=8.07s 槽宽=0.1614s | 有效槽 文本29/语音49/视觉50
[2026-09-25 13:24:35] [INFO] [对齐] (64/100) -wny0OAz3g8_9 时长=6.21s 槽宽=0.1243s | 有效槽 文本22/语音49/视觉50
[2026-09-25 13:24:35] [INFO] [对齐] (65/100) -571d8cVauQ_0 时长=5.07s 槽宽=0.1013s | 有效槽 文本14/语音49/视觉50
[2026-09-25 13:24:35] [INFO] [对齐] (66/100) -571d8cVauQ_5 时长=15.27s 槽宽=0.3055s | 有效槽 文本50/语音50/视觉50
[2026-09-25 13:24:35] [INFO] [对齐] (67/100) -I_e4mIh0yE_1 时长=7.62s 槽宽=0.1524s | 有效槽 文本20/语音49/视觉50
[2026-09-25 13:24:35] [INFO] [对齐] (68/100) -I_e4mIh0yE_3 时长=9.16s 槽宽=0.1833s | 有效槽 文本27/语音49/视觉50
[2026-09-25 13:24:36] [INFO] [对齐] (69/100) -UacrmKiTn4_10 时长=7.36s 槽宽=0.1472s | 有效槽 文本21/语音49/视觉50
[2026-09-25 13:24:36] [INFO] [对齐] (70/100) -UacrmKiTn4_4 时长=4.74s 槽宽=0.0948s | 有效槽 文本15/语音50/视觉50
[2026-09-25 13:24:36] [INFO] [对齐] (71/100) -hnBHBN8p5A_7 时长=7.37s 槽宽=0.1474s | 有效槽 文本16/语音50/视觉50
[2026-09-25 13:24:36] [INFO] [对齐] (72/100) -hnBHBN8p5A_6 时长=6.40s 槽宽=0.1280s | 有效槽 文本14/语音50/视觉50
[2026-09-25 13:24:36] [INFO] [对齐] (73/100) -qDkUB0GgYY_6 时长=4.68s 槽宽=0.0936s | 有效槽 文本18/语音50/视觉50
[2026-09-25 13:24:36] [INFO] [对齐] (74/100) -uywlfIYOS8_4 时长=6.04s 槽宽=0.1209s | 有效槽 文本21/语音49/视觉50
[2026-09-25 13:24:36] [INFO] [对齐] (75/100) -6rXp3zJ3kc_8 时长=12.80s 槽宽=0.2561s | 有效槽 文本36/语音50/视觉50
[2026-09-25 13:24:36] [INFO] [对齐] (76/100) -9y-fZ3swSY_0 时长=6.83s 槽宽=0.1367s | 有效槽 文本27/语音50/视觉50
[2026-09-25 13:24:36] [INFO] [对齐] (77/100) -9y-fZ3swSY_4 时长=2.82s 槽宽=0.0564s | 有效槽 文本10/语音47/视觉41
[2026-09-25 13:24:36] [INFO] [对齐] (78/100) -9y-fZ3swSY_8 时长=4.99s 槽宽=0.0998s | 有效槽 文本13/语音50/视觉50
[2026-09-25 13:24:36] [INFO] [对齐] (79/100) -AUZQgSxyPQ_2 时长=22.51s 槽宽=0.4502s | 有效槽 文本46/语音50/视觉50
[2026-09-25 13:24:36] [INFO] [对齐] (80/100) -HeZS2-Prhc_2 时长=8.26s 槽宽=0.1652s | 有效槽 文本17/语音50/视觉50
[2026-09-25 13:24:36] [INFO] [对齐] (81/100) -MeTTeMJBNc_0 时长=9.30s 槽宽=0.1860s | 有效槽 文本25/语音50/视觉50
[2026-09-25 13:24:36] [INFO] [对齐] (82/100) -MeTTeMJBNc_13 时长=5.43s 槽宽=0.1086s | 有效槽 文本16/语音49/视觉49
[2026-09-25 13:24:36] [INFO] [对齐] (83/100) -MeTTeMJBNc_7 时长=10.52s 槽宽=0.2103s | 有效槽 文本33/语音50/视觉50
[2026-09-25 13:24:36] [INFO] [对齐] (84/100) -RfYyzHpjk4_11 时长=5.24s 槽宽=0.1048s | 有效槽 文本19/语音49/视觉50
[2026-09-25 13:24:36] [INFO] [对齐] (85/100) -RfYyzHpjk4_8 时长=4.59s 槽宽=0.0918s | 有效槽 文本20/语音50/视觉50
[2026-09-25 13:24:36] [INFO] [对齐] (86/100) -RfYyzHpjk4_2 时长=5.52s 槽宽=0.1103s | 有效槽 文本28/语音49/视觉50
[2026-09-25 13:24:36] [INFO] [对齐] (87/100) -UUCSKoHeMA_0 时长=7.80s 槽宽=0.1560s | 有效槽 文本21/语音50/视觉50
[2026-09-25 13:24:36] [INFO] [对齐] (88/100) -ri04Z7vwnc_0 时长=2.81s 槽宽=0.0561s | 有效槽 文本8/语音49/视觉38
[2026-09-25 13:24:36] [INFO] [对齐] (89/100) -ri04Z7vwnc_2 时长=6.03s 槽宽=0.1205s | 有效槽 文本22/语音49/视觉50
[2026-09-25 13:24:36] [INFO] [对齐] (90/100) -ri04Z7vwnc_5 时长=3.54s 槽宽=0.0709s | 有效槽 文本10/语音48/视觉43
[2026-09-25 13:24:36] [INFO] [对齐] (91/100) -s9qJ7ATP7w_1 时长=4.79s 槽宽=0.0958s | 有效槽 文本12/语音48/视觉49
[2026-09-25 13:24:36] [INFO] [对齐] (92/100) -s9qJ7ATP7w_0 时长=6.80s 槽宽=0.1360s | 有效槽 文本28/语音50/视觉50
[2026-09-25 13:24:36] [INFO] [对齐] (93/100) -s9qJ7ATP7w_5 时长=8.56s 槽宽=0.1712s | 有效槽 文本20/语音49/视觉50
[2026-09-25 13:24:36] [INFO] [对齐] (94/100) -s9qJ7ATP7w_4 时长=4.43s 槽宽=0.0885s | 有效槽 文本10/语音48/视觉49
[2026-09-25 13:24:37] [INFO] [对齐] (95/100) -s9qJ7ATP7w_7 时长=6.97s 槽宽=0.1393s | 有效槽 文本35/语音49/视觉50
[2026-09-25 13:24:37] [INFO] [对齐] (96/100) -s9qJ7ATP7w_6 时长=2.48s 槽宽=0.0495s | 有效槽 文本5/语音47/视觉36
[2026-09-25 13:24:37] [INFO] [对齐] (97/100) -s9qJ7ATP7w_8 时长=3.29s 槽宽=0.0659s | 有效槽 文本17/语音48/视觉49
[2026-09-25 13:24:37] [INFO] [对齐] (98/100) -yRb-Jum7EQ_1 时长=29.29s 槽宽=0.5858s | 有效槽 文本50/语音50/视觉50
[2026-09-25 13:24:37] [INFO] [对齐] (99/100) -yRb-Jum7EQ_5 时长=13.17s 槽宽=0.2634s | 有效槽 文本29/语音50/视觉50
[2026-09-25 13:24:37] [INFO] [对齐] (100/100) -yRb-Jum7EQ_6 时长=11.23s 槽宽=0.2245s | 有效槽 文本22/语音50/视觉50
[2026-09-25 13:24:37] [INFO] [对齐] 汇总输出 ...
[2026-09-25 13:24:37] [INFO] [对齐]   D:\23届建模\data\aligned\aligned_50.npz
[2026-09-25 13:24:37] [INFO] [对齐]   D:\23届建模\data\aligned\slot_time_map.csv
[2026-09-25 13:24:37] [INFO] [对齐]   D:\23届建模\data\aligned\align_summary.csv
[2026-09-25 13:24:37] [INFO] [对齐] 完成：成功 100 / 失败 0 / 槽数 50 / 方法 time_bin
[2026-09-25 13:24:37] [INFO] [4/4] 完成：三模态对齐（统一秒轴 → (50,D)）（用时 4.6 s）
[2026-09-25 13:24:37] [INFO] ========================================================================
[2026-09-25 13:24:37] [INFO] 全部完成，总用时 1.0 分钟
[2026-09-25 13:24:37] [INFO] ========================================================================
[2026-09-25 13:25:18] [INFO] [可视化] 中文字体: Microsoft YaHei
[2026-09-25 13:25:20] [INFO] [可视化] 已输出 D:\23届建模\data\timeline\-s9qJ7ATP7w_7_timeline.png
[2026-09-25 13:25:20] [INFO] [可视化] 已输出对应表 D:\23届建模\data\timeline\-s9qJ7ATP7w_7_correspondence.csv
[2026-09-25 13:55:09] [INFO] [数据] 已读取工作表 'label': 100 行
[2026-09-25 13:55:09] [INFO] [数据] 加载标注表: 100 条样本, 列名: ['video_id', 'clip_id', 'text', 'label', 'annotation']
[2026-09-25 13:57:40] [INFO] [数据] 已读取工作表 'label': 100 行
[2026-09-25 13:57:40] [INFO] [数据] 加载标注表: 100 条样本, 列名: ['video_id', 'clip_id', 'text', 'label', 'annotation']
[2026-09-25 13:57:50] [INFO] [数据] 已读取工作表 'label': 100 行
[2026-09-25 13:57:50] [INFO] [数据] 加载标注表: 100 条样本, 列名: ['video_id', 'clip_id', 'text', 'label', 'annotation']
[2026-09-25 13:58:03] [INFO] [数据] 已读取工作表 'label': 100 行
[2026-09-25 13:58:03] [INFO] [数据] 加载标注表: 100 条样本, 列名: ['video_id', 'clip_id', 'text', 'label', 'annotation']
[2026-09-25 13:58:10] [INFO] [数据] 已读取工作表 'label': 100 行
[2026-09-25 13:58:10] [INFO] [数据] 加载标注表: 100 条样本, 列名: ['video_id', 'clip_id', 'text', 'label', 'annotation']
[2026-09-25 14:51:54] [INFO] [数据] 已读取工作表 'label': 100 行
[2026-09-25 14:51:54] [INFO] [数据] 加载标注表: 100 条样本, 列名: ['video_id', 'clip_id', 'text', 'label', 'annotation']
[2026-09-25 14:51:55] [INFO] [交付] 写出 anomaly_ledger.csv（151 行，15 类异常）
[2026-09-25 14:51:55] [INFO] [交付] features_q1 text    拼接完成 (Σ=2191, D=768, float32)
[2026-09-25 14:51:55] [INFO] [交付] features_q1 audio   拼接完成 (Σ=15588, D=74, float32)
[2026-09-25 14:51:55] [INFO] [交付] features_q1 vision  拼接完成 (Σ=11790, D=35, float32)
[2026-09-25 14:51:56] [INFO] [交付] 写出 D:\23届建模\data\q1_delivery\features_q1.npz（11.63 MB）
[2026-09-25 14:51:57] [INFO] [交付] 写出 D:\23届建模\data\q1_delivery\alignment_q1.json（0.76 MB）
[2026-09-25 14:51:57] [INFO] [交付] 写出 D:\23届建模\data\q1_delivery\summary_q1.csv（100 行）
[2026-09-25 14:52:02] [INFO] [交付] 写出 D:\23届建模\data\q1_delivery\extract_config.json（9.8 KB）
[2026-09-25 14:52:03] [INFO] [交付] 写出 D:\23届建模\data\q1_delivery\size_budget.csv
[2026-09-25 14:52:04] [INFO] [可视化] 中文字体: Microsoft YaHei
[2026-09-25 14:52:05] [INFO] [可视化] 已输出 D:\23届建模\data\q1_delivery\figures\-a55Q6RWvTA_3_timeline.png
[2026-09-25 14:52:05] [INFO] [可视化] 已输出对应表 D:\23届建模\data\q1_delivery\correspondence\-a55Q6RWvTA_3_correspondence.csv
[2026-09-25 14:52:06] [INFO] [可视化] 已输出 D:\23届建模\data\q1_delivery\figures\-mJ2ud6oKI8_6_timeline.png
[2026-09-25 14:52:06] [INFO] [可视化] 已输出对应表 D:\23届建模\data\q1_delivery\correspondence\-mJ2ud6oKI8_6_correspondence.csv
[2026-09-25 14:52:08] [INFO] [可视化] 已输出 D:\23届建模\data\q1_delivery\figures\-s9qJ7ATP7w_8_timeline.png
[2026-09-25 14:52:08] [INFO] [可视化] 已输出对应表 D:\23届建模\data\q1_delivery\correspondence\-s9qJ7ATP7w_8_correspondence.csv
[2026-09-25 14:52:10] [INFO] [可视化] 已输出 D:\23届建模\data\q1_delivery\figures\-UuX1xuaiiE_1_timeline.png
[2026-09-25 14:52:10] [INFO] [可视化] 已输出对应表 D:\23届建模\data\q1_delivery\correspondence\-UuX1xuaiiE_1_correspondence.csv
[2026-09-25 14:52:11] [INFO] [可视化] 已输出 D:\23届建模\data\q1_delivery\figures\-ri04Z7vwnc_0_timeline.png
[2026-09-25 14:52:11] [INFO] [可视化] 已输出对应表 D:\23届建模\data\q1_delivery\correspondence\-ri04Z7vwnc_0_correspondence.csv
[2026-09-25 14:52:11] [INFO] [典型] 写出 typical_samples.csv（5 类）
[2026-09-25 14:52:11] [INFO] [交付]   anomaly_ledger.csv                                   0.033 MB
[2026-09-25 14:52:11] [INFO] [交付]   features_q1.npz                                      11.635 MB
[2026-09-25 14:52:11] [INFO] [交付]   alignment_q1.json                                    0.759 MB
[2026-09-25 14:52:11] [INFO] [交付]   summary_q1.csv                                       0.044 MB
[2026-09-25 14:52:11] [INFO] [交付]   extract_config.json                                  0.010 MB
[2026-09-25 14:52:11] [INFO] [交付]   size_budget.csv                                      0.001 MB
[2026-09-25 14:52:11] [INFO] [交付]   typical_samples.csv                                  0.001 MB
[2026-09-25 14:52:11] [INFO] [交付]   figures/-a55Q6RWvTA_3_timeline.png                   0.841 MB
[2026-09-25 14:52:11] [INFO] [交付]   figures/-mJ2ud6oKI8_6_timeline.png                   0.654 MB
[2026-09-25 14:52:11] [INFO] [交付]   figures/-s9qJ7ATP7w_8_timeline.png                   0.648 MB
[2026-09-25 14:52:11] [INFO] [交付]   figures/-UuX1xuaiiE_1_timeline.png                   0.752 MB
[2026-09-25 14:52:11] [INFO] [交付]   figures/-ri04Z7vwnc_0_timeline.png                   0.325 MB
[2026-09-25 14:52:11] [INFO] [交付] 交付物合计 15.70 MB / 上限 50 MB，余量 34.30 MB
[2026-09-25 14:52:11] [INFO] [交付] 完成：12 个交付物，合计 15.70 MB
[2026-09-25 14:52:27] [INFO] [数据] 已读取工作表 'label': 100 行
[2026-09-25 14:52:27] [INFO] [数据] 加载标注表: 100 条样本, 列名: ['video_id', 'clip_id', 'text', 'label', 'annotation']
[2026-09-25 14:52:27] [INFO] [核验] 样本 100 条，开始 12 项机器检查 ...
[2026-09-25 14:52:27] [INFO] [数据] 已读取工作表 'label': 100 行
[2026-09-25 14:52:27] [INFO] [数据] 加载标注表: 100 条样本, 列名: ['video_id', 'clip_id', 'text', 'label', 'annotation']
[2026-09-25 14:52:48] [INFO] [核验] V1   覆盖完整性（双向集合相等）                            通过（检查 100，失败 0）
[2026-09-25 14:52:48] [INFO] [核验] V2   词区间单调且不越出视频范围                            通过（检查 900，失败 0）
[2026-09-25 14:52:48] [INFO] [核验] V3   序列长度与词索引一致                               通过（检查 1403，失败 0）
[2026-09-25 14:52:48] [INFO] [核验] V4   每个音视频聚合值都能找到来源帧                          通过（检查 12626，失败 0）
[2026-09-25 14:52:48] [INFO] [核验] V5   槽几何与可逆映射                                 通过（检查 300，失败 0）
[2026-09-25 14:52:48] [INFO] [核验] V6   填充规则一致性                                  通过（检查 401，失败 0）
[2026-09-25 14:52:48] [INFO] [核验] V7   数值合规（无 NaN/Inf，dtype 正确）                 通过（检查 1200，失败 0）
[2026-09-25 14:52:48] [INFO] [核验] V8   时长口径交叉核对（外部 ffprobe）                     通过（检查 100，失败 0）
[2026-09-25 14:52:48] [INFO] [核验] V9   预训练权重真实性（掩码补全，外部证据）                      通过（检查 2，失败 0）
[2026-09-25 14:52:48] [INFO] [核验] V10  跨样本重复检测                                  通过（检查 300，失败 0）
[2026-09-25 14:52:48] [INFO] [核验] V11  产物新鲜度（对齐晚于特征）                            通过（检查 4，失败 0）
[2026-09-25 14:52:48] [INFO] [核验] V12  异常普查（仅用于标注，不用于删除）                        通过（检查 100，失败 0）
[2026-09-25 14:52:48] [INFO] [核验] 结论：全部通过（12/12 项通过）。报告 D:\23届建模\data\q1_delivery\verify_report.json / D:\23届建模\data\q1_delivery\verify_report.md
[2026-09-25 14:54:34] [INFO] [文档] 写出 D:\23届建模\data\q1_delivery\README_问题一交付与验证.md（706 行，51.0 KB）
[2026-09-25 23:10:26] [INFO] [数据] 已读取工作表 'label': 100 行
[2026-09-25 23:10:26] [INFO] [数据] 加载标注表: 100 条样本, 列名: ['video_id', 'clip_id', 'text', 'label', 'annotation']
[2026-09-25 23:10:26] [INFO] [核验] 样本 100 条，开始 12 项机器检查 ...
[2026-09-25 23:10:26] [INFO] [数据] 已读取工作表 'label': 100 行
[2026-09-25 23:10:26] [INFO] [数据] 加载标注表: 100 条样本, 列名: ['video_id', 'clip_id', 'text', 'label', 'annotation']
[2026-09-25 23:10:49] [INFO] [核验] V1   覆盖完整性（双向集合相等）                            通过（检查 100，失败 0）
[2026-09-25 23:10:49] [INFO] [核验] V2   词区间单调且不越出视频范围                            通过（检查 900，失败 0）
[2026-09-25 23:10:49] [INFO] [核验] V3   序列长度与词索引一致                               通过（检查 1403，失败 0）
[2026-09-25 23:10:49] [INFO] [核验] V4   每个音视频聚合值都能找到来源帧                          通过（检查 12626，失败 0）
[2026-09-25 23:10:49] [INFO] [核验] V5   槽几何与可逆映射                                 通过（检查 300，失败 0）
[2026-09-25 23:10:49] [INFO] [核验] V6   填充规则一致性                                  通过（检查 401，失败 0）
[2026-09-25 23:10:49] [INFO] [核验] V7   数值合规（无 NaN/Inf，dtype 正确）                 通过（检查 1200，失败 0）
[2026-09-25 23:10:49] [INFO] [核验] V8   时长口径交叉核对（外部 ffprobe）                     通过（检查 100，失败 0）
[2026-09-25 23:10:49] [INFO] [核验] V9   预训练权重真实性（掩码补全，外部证据）                      通过（检查 2，失败 0）
[2026-09-25 23:10:49] [INFO] [核验] V10  跨样本重复检测                                  通过（检查 300，失败 0）
[2026-09-25 23:10:49] [INFO] [核验] V11  产物新鲜度（对齐晚于特征）                            通过（检查 4，失败 0）
[2026-09-25 23:10:49] [INFO] [核验] V12  异常普查（仅用于标注，不用于删除）                        通过（检查 100，失败 0）
[2026-09-25 23:10:49] [INFO] [核验] 结论：全部通过（12/12 项通过）。报告 %LOCALAPPDATA%/Temp/q1_reverify\verify_report.json / %LOCALAPPDATA%/Temp/q1_reverify\verify_report.md
